0,0,0,0,0,0,0,0,0,0,0
0.005,0.26691,-0.274544,0.0551894,-0.0166288,0.00911355,-0.00245133,0.00268268,0.000377077,0.0020207,0.00147739
0.01,0.213135,-0.207085,0.0390718,-0.00895132,0.00521375,0.00016565,0.00153116,0.00129092,0.00220439,0.00204993
0.015,0.180377,-0.152815,0.0351041,0.00528806,0.00848584,0.006711,0.0061799,0.00667906,0.0106819,0.00963235
0.02,0.158504,-0.115032,0.0328508,0.0158776,0.0113671,0.0112738,0.0103937,0.0103862,0.0176474,0.0155013
0.025,0.142844,-0.0902042,0.0297842,0.0216765,0.0124675,0.0131748,0.0129717,0.0116839,0.0214312,0.0183874
0.03,0.131058,-0.0741231,0.0257987,0.0238987,0.0121331,0.0130958,0.0141647,0.0112404,0.0226435,0.0190117
0.035,0.121878,-0.0635073,0.0213355,0.023954,0.0109892,0.0118378,0.0144787,0.00983978,0.0222439,0.0183247
0.04,0.114554,-0.0561328,0.0168178,0.0229065,0.00954058,0.0100078,0.0143352,0.00806528,0.0210106,0.0170519
0.045,0.108611,-0.0505907,0.0125301,0.0214419,0.00811461,0.00799882,0.0140172,0.00628172,0.0194661,0.015653
0.05,0.103726,-0.0460254,0.00862774,0.0199597,0.00689509,0.00604082,0.0136922,0.00469025,0.0179247,0.0143847
0.055,0.0996718,-0.0419358,0.00517478,0.018668,0.00596827,0.00425446,0.0134477,0.0033844,0.0165568,0.013369
0.06,0.0962792,-0.0380417,0.00217722,0.0176561,0.00535957,0.00269201,0.0133204,0.00239198,0.0154406,0.0126462
0.065,0.0934206,-0.0341975,-0.000392201,0.016943,0.00505896,0.00136498,0.0133169,0.00170314,0.0145978,0.0122095
0.07,0.0909971,-0.0303379,-0.00257792,0.0165086,0.00503741,0.000261939,0.0134267,0.001288,0.0140178,0.0120278
0.075,0.0889311,-0.0264446,-0.00443139,0.0163127,0.00525705,-0.000640426,0.0136309,0.00110753,0.0136727,0.0120585
0.08,0.0871608,-0.0225254,-0.00600502,0.0163069,0.00567728,-0.00137053,0.0139072,0.00111993,0.0135264,0.0122564
0.085,0.0856364,-0.0186011,-0.00734872,0.0164414,0.00625835,-0.0019579,0.0142331,0.00128434,0.0135407,0.0125772
0.09,0.0843176,-0.0146983,-0.00850811,0.0166686,0.00696326,-0.00243083,0.0145873,0.00156281,0.0136784,0.0129806
0.095,0.0831713,-0.0108442,-0.00952368,0.0169457,0.00775873,-0.00281521,0.0149508,0.00192129,0.013905,0.0134311
0.1,0.0821706,-0.00706445,-0.0104306,0.0172348,0.00861553,-0.0031339,0.0153071,0.00232999,0.0141898,0.0138985
0.105,0.081293,-0.00338154,-0.0112588,0.017504,0.00950853,-0.00340656,0.0156426,0.0027634,0.0145062,0.0143575
0.11,0.08052,0.000185929,-0.0120333,0.0177267,0.0104165,-0.00364971,0.0159461,0.00320004,0.0148316,0.0147877
0.115,0.0798362,0.00362329,-0.0127748,0.0178813,0.0113218,-0.00387689,0.0162089,0.00362223,0.0151474,0.0151732
0.12,0.0792289,0.00691978,-0.0134998,0.0179512,0.01221,-0.00409891,0.0164245,0.00401569,0.0154386,0.0155019
0.125,0.0786874,0.0100683,-0.0142215,0.0179238,0.0130697,-0.00432413,0.0165883,0.00436924,0.0156934,0.0157651
0.13,0.0782028,0.013065,-0.0149497,0.0177903,0.0138921,-0.00455874,0.0166975,0.00467438,0.0159031,0.0159572
0.135,0.077768,0.015909,-0.0156916,0.017545,0.0146703,-0.00480701,0.0167509,0.00492501,0.0160614,0.0160753
0.14,0.0773768,0.0186021,-0.0164521,0.0171853,0.0153999,-0.00507156,0.0167483,0.00511712,0.0161642,0.0161185
0.145,0.0770244,0.0211483,-0.0172338,0.0167109,0.0160777,-0.00535357,0.016691,0.00524852,0.0162097,0.0160879
0.15,0.0767066,0.0235534,-0.0180379,0.0161234,0.0167023,-0.00565305,0.016581,0.00531853,0.0161975,0.015986
0.155,0.0764204,0.0258248,-0.0188638,0.0154264,0.0172733,-0.00596895,0.016421,0.00532785,0.0161286,0.0158168
0.16,0.076163,0.0279714,-0.0197101,0.0146249,0.0177913,-0.00629941,0.0162148,0.00527827,0.0160054,0.0155852
0.165,0.0759324,0.030003,-0.0205739,0.0137249,0.0182579,-0.00664186,0.0159662,0.00517255,0.015831,0.015297
0.17,0.0757271,0.0319301,-0.0214518,0.0127337,0.0186753,-0.00699318,0.0156798,0.00501421,0.0156096,0.0149587
0.175,0.0755459,0.033764,-0.0223394,0.011659,0.0190463,-0.00734983,0.0153603,0.00480742,0.0153459,0.0145772
0.18,0.0753879,0.0355163,-0.0232322,0.0105093,0.0193741,-0.00770796,0.0150129,0.00455686,0.015045,0.0141597
0.185,0.0752527,0.037199,-0.024125,0.00929341,0.0196622,-0.00806348,0.0146428,0.00426762,0.0147126,0.0137136
0.19,0.0751397,0.0388239,-0.0250123,0.0080205,0.0199143,-0.00841218,0.0142552,0.00394505,0.0143545,0.0132465
0.195,0.0750489,0.040403,-0.0258887,0.00669975,0.0201344,-0.00874981,0.0138555,0.00359471,0.0139767,0.0127659
0.2,0.0749802,0.0419482,-0.0267483,0.0053404,0.0203262,-0.00907214,0.0134491,0.00322229,0.0135851,0.0122791
0.205,0.0749337,0.0434708,-0.0275857,0.00395159,0.0204939,-0.00937501,0.0130412,0.0028335,0.0131857,0.0117933
0.21,0.0749094,0.0449819,-0.0283952,0.00254227,0.0206411,-0.00965444,0.012637,0.00243402,0.0127844,0.0113153
0.215,0.0749077,0.0464922,-0.0291713,0.00112109,0.0207717,-0.0099066,0.0122414,0.00202944,0.012387,0.0108518
0.22,0.0749286,0.0480118,-0.029909,-0.000303643,0.020889,-0.0101279,0.0118591,0.00162522,0.0119987,0.010409
0.225,0.0749724,0.04955,-0.0306031,-0.00172404,0.0209965,-0.0103152,0.0114947,0.00122661,0.0116249,0.00999233
0.23,0.0750393,0.0511157,-0.0312492,-0.00313272,0.0210972,-0.0104654,0.0111525,0.000838595,0.0112702,0.00960718
0.235,0.0751294,0.0527167,-0.0318429,-0.00452284,0.0211938,-0.010576,0.0108365,0.000465908,0.0109392,0.00925814
0.24,0.0752429,0.0543603,-0.0323803,-0.00588812,0.0212887,-0.0106447,0.0105501,0.000112946,0.0106358,0.0089493
0.245,0.0753797,0.0560528,-0.0328581,-0.00722295,0.021384,-0.0106699,0.0102968,-0.000216248,0.0103636,0.00868413
0.25,0.0755399,0.0577996,-0.0332732,-0.00852237,0.0214813,-0.01065,0.0100794,-0.000518012,0.0101256,0.00846548
0.255,0.0757233,0.0596052,-0.0336231,-0.00978212,0.0215821,-0.0105843,0.00990035,-0.000789094,0.0099244,0.00829554
0.26,0.0759297,0.0614732,-0.0339058,-0.0109987,0.0216871,-0.0104723,0.00976184,-0.00102667,0.00976205,0.00817587
0.265,0.0761589,0.0634062,-0.0341199,-0.0121692,0.0217968,-0.010314,0.00966552,-0.00122837,0.00964003,0.00810734
0.27,0.0764104,0.0654058,-0.0342645,-0.0132916,0.0219114,-0.0101099,0.00961263,-0.00139227,0.0095593,0.00809017
0.275,0.0766836,0.0674726,-0.0343392,-0.0143647,0.0220304,-0.00986122,0.00960396,-0.00151694,0.00952027,0.00812389
0.28,0.0769781,0.0696064,-0.0343441,-0.0153879,0.0221532,-0.0095693,0.00963989,-0.00160141,0.00952279,0.0082074
0.285,0.077293,0.0718058,-0.0342799,-0.0163613,0.0222785,-0.00923617,0.00972031,-0.00164521,0.00956618,0.00833894
0.29,0.0776275,0.0740687,-0.0341479,-0.017286,0.0224047,-0.0088643,0.00984469,-0.00164834,0.00964921,0.00851613
0.295,0.0779807,0.0763918,-0.0339499,-0.0181635,0.0225299,-0.00845663,0.0100121,-0.00161127,0.00977013,0.00873598
0.3,0.0783515,0.0787711,-0.033688,-0.0189962,0.0226517,-0.00801652,0.010221,-0.00153496,0.0099267,0.00899493
0.305,0.0787387,0.0812018,-0.0333652,-0.0197872,0.0227675,-0.00754778,0.0104697,-0.00142082,0.0101162,0.00928889
0.31,0.0791411,0.0836782,-0.0329846,-0.0205399,0.0228742,-0.00705461,0.0107559,-0.00127069,0.0103354,0.00961325
0.315,0.0795574,0.0861937,-0.03255,-0.0212586,0.0229686,-0.00654158,0.011077,-0.00108686,0.0105808,0.00996296
0.32,0.0799861,0.0887413,-0.0320653,-0.0219481,0.023047,-0.0060136,0.01143,-0.000871986,0.0108483,0.0103325
0.325,0.0804257,0.0913133,-0.0315351,-0.0226135,0.0231057,-0.0054759,0.0118115,-0.000629129,0.0111337,0.0107162
0.33,0.0808746,0.0939014,-0.0309641,-0.0232605,0.0231406,-0.00493394,0.0122178,-0.000361679,0.0114322,0.0111077
0.335,0.0813314,0.0964967,-0.0303574,-0.0238951,0.0231476,-0.00439345,0.0126451,-7.33432e-05,0.011739,0.0115008
0.34,0.0817941,0.0990902,-0.0297203,-0.0245234,0.0231224,-0.00386031,0.013089,0.000231897,0.012049,0.0118888
0.345,0.0822613,0.101672,-0.0290584,-0.0251522,0.0230606,-0.00334053,0.0135452,0.000549822,0.0123568,0.0122651
0.35,0.0827312,0.104234,-0.0283772,-0.0257879,0.0229579,-0.00284022,0.0140089,0.000876013,0.0126572,0.0126231
0.355,0.083202,0.106764,-0.0276826,-0.0264374,0.02281,-0.00236549,0.0144755,0.0012059,0.0129447,0.0129559
0.36,0.083672,0.109254,-0.0269802,-0.0271073,0.0226126,-0.00192245,0.0149401,0.0015348,0.0132138,0.013257
0.365,0.0841396,0.111694,-0.0262758,-0.0278043,0.0223614,-0.00151712,0.0153976,0.00185797,0.0134593,0.0135199
0.37,0.0846031,0.114074,-0.025575,-0.0285348,0.0220526,-0.0011554,0.0158432,0.00217064,0.0136759,0.0137384
0.375,0.0850609,0.116386,-0.0248834,-0.0293051,0.0216823,-0.000842978,0.0162718,0.0024681,0.0138585,0.0139066
0.38,0.0855114,0.118619,-0.0242062,-0.0301212,0.021247,-0.000585319,0.0166786,0.0027457,0.0140023,0.0140189
0.385,0.0859533,0.120767,-0.0235486,-0.0309885,0.0207436,-0.000387585,0.0170589,0.0029989,0.0141028,0.0140702
0.39,0.086385,0.12282,-0.0229154,-0.0319122,0.0201692,-0.00025459,0.017408,0.00322337,0.0141558,0.0140559
0.395,0.0868054,0.124773,-0.0223108,-0.0328968,0.0195213,-0.000190753,0.0177215,0.00341498,0.0141575,0.0139718
0.4,0.0872133,0.126618,-0.0217389,-0.0339461,0.0187979,-0.000200049,0.0179953,0.00356986,0.0141044,0.0138144
0.405,0.0876076,0.12835,-0.0212034,-0.0350636,0.0179975,-0.000285966,0.0182255,0.00368446,0.0139937,0.0135809
0.41,0.0879874,0.129964,-0.0207073,-0.0362518,0.017119,-0.000451465,0.0184085,0.00375557,0.0138231,0.0132691
0.415,0.0883521,0.131457,-0.020253,-0.0375124,0.016162,-0.000698947,0.0185411,0.00378034,0.0135907,0.0128776
0.42,0.0887009,0.132825,-0.0198428,-0.0388467,0.0151264,-0.00103022,0.0186206,0.00375636,0.0132951,0.0124057
0.425,0.0890334,0.134067,-0.0194779,-0.0402547,0.014013,-0.00144648,0.0186446,0.00368165,0.0129359,0.0118534
0.43,0.0893494,0.135182,-0.0191592,-0.0417358,0.0128228,-0.00194827,0.0186111,0.00355468,0.0125129,0.0112215
0.435,0.0896487,0.13617,-0.0188869,-0.0432885,0.0115576,-0.0025355,0.0185185,0.00337443,0.0120267,0.0105117
0.44,0.0899314,0.137034,-0.0186606,-0.0449105,0.0102199,-0.00320741,0.018366,0.00314036,0.0114785,0.00972648
0.445,0.0901976,0.137774,-0.0184794,-0.0465984,0.0088126,-0.00396259,0.018153,0.00285244,0.0108702,0.00886891
0.45,0.0904479,0.138396,-0.0183414,-0.0483481,0.00733927,-0.00479896,0.0178795,0.00251117,0.0102043,0.00794297
0.455,0.0906826,0.138903,-0.0182445,-0.0501547,0.00580402,-0.0057138,0.0175461,0.00211754,0.00948368,0.0069533
0.46,0.0909026,0.139302,-0.0181858,-0.0520124,0.00421151,-0.00670377,0.0171536,0.00167307,0.00871213,0.00590526
0.465,0.0911087,0.139598,-0.0181619,-0.0539146,0.0025669,-0.0077649,0.0167036,0.00117976,0.0078938,0.00480485
0.47,0.0913018,0.139801,-0.0181688,-0.0558542,0.000875853,-0.00889268,0.0161981,0.000640102,0.0070334,0.00365866
0.475,0.0914833,0.139917,-0.0182021,-0.057823,-0.000855526,-0.010082,0.0156395,5.70378e-05,0.00613612,0.00247383
0.48,0.0916542,0.139956,-0.0182567,-0.0598126,-0.00262073,-0.0113274,0.0150307,-0.000566048,0.0052076,0.00125798
0.485,0.091816,0.139928,-0.0183273,-0.0618137,-0.00441291,-0.0126227,0.0143751,-0.00122537,0.00425385,1.91366e-05
0.49,0.0919703,0.139844,-0.0184082,-0.0638169,-0.00622488,-0.0139616,0.0136762,-0.00191677,0.00328122,-0.00123431
0.495,0.0921185,0.139715,-0.0184933,-0.0658122,-0.00804923,-0.0153373,0.0129381,-0.00263577,0.00229632,-0.00249372
0.5,0.0922624,0.139552,-0.0185763,-0.0677892,-0.00987834,-0.0167426,0.0121653,-0.00337757,0.001306,-0.00375026
0.505,0.0924036,0.139367,-0.0186505,-0.0697374,-0.0117045,-0.0181704,0.0113623,-0.00413717,0.00031724,-0.00499498
0.51,0.0925439,0.139172,-0.0187094,-0.0716461,-0.0135198,-0.0196131,0.010534,-0.00490934,-0.000662877,-0.00621891
0.515,0.0926851,0.13898,-0.0187462,-0.0735048,-0.0153165,-0.0210632,0.00968543,-0.00568871,-0.00162725,-0.00741315
0.52,0.092829,0.138801,-0.0187541,-0.0753027,-0.0170867,-0.022513,0.00882188,-0.00646981,-0.00256883,-0.0085689
0.525,0.0929773,0.138649,-0.0187263,-0.0770294,-0.0188229,-0.023955,0.00794858,-0.00724713,-0.00348067,-0.00967763
0.53,0.0931318,0.138535,-0.0186562,-0.0786747,-0.0205175,-0.0253816,0.00707088,-0.00801517,-0.004356,-0.0107311
0.535,0.0932943,0.138471,-0.0185375,-0.0802286,-0.0221633,-0.0267857,0.0061941,-0.00876848,-0.00518828,-0.0117214
0.54,0.0934663,0.138467,-0.0183639,-0.0816817,-0.0237532,-0.02816,0.00532352,-0.00950172,-0.00597129,-0.012641
0.545,0.0936494,0.138533,-0.0181296,-0.0830251,-0.0252809,-0.0294977,0.00446429,-0.0102097,-0.00669916,-0.0134832
0.55,0.0938451,0.138681,-0.017829,-0.0842504,-0.0267399,-0.0307924,0.00362142,-0.0108876,-0.00736642,-0.0142416
0.555,0.0940549,0.138918,-0.017457,-0.0853498,-0.0281247,-0.032038,0.00279974,-0.0115305,-0.00796809,-0.0149104
0.56,0.0942798,0.139253,-0.017009,-0.0863165,-0.0294298,-0.0332287,0.0020038,-0.0121342,-0.00849968,-0.0154846
0.565,0.0945212,0.139693,-0.0164809,-0.0871443,-0.0306508,-0.0343596,0.0012379,-0.0126945,-0.00895727,-0.0159601
0.57,0.0947799,0.140245,-0.0158692,-0.0878278,-0.0317833,-0.0354259,0.000505989,-0.0132078,-0.00933752,-0.0163332
0.575,0.0950567,0.140913,-0.0151708,-0.0883627,-0.0328239,-0.0364236,-0.000188311,-0.013671,-0.00963772,-0.0166013
0.58,0.0953525,0.141703,-0.0143834,-0.0887455,-0.0337697,-0.0373493,-0.000841783,-0.0140811,-0.00985579,-0.0167626
0.585,0.0956676,0.142618,-0.0135053,-0.0889738,-0.0346184,-0.0382,-0.00145162,-0.0144359,-0.00999032,-0.0168159
0.59,0.0960025,0.143659,-0.0125356,-0.0890459,-0.0353684,-0.0389736,-0.00201543,-0.0147335,-0.0100406,-0.0167612
0.595,0.0963573,0.144828,-0.0114738,-0.0889615,-0.0360187,-0.0396685,-0.00253132,-0.0149727,-0.0100065,-0.016599
0.6,0.0967319,0.146124,-0.0103204,-0.0887209,-0.036569,-0.0402838,-0.0029978,-0.0151526,-0.00988875,-0.0163308
0.605,0.0971264,0.147546,-0.00907627,-0.0883257,-0.0370197,-0.0408191,-0.0034139,-0.0152731,-0.00968859,-0.015959
0.61,0.0975402,0.149091,-0.00774316,-0.0877782,-0.0373716,-0.0412749,-0.0037791,-0.0153343,-0.00940798,-0.0154865
0.615,0.097973,0.150757,-0.00632342,-0.0870819,-0.0376264,-0.041652,-0.00409336,-0.015337,-0.00904951,-0.0149174
0.62,0.0984241,0.152537,-0.00482004,-0.0862411,-0.0377862,-0.0419521,-0.00435711,-0.0152827,-0.00861638,-0.014256
0.625,0.0988927,0.154428,-0.0032366,-0.0852608,-0.0378537,-0.0421772,-0.00457123,-0.0151731,-0.00811236,-0.0135077
0.63,0.0993778,0.156422,-0.00157727,-0.084147,-0.0378321,-0.0423301,-0.00473703,-0.0150104,-0.00754177,-0.0126782
0.635,0.0998785,0.158512,0.000153259,-0.0829065,-0.0377251,-0.0424138,-0.00485625,-0.0147974,-0.00690941,-0.011774
0.64,0.100394,0.160689,0.00194979,-0.0815466,-0.0375368,-0.042432,-0.004931,-0.0145373,-0.00622055,-0.0108019
0.645,0.100922,0.162945,0.00380671,-0.0800752,-0.0372716,-0.0423886,-0.00496378,-0.0142335,-0.00548084,-0.00976929
0.65,0.101461,0.16527,0.005718,-0.0785008,-0.0369344,-0.0422881,-0.00495739,-0.0138901,-0.0046963,-0.0086838
0.655,0.102012,0.167654,0.00767731,-0.0768325,-0.0365302,-0.0421351,-0.00491495,-0.0135112,-0.0038732,-0.00755339
0.66,0.10257,0.170087,0.00967803,-0.0750796,-0.0360644,-0.0419345,-0.00483983,-0.0131013,-0.00301808,-0.00638624
0.665,0.103137,0.172558,0.0117133,-0.0732516,-0.0355425,-0.0416914,-0.0047356,-0.0126651,-0.00213762,-0.00519066
0.67,0.103709,0.175055,0.0137762,-0.0713583,-0.03497,-0.0414111,-0.00460602,-0.0122075,-0.00123863,-0.00397503
0.675,0.104285,0.177567,0.0158597,-0.0694096,-0.0343525,-0.041099,-0.00445498,-0.0117335,-0.000327943,-0.00274772
0.68,0.104863,0.180084,0.0179566,-0.0674154,-0.0336957,-0.0407603,-0.00428646,-0.0112482,0.000587593,-0.00151701
0.685,0.105443,0.182593,0.0200599,-0.0653857,-0.0330052,-0.0404004,-0.00410449,-0.0107566,0.00150122,-0.000291062
0.69,0.106023,0.185085,0.0221626,-0.06333,-0.0322866,-0.0400246,-0.00391308,-0.010264,0.00240629,0.000922209
0.695,0.1066,0.187548,0.0242579,-0.061258,-0.031545,-0.039638,-0.00371623,-0.00977529,0.00329634,0.00211514
0.7,0.107174,0.189971,0.0263393,-0.0591788,-0.0307858,-0.0392454,-0.00351783,-0.00929547,0.00416516,0.00328042
0.705,0.107744,0.192346,0.0284002,-0.0571013,-0.0300139,-0.0388516,-0.00332168,-0.00882932,0.00500678,0.0044111
0.71,0.108307,0.194662,0.0304348,-0.055034,-0.0292338,-0.0384611,-0.0031314,-0.00838143,0.00581558,0.00550067
0.715,0.108864,0.196911,0.0324372,-0.0529848,-0.0284501,-0.038078,-0.00295044,-0.00795616,0.00658629,0.00654308
0.72,0.109412,0.199084,0.0344021,-0.0509612,-0.0276669,-0.0377061,-0.00278203,-0.00755762,0.00731401,0.00753281
0.725,0.109951,0.201175,0.0363246,-0.0489701,-0.0268878,-0.0373489,-0.00262913,-0.00718961,0.0079943,0.00846484
0.73,0.110481,0.203176,0.0382001,-0.047018,-0.0261162,-0.0370095,-0.00249447,-0.00685563,0.00862312,0.0093347
0.735,0.110999,0.20508,0.0400246,-0.0451106,-0.0253552,-0.0366905,-0.00238046,-0.00655884,0.00919692,0.0101385
0.74,0.111507,0.206884,0.0417945,-0.0432531,-0.0246074,-0.0363943,-0.00228922,-0.00630203,0.0097126,0.0108729
0.745,0.112002,0.208583,0.0435066,-0.0414499,-0.0238752,-0.0361229,-0.00222256,-0.00608764,0.0101675,0.0115352
0.75,0.112486,0.210172,0.0451582,-0.0397051,-0.0231605,-0.0358776,-0.00218196,-0.00591771,0.0105596,0.0121232
0.755,0.112956,0.21165,0.0467472,-0.0380219,-0.0224648,-0.0356597,-0.00216859,-0.00579392,0.0108871,0.0126352
0.76,0.113415,0.213013,0.0482718,-0.0364032,-0.0217895,-0.0354699,-0.00218329,-0.00571756,0.0111489,0.0130701
0.765,0.11386,0.214262,0.0497307,-0.0348509,-0.0211353,-0.0353085,-0.00222659,-0.00568955,0.0113441,0.0134274
0.77,0.114293,0.215394,0.051123,-0.0333669,-0.020503,-0.0351756,-0.0022987,-0.00571045,0.0114725,0.0137069
0.775,0.114713,0.216411,0.0524483,-0.031952,-0.0198928,-0.0350709,-0.00239954,-0.00578045,0.0115341,0.0139089
0.78,0.11512,0.217312,0.0537066,-0.0306071,-0.0193049,-0.0349938,-0.00252877,-0.0058994,0.0115293,0.0140343
0.785,0.115516,0.2181,0.054898,-0.0293322,-0.018739,-0.0349434,-0.00268577,-0.00606687,0.0114591,0.0140842
0.79,0.1159,0.218776,0.0560233,-0.0281272,-0.0181949,-0.0349187,-0.00286969,-0.00628208,0.0113245,0.01406
0.795,0.116272,0.219343,0.0570832,-0.0269915,-0.017672,-0.0349184,-0.00307945,-0.00654401,0.0111269,0.0139637
0.8,0.116633,0.219802,0.0580791,-0.0259242,-0.0171697,-0.034941,-0.0033138,-0.00685139,0.0108681,0.0137971
0.805,0.116984,0.220159,0.0590122,-0.0249241,-0.0166871,-0.0349849,-0.0035713,-0.00720272,0.0105499,0.0135626
0.81,0.117325,0.220415,0.0598843,-0.02399,-0.0162235,-0.0350484,-0.0038504,-0.0075963,0.0101744,0.0132626
0.815,0.117656,0.220575,0.060697,-0.0231202,-0.0157779,-0.0351299,-0.0041494,-0.00803029,0.00974401,0.0128998
0.82,0.117979,0.220643,0.0614523,-0.022313,-0.0153495,-0.0352274,-0.00446656,-0.0085027,0.00926097,0.0124768
0.825,0.118293,0.220622,0.0621522,-0.0215668,-0.0149372,-0.0353392,-0.00480005,-0.00901142,0.0087278,0.0119963
0.83,0.1186,0.220517,0.0627987,-0.0208796,-0.0145402,-0.0354635,-0.00514801,-0.00955429,0.00814703,0.0114611
0.835,0.1189,0.220332,0.063394,-0.0202496,-0.0141577,-0.0355987,-0.00550859,-0.0101291,0.00752124,0.0108741
0.84,0.119193,0.220071,0.0639403,-0.019675,-0.0137889,-0.0357431,-0.00587993,-0.0107335,0.00685301,0.0102379
0.845,0.11948,0.219738,0.0644396,-0.0191539,-0.013433,-0.0358952,-0.00626024,-0.0113653,0.00614489,0.00955527
0.85,0.119762,0.219338,0.0648941,-0.0186845,-0.0130895,-0.0360535,-0.00664775,-0.0120222,0.00539944,0.00882886
0.855,0.120039,0.218874,0.0653059,-0.0182652,-0.0127579,-0.0362168,-0.00704079,-0.012702,0.00461911,0.00806121
0.86,0.120312,0.21835,0.065677,-0.0178943,-0.0124378,-0.0363839,-0.00743778,-0.0134026,0.00380633,0.00725475
0.865,0.12058,0.217771,0.0660093,-0.0175704,-0.0121289,-0.0365538,-0.00783723,-0.0141218,0.00296341,0.00641181
0.87,0.120845,0.217138,0.0663049,-0.017292,-0.011831,-0.0367258,-0.00823778,-0.0148576,0.0020926,0.00553461
0.875,0.121107,0.216457,0.0665654,-0.0170578,-0.0115442,-0.0368991,-0.00863817,-0.0156082,0.00119605,0.00462525
0.88,0.121366,0.21573,0.0667927,-0.0168667,-0.0112685,-0.0370733,-0.00903728,-0.0163716,0.000275789,0.00368571
0.885,0.121622,0.214959,0.0669883,-0.0167175,-0.011004,-0.0372479,-0.00943413,-0.0171461,-0.000666237,0.00271786
0.89,0.121876,0.214148,0.0671538,-0.0166093,-0.0107511,-0.0374228,-0.00982784,-0.0179302,-0.00162819,0.00172343
0.895,0.122128,0.2133,0.0672907,-0.0165411,-0.01051,-0.0375979,-0.0102177,-0.0187223,-0.00260832,0.000704095
0.9,0.122378,0.212417,0.0674005,-0.0165121,-0.0102813,-0.0377732,-0.0106031,-0.019521,-0.00360498,-0.000338593
0.905,0.122626,0.211501,0.0674844,-0.0165215,-0.0100653,-0.037949,-0.0109835,-0.020325,-0.00461661,-0.00140315
0.91,0.122873,0.210555,0.0675438,-0.0165686,-0.0098627,-0.0381255,-0.0113586,-0.021133,-0.00564172,-0.00248816
0.915,0.123118,0.20958,0.0675798,-0.0166527,-0.00967391,-0.0383031,-0.0117281,-0.0219441,-0.00667888,-0.00359226
0.92,0.123362,0.20858,0.0675937,-0.016773,-0.00949953,-0.0384821,-0.0120919,-0.022757,-0.00772673,-0.00471412
0.925,0.123605,0.207554,0.0675867,-0.0169288,-0.00934011,-0.0386631,-0.0124498,-0.023571,-0.00878395,-0.00585245
0.93,0.123846,0.206507,0.0675599,-0.0171194,-0.00919618,-0.0388466,-0.0128018,-0.024385,-0.00984928,-0.00700596
0.935,0.124087,0.205439,0.0675145,-0.0173439,-0.00906822,-0.0390331,-0.013148,-0.0251982,-0.0109214,-0.00817335
0.94,0.124326,0.204352,0.0674515,-0.0176014,-0.00895667,-0.0392231,-0.0134884,-0.0260099,-0.0119992,-0.0093533
0.945,0.124565,0.203249,0.0673723,-0.0178911,-0.00886189,-0.039417,-0.0138233,-0.0268194,-0.0130814,-0.0105445
0.95,0.124802,0.202131,0.0672779,-0.0182118,-0.00878415,-0.0396155,-0.0141526,-0.0276258,-0.0141666,-0.0117455
0.955,0.125039,0.201,0.0671697,-0.0185624,-0.00872364,-0.0398189,-0.0144766,-0.0284284,-0.0152538,-0.012955
0.96,0.125275,0.199858,0.0670489,-0.0189415,-0.00868046,-0.0400275,-0.0147955,-0.0292267,-0.0163415,-0.0141714
0.965,0.125511,0.198708,0.0669167,-0.0193478,-0.00865456,-0.0402416,-0.0151094,-0.0300198,-0.0174286,-0.0153931
0.97,0.125746,0.197551,0.0667747,-0.0197798,-0.00864581,-0.0404615,-0.0154183,-0.0308071,-0.0185136,-0.0166187
0.975,0.125981,0.196389,0.0666242,-0.0202356,-0.00865392,-0.0406872,-0.0157224,-0.0315878,-0.0195952,-0.0178463
0.98,0.126216,0.195225,0.0664668,-0.0207135,-0.0086785,-0.0409187,-0.0160218,-0.0323613,-0.0206721,-0.0190743
0.985,0.12645,0.194062,0.0663039,-0.0212114,-0.00871901,-0.0411559,-0.0163165,-0.0331266,-0.0217427,-0.0203009
0.99,0.126685,0.192901,0.0661373,-0.0217273,-0.00877481,-0.0413987,-0.0166063,-0.0338832,-0.0228055,-0.0215241
0.995,0.12692,0.191746,0.0659685,-0.0222589,-0.00884511,-0.0416467,-0.0168912,-0.03463,-0.0238592,-0.022742
1,0.127155,0.190598,0.0657994,-0.0228037,-0.00892901,-0.0418995,-0.0171712,-0.0353664,-0.024902,-0.0239526
1.005,0.127392,0.189462,0.0656316,-0.0233594,-0.00902549,-0.0421566,-0.0174458,-0.0360913,-0.0259325,-0.025154
1.01,0.127629,0.188338,0.0654671,-0.0239232,-0.00913342,-0.0424174,-0.017715,-0.036804,-0.0269491,-0.026344
1.015,0.127868,0.187231,0.0653076,-0.0244925,-0.00925159,-0.0426811,-0.0179783,-0.0375034,-0.0279501,-0.0275206
1.02,0.128108,0.186143,0.0651551,-0.0250644,-0.00937868,-0.042947,-0.0182355,-0.0381887,-0.0289339,-0.0286817
1.025,0.12835,0.185077,0.0650114,-0.0256363,-0.0095133,-0.0432142,-0.018486,-0.0388588,-0.029899,-0.0298253
1.03,0.128594,0.184036,0.0648784,-0.0262051,-0.00965399,-0.0434817,-0.0187295,-0.0395128,-0.0308437,-0.0309491
1.035,0.12884,0.183022,0.064758,-0.0267679,-0.00979925,-0.0437486,-0.0189654,-0.0401497,-0.0317665,-0.0320513
1.04,0.12909,0.182038,0.0646521,-0.027322,-0.00994754,-0.0440138,-0.0191931,-0.0407686,-0.0326659,-0.0331299
1.045,0.129342,0.181088,0.0645626,-0.0278643,-0.0100973,-0.0442763,-0.0194123,-0.0413685,-0.0335404,-0.0341828
1.05,0.129598,0.180173,0.0644911,-0.028392,-0.0102469,-0.044535,-0.0196222,-0.0419484,-0.0343885,-0.0352083
1.055,0.129857,0.179296,0.0644395,-0.0289023,-0.0103947,-0.0447887,-0.0198223,-0.0425076,-0.0352089,-0.0362047
1.06,0.13012,0.17846,0.0644094,-0.0293925,-0.0105393,-0.0450364,-0.020012,-0.043045,-0.0360003,-0.0371701
1.065,0.130387,0.177666,0.0644024,-0.0298599,-0.010679,-0.045277,-0.0201907,-0.0435598,-0.0367615,-0.0381031
1.07,0.130659,0.176918,0.0644201,-0.030302,-0.0108123,-0.0455094,-0.020358,-0.0440514,-0.0374914,-0.0390023
1.075,0.130935,0.176216,0.0644637,-0.0307163,-0.0109378,-0.0457326,-0.0205131,-0.0445189,-0.0381891,-0.0398662
1.08,0.131217,0.175563,0.0645347,-0.0311006,-0.011054,-0.0459456,-0.0206557,-0.0449618,-0.0388535,-0.0406938
1.085,0.131503,0.17496,0.0646342,-0.0314528,-0.0111597,-0.0461475,-0.0207853,-0.0453794,-0.0394841,-0.0414841
1.09,0.131794,0.174409,0.0647632,-0.0317709,-0.0112536,-0.0463375,-0.0209014,-0.0457713,-0.04008,-0.0422361
1.095,0.132091,0.173911,0.0649227,-0.032053,-0.0113344,-0.0465147,-0.0210036,-0.046137,-0.0406408,-0.0429491
1.1,0.132393,0.173467,0.0651136,-0.0322975,-0.0114011,-0.0466785,-0.0210917,-0.0464763,-0.041166,-0.0436225
1.105,0.132701,0.173077,0.0653363,-0.0325031,-0.0114527,-0.0468281,-0.0211653,-0.0467888,-0.0416554,-0.0442559
1.11,0.133014,0.172742,0.0655916,-0.0326683,-0.0114883,-0.0469631,-0.0212242,-0.0470745,-0.0421089,-0.0448492
1.115,0.133333,0.172463,0.0658798,-0.0327923,-0.0115071,-0.0470829,-0.0212682,-0.0473332,-0.0425264,-0.045402
1.12,0.133658,0.17224,0.066201,-0.032874,-0.0115084,-0.0471872,-0.0212974,-0.0475651,-0.0429079,-0.0459146
1.125,0.133988,0.172072,0.0665556,-0.0329128,-0.0114916,-0.0472757,-0.0213116,-0.0477702,-0.0432539,-0.046387
1.13,0.134324,0.171959,0.0669433,-0.0329081,-0.0114561,-0.0473481,-0.0213109,-0.0479487,-0.0435645,-0.0468196
1.135,0.134665,0.171902,0.0673642,-0.0328597,-0.0114016,-0.0474043,-0.0212953,-0.0481011,-0.0438402,-0.0472129
1.14,0.135011,0.171898,0.0678179,-0.0327673,-0.0113278,-0.0474443,-0.0212651,-0.0482275,-0.0440817,-0.0475674
1.145,0.135363,0.171948,0.068304,-0.0326311,-0.0112343,-0.047468,-0.0212204,-0.0483285,-0.0442894,-0.0478837
1.15,0.13572,0.17205,0.0688221,-0.032451,-0.0111212,-0.0474757,-0.0211615,-0.0484047,-0.0444643,-0.0481628
1.155,0.136081,0.172203,0.0693716,-0.0322276,-0.0109882,-0.0474673,-0.0210888,-0.0484567,-0.0446071,-0.0484054
1.16,0.136447,0.172407,0.0699517,-0.0319611,-0.0108354,-0.0474431,-0.0210025,-0.048485,-0.0447186,-0.0486126
1.165,0.136818,0.172659,0.0705617,-0.0316521,-0.0106629,-0.0474034,-0.0209031,-0.0484905,-0.0448,-0.0487854
1.17,0.137193,0.172958,0.0712008,-0.0313014,-0.0104708,-0.0473485,-0.020791,-0.0484739,-0.0448522,-0.0489249
1.175,0.137572,0.173302,0.071868,-0.0309098,-0.0102593,-0.0472787,-0.0206667,-0.048436,-0.0448763,-0.0490323
1.18,0.137954,0.173691,0.0725623,-0.0304781,-0.0100286,-0.0471945,-0.0205307,-0.0483776,-0.0448734,-0.0491088
1.185,0.13834,0.174121,0.0732827,-0.0300073,-0.00977899,-0.0470962,-0.0203834,-0.0482998,-0.0448446,-0.0491556
1.19,0.13873,0.174592,0.0740282,-0.0294985,-0.0095108,-0.0469842,-0.0202255,-0.0482032,-0.0447912,-0.049174
1.195,0.139122,0.175102,0.0747976,-0.0289527,-0.00922437,-0.046859,-0.0200574,-0.048089,-0.0447142,-0.0491653
1.2,0.139517,0.175648,0.0755898,-0.028371,-0.00892006,-0.0467211,-0.0198797,-0.0479579,-0.044615,-0.0491308
1.205,0.139914,0.176229,0.0764036,-0.0277548,-0.00859825,-0.0465708,-0.019693,-0.047811,-0.0444946,-0.0490718
1.21,0.140314,0.176843,0.0772379,-0.0271052,-0.00825935,-0.0464087,-0.0194977,-0.0476491,-0.0443543,-0.0489895
1.215,0.140715,0.177489,0.0780915,-0.0264234,-0.00790377,-0.0462352,-0.0192943,-0.0474732,-0.0441952,-0.0488853
1.22,0.141118,0.178164,0.0789632,-0.0257107,-0.00753193,-0.0460508,-0.0190835,-0.0472841,-0.0440186,-0.0487604
1.225,0.141522,0.178866,0.0798519,-0.0249685,-0.00714427,-0.0458558,-0.0188657,-0.0470828,-0.0438254,-0.048616
1.23,0.141927,0.179595,0.0807565,-0.0241978,-0.0067412,-0.0456506,-0.0186413,-0.0468702,-0.043617,-0.0484534
1.235,0.142334,0.180347,0.0816757,-0.0234002,-0.00632316,-0.0454358,-0.0184109,-0.0466469,-0.0433943,-0.0482737
1.24,0.142741,0.181122,0.0826086,-0.0225767,-0.00589059,-0.0452115,-0.0181748,-0.046414,-0.0431584,-0.0480781
1.245,0.143148,0.181918,0.0835539,-0.0217287,-0.00544391,-0.0449784,-0.0179334,-0.0461721,-0.0429103,-0.0478677
1.25,0.143556,0.182733,0.0845107,-0.0208575,-0.00498356,-0.0447365,-0.0176872,-0.0459221,-0.0426511,-0.0476436
1.255,0.143963,0.183566,0.0854778,-0.0199642,-0.00450997,-0.0444864,-0.0174366,-0.0456646,-0.0423816,-0.047407
1.26,0.144371,0.184415,0.0864543,-0.0190501,-0.00402357,-0.0442282,-0.0171817,-0.0454003,-0.0421029,-0.0471587
1.265,0.144778,0.185279,0.0874392,-0.0181165,-0.00352479,-0.0439623,-0.0169231,-0.04513,-0.0418158,-0.0468998
1.27,0.145184,0.186156,0.0884315,-0.0171646,-0.00301407,-0.0436891,-0.0166609,-0.0448542,-0.0415212,-0.0466313
1.275,0.14559,0.187046,0.0894302,-0.0161955,-0.00249185,-0.0434087,-0.0163954,-0.0445736,-0.04122,-0.0463541
1.28,0.145995,0.187945,0.0904344,-0.0152105,-0.00195857,-0.0431214,-0.0161269,-0.0442887,-0.0409129,-0.0460692
1.285,0.146399,0.188855,0.0914432,-0.0142108,-0.00141469,-0.0428275,-0.0158555,-0.0440001,-0.0406007,-0.0457775
1.29,0.146802,0.189772,0.0924558,-0.0131975,-0.000860669,-0.0425273,-0.0155817,-0.0437083,-0.0402843,-0.0454798
1.295,0.147204,0.190697,0.0934713,-0.0121718,-0.000296977,-0.042221,-0.0153054,-0.0434138,-0.0399643,-0.045177
1.3,0.147604,0.191627,0.0944889,-0.0111349,0.000275901,-0.0419089,-0.015027,-0.0431172,-0.0396414,-0.0448699
1.305,0.148002,0.192562,0.0955076,-0.0100879,0.000857469,-0.0415913,-0.0147466,-0.0428188,-0.0393164,-0.0445594
1.31,0.148399,0.193501,0.0965268,-0.00903206,0.00144722,-0.0412684,-0.0144644,-0.0425191,-0.0389899,-0.0442463
1.315,0.148794,0.194441,0.0975456,-0.00796851,0.00204462,-0.0409405,-0.0141806,-0.0422186,-0.0386626,-0.0439314
1.32,0.149188,0.195383,0.0985633,-0.00689842,0.00264914,-0.0406079,-0.0138953,-0.0419177,-0.0383351,-0.0436155
1.325,0.149579,0.196326,0.0995791,-0.00582295,0.00326021,-0.0402709,-0.0136087,-0.0416167,-0.0380082,-0.0432993
1.33,0.149968,0.197267,0.100592,-0.00474326,0.00387728,-0.0399299,-0.0133211,-0.0413162,-0.0376823,-0.0429837
1.335,0.150355,0.198206,0.101602,-0.00366051,0.00449975,-0.0395852,-0.0130325,-0.0410163,-0.0373581,-0.0426693
1.34,0.150739,0.199143,0.102608,-0.00257586,0.00512702,-0.039237,-0.0127432,-0.0407176,-0.0370361,-0.042357
1.345,0.151121,0.200076,0.103609,-0.00149046,0.00575849,-0.0388859,-0.0124533,-0.0404204,-0.0367171,-0.0420475
1.35,0.151501,0.201003,0.104604,-0.000405451,0.00639353,-0.0385321,-0.0121631,-0.0401251,-0.0364015,-0.0417414
1.355,0.151877,0.201925,0.105593,0.000678032,0.00703151,-0.038176,-0.0118727,-0.039832,-0.0360898,-0.0414395
1.36,0.152252,0.20284,0.106575,0.00175887,0.00767179,-0.0378181,-0.0115824,-0.0395414,-0.0357827,-0.0411425
1.365,0.152623,0.203747,0.10755,0.00283596,0.00831374,-0.0374587,-0.0112924,-0.0392537,-0.0354805,-0.0408509
1.37,0.152991,0.204646,0.108517,0.00390822,0.0089567,-0.0370983,-0.0110028,-0.0389693,-0.0351839,-0.0405656
1.375,0.153356,0.205535,0.109475,0.0049746,0.00960003,-0.0367372,-0.0107138,-0.0386884,-0.0348933,-0.040287
1.38,0.153718,0.206414,0.110424,0.00603405,0.0102431,-0.0363759,-0.0104259,-0.0384114,-0.0346091,-0.0400158
1.385,0.154077,0.207281,0.111363,0.00708559,0.0108853,-0.0360148,-0.010139,-0.0381385,-0.0343319,-0.0397525
1.39,0.154433,0.208137,0.112291,0.00812824,0.0115259,-0.0356543,-0.00985349,-0.0378701,-0.0340619,-0.0394977
1.395,0.154785,0.20898,0.113209,0.0091611,0.0121644,-0.0352949,-0.00956957,-0.0376064,-0.0337995,-0.0392518
1.4,0.155134,0.20981,0.114116,0.0101833,0.0128002,-0.0349369,-0.00928745,-0.0373476,-0.0335452,-0.0390152
1.405,0.155479,0.210626,0.11501,0.0111939,0.0134327,-0.0345808,-0.00900735,-0.0370941,-0.0332991,-0.0387885
1.41,0.155821,0.211427,0.115893,0.0121923,0.0140614,-0.0342268,-0.00872947,-0.036846,-0.0330617,-0.0385719
1.415,0.156159,0.212214,0.116763,0.0131776,0.0146857,-0.0338755,-0.00845403,-0.0366035,-0.0328331,-0.0383657
1.42,0.156494,0.212985,0.117621,0.0141493,0.0153051,-0.0335271,-0.0081812,-0.0363668,-0.0326136,-0.0381703
1.425,0.156825,0.21374,0.118465,0.0151066,0.0159192,-0.033182,-0.00791118,-0.0361361,-0.0324033,-0.0379858
1.43,0.157152,0.214479,0.119296,0.0160491,0.0165276,-0.0328404,-0.00764413,-0.0359115,-0.0322023,-0.0378125
1.435,0.157476,0.215202,0.120114,0.0169763,0.0171297,-0.0325026,-0.0073802,-0.035693,-0.0320108,-0.0376505
1.44,0.157796,0.215909,0.120918,0.0178878,0.0177253,-0.032169,-0.00711953,-0.0354809,-0.0318288,-0.0374997
1.445,0.158112,0.216598,0.121709,0.0187831,0.018314,-0.0318397,-0.00686225,-0.0352751,-0.0316563,-0.0373603
1.45,0.158424,0.217271,0.122486,0.0196621,0.0188956,-0.031515,-0.00660845,-0.0350756,-0.0314933,-0.0372323
1.455,0.158733,0.217928,0.123249,0.0205245,0.0194697,-0.0311949,-0.00635823,-0.0348825,-0.0313397,-0.0371155
1.46,0.159038,0.218567,0.123998,0.0213702,0.0200361,-0.0308797,-0.00611165,-0.0346958,-0.0311955,-0.0370098
1.465,0.15934,0.219191,0.124734,0.0221991,0.0205948,-0.0305695,-0.00586876,-0.0345153,-0.0310604,-0.0369151
1.47,0.159638,0.219798,0.125456,0.0230112,0.0211454,-0.0302642,-0.00562959,-0.0343411,-0.0309344,-0.0368311
1.475,0.159932,0.220389,0.126166,0.0238064,0.0216879,-0.0299641,-0.00539415,-0.034173,-0.0308172,-0.0367576
1.48,0.160224,0.220964,0.126862,0.024585,0.0222222,-0.0296692,-0.00516244,-0.0340108,-0.0307085,-0.0366943
1.485,0.160511,0.221524,0.127545,0.0253471,0.0227483,-0.0293793,-0.00493442,-0.0338545,-0.0306081,-0.0366409
1.49,0.160796,0.22207,0.128216,0.0260928,0.0232662,-0.0290946,-0.00471006,-0.0337038,-0.0305157,-0.036597
1.495,0.161077,0.222601,0.128874,0.0268224,0.0237758,-0.0288149,-0.00448929,-0.0335586,-0.030431,-0.0365622
1.5,0.161355,0.223118,0.12952,0.0275363,0.0242773,-0.0285403,-0.00427205,-0.0334187,-0.0303536,-0.0365361
1.505,0.16163,0.223622,0.130155,0.0282348,0.0247706,-0.0282705,-0.00405823,-0.0332837,-0.0302832,-0.0365183
1.51,0.161902,0.224113,0.130779,0.0289183,0.0252559,-0.0280056,-0.00384775,-0.0331536,-0.0302193,-0.0365082
1.515,0.162171,0.224592,0.131392,0.0295871,0.0257332,-0.0277454,-0.0036405,-0.033028,-0.0301617,-0.0365055
1.52,0.162437,0.22506,0.131995,0.0302418,0.0262028,-0.0274897,-0.00343634,-0.0329067,-0.0301098,-0.0365097
1.525,0.162701,0.225516,0.132588,0.0308829,0.0266648,-0.0272385,-0.00323515,-0.0327894,-0.0300634,-0.0365202
1.53,0.162962,0.225963,0.133171,0.0315107,0.0271193,-0.0269915,-0.0030368,-0.0326758,-0.0300219,-0.0365366
1.535,0.163221,0.2264,0.133745,0.0321259,0.0275665,-0.0267486,-0.00284114,-0.0325657,-0.0299849,-0.0365583
1.54,0.163477,0.226828,0.134311,0.0327289,0.0280065,-0.0265097,-0.00264803,-0.0324587,-0.0299521,-0.0365848
1.545,0.163731,0.227248,0.134869,0.0333203,0.0284397,-0.0262745,-0.00245733,-0.0323546,-0.029923,-0.0366158
1.55,0.163983,0.22766,0.135418,0.0339006,0.0288661,-0.0260429,-0.00226888,-0.0322531,-0.0298971,-0.0366505
1.555,0.164233,0.228066,0.135961,0.0344705,0.0292861,-0.0258148,-0.00208255,-0.0321539,-0.0298742,-0.0366887
1.56,0.16448,0.228465,0.136497,0.0350303,0.0296997,-0.0255899,-0.00189818,-0.0320568,-0.0298538,-0.0367298
1.565,0.164726,0.228859,0.137027,0.0355808,0.0301073,-0.0253681,-0.00171565,-0.0319614,-0.0298355,-0.0367733
1.57,0.16497,0.229247,0.137551,0.0361223,0.0305089,-0.0251493,-0.00153482,-0.0318675,-0.0298189,-0.0368189
1.575,0.165213,0.229632,0.138069,0.0366555,0.0309049,-0.0249332,-0.00135555,-0.031775,-0.0298037,-0.036866
1.58,0.165453,0.230012,0.138582,0.0371809,0.0312955,-0.0247198,-0.00117772,-0.0316834,-0.0297896,-0.0369143
1.585,0.165693,0.230389,0.139091,0.0376989,0.0316808,-0.0245088,-0.00100122,-0.0315927,-0.0297762,-0.0369635
1.59,0.16593,0.230763,0.139595,0.0382101,0.032061,-0.0243002,-0.000825933,-0.0315025,-0.0297632,-0.037013
1.595,0.166166,0.231134,0.140095,0.038715,0.0324364,-0.0240938,-0.00065176,-0.0314127,-0.0297503,-0.0370626
1.6,0.166401,0.231504,0.140592,0.039214,0.0328071,-0.0238894,-0.000478606,-0.0313232,-0.0297373,-0.037112
1.605,0.166635,0.231873,0.141085,0.0397076,0.0331734,-0.0236871,-0.000306383,-0.0312336,-0.0297238,-0.0371607
1.61,0.166867,0.23224,0.141576,0.0401962,0.0335353,-0.0234866,-0.000135012,-0.0311439,-0.0297097,-0.0372087
1.615,0.167098,0.232606,0.142064,0.0406803,0.0338932,-0.0232878,3.55788e-05,-0.0310539,-0.0296947,-0.0372554
1.62,0.167328,0.232973,0.142549,0.0411603,0.0342472,-0.0230907,0.000205454,-0.0309635,-0.0296786,-0.0373008
1.625,0.167557,0.233339,0.143033,0.0416365,0.0345975,-0.0228951,0.000374673,-0.0308724,-0.0296611,-0.0373445
1.63,0.167785,0.233705,0.143515,0.0421094,0.0349442,-0.0227011,0.000543286,-0.0307807,-0.0296422,-0.0373863
1.635,0.168012,0.234072,0.143995,0.0425793,0.0352875,-0.0225084,0.000711339,-0.0306882,-0.0296217,-0.0374261
1.64,0.168238,0.23444,0.144473,0.0430465,0.0356276,-0.022317,0.000878873,-0.0305949,-0.0295993,-0.0374636
1.645,0.168463,0.234809,0.144951,0.0435114,0.0359647,-0.0221269,0.00104592,-0.0305005,-0.029575,-0.0374987
1.65,0.168687,0.23518,0.145427,0.0439744,0.0362989,-0.0219379,0.00121252,-0.0304051,-0.0295486,-0.0375311
1.655,0.16891,0.235552,0.145903,0.0444356,0.0366303,-0.02175,0.0013787,-0.0303086,-0.0295201,-0.0375608
1.66,0.169132,0.235925,0.146378,0.0448955,0.0369592,-0.0215631,0.00154448,-0.030211,-0.0294893,-0.0375876
1.665,0.169353,0.236301,0.146853,0.0453543,0.0372857,-0.0213771,0.00170989,-0.0301121,-0.0294561,-0.0376114
1.67,0.169574,0.236678,0.147327,0.0458123,0.03761,-0.0211921,0.00187494,-0.0300119,-0.0294204,-0.037632
1.675,0.169793,0.237058,0.147801,0.0462698,0.0379322,-0.0210078,0.00203967,-0.0299105,-0.0293823,-0.0376494
1.68,0.170012,0.23744,0.148275,0.0467269,0.0382524,-0.0208242,0.00220408,-0.0298077,-0.0293415,-0.0376634
1.685,0.17023,0.237824,0.148749,0.047184,0.0385709,-0.0206413,0.0023682,-0.0297035,-0.0292981,-0.037674
1.69,0.170448,0.238211,0.149223,0.0476412,0.0388878,-0.020459,0.00253204,-0.0295979,-0.0292519,-0.0376811
1.695,0.170664,0.2386,0.149698,0.0480989,0.0392032,-0.0202772,0.00269564,-0.029491,-0.0292031,-0.0376847
1.7,0.17088,0.238992,0.150173,0.0485571,0.0395173,-0.0200959,0.002859,-0.0293826,-0.0291514,-0.0376846
1.705,0.171095,0.239387,0.150648,0.0490161,0.0398302,-0.0199149,0.00302214,-0.0292728,-0.0290969,-0.0376808
1.71,0.171309,0.239784,0.151123,0.049476,0.0401421,-0.0197342,0.0031851,-0.0291615,-0.0290396,-0.0376734
1.715,0.171522,0.240185,0.151599,0.0499371,0.0404531,-0.0195538,0.00334789,-0.0290488,-0.0289795,-0.0376621
1.72,0.171735,0.240588,0.152076,0.0503995,0.0407633,-0.0193734,0.00351053,-0.0289346,-0.0289165,-0.0376471
1.725,0.171947,0.240994,0.152553,0.0508633,0.041073,-0.0191932,0.00367304,-0.028819,-0.0288507,-0.0376283
1.73,0.172158,0.241404,0.153031,0.0513287,0.0413821,-0.0190129,0.00383545,-0.0287019,-0.028782,-0.0376057
1.735,0.172369,0.241816,0.15351,0.0517957,0.0416909,-0.0188326,0.00399779,-0.0285834,-0.0287106,-0.0375794
1.74,0.172579,0.242231,0.153989,0.0522646,0.0419994,-0.0186522,0.00416006,-0.0284634,-0.0286363,-0.0375492
1.745,0.172788,0.242648,0.154469,0.0527353,0.0423078,-0.0184715,0.0043223,-0.0283421,-0.0285592,-0.0375154
1.75,0.172996,0.243069,0.15495,0.0532079,0.0426161,-0.0182906,0.00448453,-0.0282193,-0.0284794,-0.0374778
1.755,0.173203,0.243493,0.155431,0.0536825,0.0429245,-0.0181094,0.00464675,-0.0280952,-0.0283969,-0.0374365
1.76,0.17341,0.243919,0.155913,0.0541591,0.0432329,-0.0179279,0.004809,-0.0279698,-0.0283118,-0.0373917
1.765,0.173616,0.244348,0.156395,0.0546377,0.0435416,-0.0177459,0.00497128,-0.027843,-0.0282242,-0.0373434
1.77,0.173821,0.244779,0.156878,0.0551184,0.0438506,-0.0175635,0.00513361,-0.027715,-0.028134,-0.0372916
1.775,0.174026,0.245213,0.157361,0.0556012,0.0441598,-0.0173807,0.00529599,-0.0275858,-0.0280414,-0.0372364
1.78,0.174229,0.245649,0.157845,0.0560859,0.0444694,-0.0171973,0.00545843,-0.0274553,-0.0279464,-0.037178
1.785,0.174432,0.246088,0.15833,0.0565725,0.0447794,-0.0170134,0.00562093,-0.0273237,-0.0278492,-0.0371165
1.79,0.174634,0.246528,0.158814,0.0570611,0.0450898,-0.016829,0.0057835,-0.0271911,-0.0277499,-0.0370519
1.795,0.174835,0.246971,0.159299,0.0575514,0.0454007,-0.0166441,0.00594612,-0.0270574,-0.0276485,-0.0369845
1.8,0.175036,0.247415,0.159783,0.0580434,0.0457119,-0.0164587,0.00610878,-0.0269228,-0.0275452,-0.0369143
1.805,0.175235,0.24786,0.160268,0.058537,0.0460236,-0.0162727,0.00627148,-0.0267874,-0.0274401,-0.0368415
1.81,0.175434,0.248307,0.160752,0.0590321,0.0463356,-0.0160863,0.00643419,-0.0266511,-0.0273334,-0.0367663
1.815,0.175631,0.248756,0.161236,0.0595284,0.0466481,-0.0158994,0.00659689,-0.0265141,-0.0272251,-0.0366889
1.82,0.175828,0.249205,0.161719,0.0600259,0.0469608,-0.0157121,0.00675955,-0.0263765,-0.0271154,-0.0366093
1.825,0.176023,0.249655,0.162202,0.0605244,0.0472739,-0.0155243,0.00692215,-0.0262383,-0.0270044,-0.0365279
1.83,0.176218,0.250105,0.162685,0.0610237,0.0475871,-0.0153363,0.00708464,-0.0260996,-0.0268924,-0.0364447
1.835,0.176412,0.250555,0.163166,0.0615236,0.0479006,-0.0151479,0.007247,-0.0259606,-0.0267794,-0.0363599
1.84,0.176604,0.251006,0.163646,0.062024,0.0482141,-0.0149593,0.00740918,-0.0258214,-0.0266656,-0.0362738
1.845,0.176796,0.251456,0.164125,0.0625245,0.0485277,-0.0147705,0.00757113,-0.0256819,-0.0265512,-0.0361866
1.85,0.176986,0.251906,0.164603,0.063025,0.0488412,-0.0145816,0.00773282,-0.0255425,-0.0264363,-0.0360983
1.855,0.177175,0.252355,0.165079,0.0635253,0.0491545,-0.0143927,0.00789418,-0.025403,-0.026321,-0.0360093
1.86,0.177363,0.252803,0.165553,0.0640252,0.0494676,-0.0142038,0.00805517,-0.0252637,-0.0262056,-0.0359198
1.865,0.17755,0.25325,0.166025,0.0645244,0.0497804,-0.014015,0.00821574,-0.0251246,-0.0260901,-0.0358298
1.87,0.177736,0.253695,0.166496,0.0650227,0.0500928,-0.0138264,0.00837583,-0.0249859,-0.0259748,-0.0357396
1.875,0.17792,0.254138,0.166964,0.0655198,0.0504046,-0.013638,0.0085354,-0.0248476,-0.0258598,-0.0356494
1.88,0.178103,0.25458,0.167429,0.0660157,0.0507158,-0.01345,0.00869438,-0.0247098,-0.0257451,-0.0355593
1.885,0.178285,0.255019,0.167893,0.06651,0.0510263,-0.0132624,0.00885272,-0.0245727,-0.0256311,-0.0354696
1.89,0.178466,0.255456,0.168353,0.0670025,0.051336,-0.0130753,0.00901037,-0.0244363,-0.0255177,-0.0353804
1.895,0.178645,0.25589,0.168811,0.067493,0.0516447,-0.0128887,0.00916728,-0.0243008,-0.0254052,-0.0352918
1.9,0.178823,0.256322,0.169266,0.0679813,0.0519524,-0.0127028,0.0093234,-0.0241661,-0.0252936,-0.035204
1.905,0.178999,0.25675,0.169717,0.0684672,0.052259,-0.0125176,0.00947868,-0.0240324,-0.025183,-0.0351172
1.91,0.179174,0.257175,0.170166,0.0689505,0.0525644,-0.0123332,0.00963307,-0.0238998,-0.0250737,-0.0350314
1.915,0.179348,0.257597,0.170611,0.0694311,0.0528685,-0.0121496,0.00978653,-0.0237683,-0.0249656,-0.0349469
1.92,0.17952,0.258015,0.171053,0.0699087,0.0531713,-0.011967,0.00993902,-0.0236381,-0.0248589,-0.0348636
1.925,0.179691,0.258429,0.171491,0.0703831,0.0534725,-0.0117853,0.0100905,-0.0235091,-0.0247537,-0.0347819
1.93,0.17986,0.25884,0.171926,0.0708543,0.0537722,-0.0116046,0.0102409,-0.0233814,-0.02465,-0.0347016
1.935,0.180028,0.259246,0.172356,0.0713221,0.0540702,-0.011425,0.0103903,-0.0232551,-0.0245479,-0.034623
1.94,0.180195,0.259649,0.172783,0.0717862,0.0543666,-0.0112465,0.0105385,-0.0231302,-0.0244475,-0.0345461
1.945,0.18036,0.260047,0.173207,0.0722467,0.0546611,-0.0110692,0.0106857,-0.0230068,-0.0243488,-0.034471
1.95,0.180523,0.260441,0.173626,0.0727034,0.0549538,-0.0108931,0.0108316,-0.0228849,-0.0242519,-0.0343977
1.955,0.180685,0.260831,0.174041,0.0731561,0.0552446,-0.0107183,0.0109764,-0.0227645,-0.0241569,-0.0343263
1.96,0.180846,0.261216,0.174452,0.0736048,0.0555335,-0.0105447,0.01112,-0.0226457,-0.0240637,-0.0342568
1.965,0.181005,0.261597,0.174859,0.0740494,0.0558203,-0.0103724,0.0112624,-0.0225285,-0.0239724,-0.0341894
1.97,0.181163,0.261973,0.175262,0.0744897,0.056105,-0.0102015,0.0114035,-0.0224128,-0.023883,-0.0341239
1.975,0.181319,0.262345,0.175661,0.0749258,0.0563876,-0.010032,0.0115435,-0.0222988,-0.0237956,-0.0340605
1.98,0.181473,0.262712,0.176056,0.0753575,0.0566681,-0.00986379,0.0116821,-0.0221864,-0.0237101,-0.0339991
1.985,0.181627,0.263075,0.176446,0.0757848,0.0569463,-0.00969702,0.0118196,-0.0220756,-0.0236265,-0.0339398
1.99,0.181779,0.263433,0.176833,0.0762077,0.0572223,-0.00953168,0.0119558,-0.0219664,-0.0235449,-0.0338826
1.995,0.181929,0.263786,0.177215,0.076626,0.057496,-0.00936777,0.0120908,-0.0218588,-0.0234653,-0.0338274
2,0.182078,0.264135,0.177593,0.0770399,0.0577674,-0.00920531,0.0122245,-0.0217528,-0.0233875,-0.0337742
2.005,0.182226,0.26448,0.177967,0.0774492,0.0580365,-0.00904431,0.012357,-0.0216484,-0.0233117,-0.0337232
2.01,0.182372,0.26482,0.178336,0.0778539,0.0583032,-0.00888478,0.0124883,-0.0215456,-0.0232378,-0.0336741
2.015,0.182517,0.265155,0.178702,0.078254,0.0585675,-0.00872672,0.0126183,-0.0214443,-0.0231657,-0.033627
2.02,0.182661,0.265486,0.179064,0.0786496,0.0588293,-0.00857015,0.0127471,-0.0213446,-0.0230955,-0.0335819
2.025,0.182803,0.265813,0.179421,0.0790406,0.0590888,-0.00841506,0.0128747,-0.0212465,-0.0230271,-0.0335388
2.03,0.182944,0.266135,0.179775,0.0794269,0.0593457,-0.00826147,0.0130011,-0.0211498,-0.0229605,-0.0334976
2.035,0.183083,0.266453,0.180124,0.0798087,0.0596003,-0.00810937,0.0131262,-0.0210546,-0.0228957,-0.0334582
2.04,0.183222,0.266767,0.18047,0.080186,0.0598523,-0.00795877,0.0132502,-0.0209608,-0.0228326,-0.0334207
2.045,0.183359,0.267077,0.180811,0.0805587,0.0601018,-0.00780968,0.013373,-0.0208685,-0.0227711,-0.033385
2.05,0.183494,0.267382,0.181149,0.0809269,0.0603489,-0.00766208,0.0134946,-0.0207776,-0.0227113,-0.033351
2.055,0.183629,0.267684,0.181483,0.0812907,0.0605934,-0.00751598,0.0136151,-0.020688,-0.0226531,-0.0333188
2.06,0.183762,0.267982,0.181813,0.08165,0.0608355,-0.00737139,0.0137344,-0.0205999,-0.0225965,-0.0332882
2.065,0.183894,0.268275,0.18214,0.0820049,0.061075,-0.00722829,0.0138525,-0.020513,-0.0225414,-0.0332592
2.07,0.184025,0.268565,0.182463,0.0823554,0.061312,-0.00708668,0.0139695,-0.0204274,-0.0224877,-0.0332318
2.075,0.184155,0.268851,0.182782,0.0827016,0.0615465,-0.00694657,0.0140854,-0.020343,-0.0224355,-0.0332059
2.08,0.184283,0.269134,0.183098,0.0830436,0.0617786,-0.00680794,0.0142001,-0.0202599,-0.0223846,-0.0331814
2.085,0.184411,0.269412,0.18341,0.0833814,0.0620081,-0.00667079,0.0143138,-0.020178,-0.0223351,-0.0331583
2.09,0.184537,0.269688,0.183719,0.083715,0.0622352,-0.00653511,0.0144263,-0.0200972,-0.0222868,-0.0331366
2.095,0.184662,0.26996,0.184025,0.0840445,0.0624597,-0.0064009,0.0145378,-0.0200176,-0.0222397,-0.0331161
2.1,0.184786,0.270228,0.184327,0.0843701,0.0626819,-0.00626814,0.0146482,-0.019939,-0.0221939,-0.0330969
2.105,0.184909,0.270494,0.184627,0.0846917,0.0629016,-0.00613682,0.0147575,-0.0198615,-0.0221491,-0.0330787
2.11,0.185031,0.270756,0.184923,0.0850095,0.063119,-0.00600693,0.0148657,-0.019785,-0.0221054,-0.0330617
2.115,0.185152,0.271015,0.185216,0.0853234,0.0633339,-0.00587845,0.0149729,-0.0197096,-0.0220627,-0.0330457
2.12,0.185272,0.271271,0.185506,0.0856337,0.0635465,-0.00575137,0.0150791,-0.019635,-0.0220209,-0.0330306
2.125,0.185391,0.271525,0.185793,0.0859403,0.0637568,-0.00562566,0.0151843,-0.0195614,-0.0219801,-0.0330164
2.13,0.185508,0.271775,0.186077,0.0862435,0.0639648,-0.00550131,0.0152885,-0.0194887,-0.0219401,-0.033003
2.135,0.185625,0.272023,0.186358,0.0865432,0.0641705,-0.0053783,0.0153917,-0.0194169,-0.0219008,-0.0329904
2.14,0.185741,0.272269,0.186637,0.0868395,0.064374,-0.0052566,0.0154939,-0.0193458,-0.0218623,-0.0329784
2.145,0.185856,0.272512,0.186913,0.0871326,0.0645753,-0.00513619,0.0155952,-0.0192755,-0.0218245,-0.0329671
2.15,0.18597,0.272752,0.187187,0.0874225,0.0647745,-0.00501704,0.0156955,-0.019206,-0.0217873,-0.0329563
2.155,0.186084,0.27299,0.187458,0.0877094,0.0649716,-0.00489913,0.015795,-0.0191371,-0.0217506,-0.0329459
2.16,0.186196,0.273226,0.187727,0.0879934,0.0651667,-0.00478242,0.0158935,-0.019069,-0.0217144,-0.0329359
2.165,0.186307,0.27346,0.187994,0.0882744,0.0653598,-0.00466689,0.0159912,-0.0190014,-0.0216787,-0.0329263
2.17,0.186418,0.273692,0.188258,0.0885528,0.0655509,-0.0045525,0.016088,-0.0189345,-0.0216433,-0.0329169
2.175,0.186527,0.273922,0.18852,0.0888284,0.0657401,-0.00443922,0.016184,-0.0188681,-0.0216083,-0.0329077
2.18,0.186636,0.274151,0.18878,0.0891015,0.0659274,-0.00432702,0.0162792,-0.0188022,-0.0215736,-0.0328987
2.185,0.186745,0.274377,0.189038,0.0893722,0.0661129,-0.00421587,0.0163736,-0.0187368,-0.0215391,-0.0328897
2.19,0.186852,0.274602,0.189294,0.0896405,0.0662967,-0.00410573,0.0164672,-0.0186718,-0.0215048,-0.0328807
2.195,0.186958,0.274826,0.189548,0.0899065,0.0664788,-0.00399657,0.0165601,-0.0186073,-0.0214706,-0.0328717
2.2,0.187064,0.275048,0.189801,0.0901704,0.0666592,-0.00388836,0.0166523,-0.0185432,-0.0214365,-0.0328626
2.205,0.187169,0.275269,0.190051,0.0904322,0.066838,-0.00378105,0.0167438,-0.0184794,-0.0214025,-0.0328533
2.21,0.187274,0.275488,0.1903,0.090692,0.0670153,-0.00367463,0.0168346,-0.0184159,-0.0213684,-0.0328437
2.215,0.187377,0.275706,0.190548,0.0909499,0.0671911,-0.00356905,0.0169247,-0.0183527,-0.0213344,-0.032834
2.22,0.18748,0.275923,0.190793,0.0912061,0.0673654,-0.00346428,0.0170142,-0.0182898,-0.0213002,-0.0328239
2.225,0.187582,0.276139,0.191038,0.0914605,0.0675383,-0.00336029,0.0171031,-0.0182272,-0.0212659,-0.0328134
2.23,0.187684,0.276354,0.19128,0.0917132,0.0677099,-0.00325706,0.0171915,-0.0181647,-0.0212315,-0.0328026
2.235,0.187785,0.276569,0.191522,0.0919644,0.0678801,-0.00315455,0.0172792,-0.0181024,-0.0211969,-0.0327914
2.24,0.187885,0.276782,0.191762,0.0922141,0.0680491,-0.00305273,0.0173664,-0.0180403,-0.0211622,-0.0327797
2.245,0.187984,0.276994,0.192,0.0924624,0.0682168,-0.00295158,0.017453,-0.0179784,-0.0211272,-0.0327675
2.25,0.188083,0.277206,0.192238,0.0927093,0.0683834,-0.00285107,0.0175391,-0.0179166,-0.0210919,-0.0327548
2.255,0.188181,0.277417,0.192474,0.0929549,0.0685488,-0.00275118,0.0176247,-0.0178549,-0.0210564,-0.0327415
2.26,0.188279,0.277627,0.192709,0.0931992,0.0687131,-0.00265189,0.0177098,-0.0177933,-0.0210206,-0.0327278
2.265,0.188376,0.277837,0.192943,0.0934423,0.0688763,-0.00255317,0.0177944,-0.0177318,-0.0209846,-0.0327134
2.27,0.188472,0.278045,0.193175,0.0936843,0.0690384,-0.00245501,0.0178786,-0.0176703,-0.0209482,-0.0326985
2.275,0.188568,0.278254,0.193407,0.0939252,0.0691996,-0.00235739,0.0179623,-0.017609,-0.0209115,-0.032683
2.28,0.188663,0.278461,0.193637,0.0941649,0.0693597,-0.00226029,0.0180455,-0.0175477,-0.0208746,-0.032667
2.285,0.188758,0.278668,0.193867,0.0944037,0.069519,-0.0021637,0.0181283,-0.0174865,-0.0208373,-0.0326503
2.29,0.188852,0.278875,0.194095,0.0946414,0.0696772,-0.0020676,0.0182107,-0.0174254,-0.0207997,-0.0326331
2.295,0.188945,0.27908,0.194322,0.0948782,0.0698346,-0.00197199,0.0182927,-0.0173643,-0.0207618,-0.0326153
2.3,0.189038,0.279286,0.194548,0.0951139,0.0699911,-0.00187685,0.0183742,-0.0173033,-0.0207236,-0.0325969
2.305,0.18913,0.27949,0.194773,0.0953487,0.0701466,-0.00178217,0.0184553,-0.0172423,-0.0206852,-0.032578
2.31,0.189222,0.279694,0.194997,0.0955826,0.0703014,-0.00168796,0.018536,-0.0171814,-0.0206464,-0.0325585
2.315,0.189313,0.279898,0.19522,0.0958156,0.0704553,-0.00159419,0.0186162,-0.0171206,-0.0206074,-0.0325385
2.32,0.189403,0.280101,0.195442,0.0960477,0.0706084,-0.00150087,0.0186961,-0.0170599,-0.0205681,-0.032518
2.325,0.189493,0.280303,0.195662,0.0962788,0.0707607,-0.00140799,0.0187756,-0.0169992,-0.0205286,-0.032497
2.33,0.189583,0.280505,0.195882,0.096509,0.0709121,-0.00131554,0.0188546,-0.0169387,-0.0204889,-0.0324755
2.335,0.189671,0.280706,0.196101,0.0967384,0.0710628,-0.00122354,0.0189333,-0.0168782,-0.0204489,-0.0324536
2.34,0.189759,0.280906,0.196318,0.0969668,0.0712127,-0.00113196,0.0190115,-0.0168179,-0.0204088,-0.0324312
2.345,0.189847,0.281105,0.196535,0.0971943,0.0713618,-0.00104082,0.0190893,-0.0167577,-0.0203685,-0.0324085
2.35,0.189934,0.281304,0.19675,0.0974209,0.0715102,-0.00095011,0.0191667,-0.0166977,-0.0203281,-0.0323853
2.355,0.19002,0.281502,0.196964,0.0976465,0.0716578,-0.000859832,0.0192437,-0.0166378,-0.0202875,-0.0323618
2.36,0.190106,0.281699,0.197178,0.0978712,0.0718047,-0.000769987,0.0193203,-0.016578,-0.0202468,-0.032338
2.365,0.190191,0.281896,0.19739,0.098095,0.0719508,-0.000680576,0.0193964,-0.0165184,-0.020206,-0.0323138
2.37,0.190276,0.282091,0.197601,0.0983177,0.0720961,-0.0005916,0.0194722,-0.0164591,-0.0201652,-0.0322894
2.375,0.19036,0.282286,0.19781,0.0985395,0.0722407,-0.00050306,0.0195475,-0.0163999,-0.0201243,-0.0322648
2.38,0.190443,0.28248,0.198019,0.0987603,0.0723845,-0.000414959,0.0196224,-0.0163409,-0.0200834,-0.0322399
2.385,0.190526,0.282673,0.198226,0.0989801,0.0725276,-0.000327298,0.0196968,-0.0162822,-0.0200426,-0.0322148
2.39,0.190608,0.282865,0.198432,0.0991989,0.07267,-0.000240081,0.0197709,-0.0162237,-0.0200017,-0.0321896
2.395,0.19069,0.283056,0.198637,0.0994166,0.0728116,-0.000153309,0.0198445,-0.0161654,-0.0199609,-0.0321642
2.4,0.190771,0.283246,0.198841,0.0996332,0.0729525,-6.69851e-05,0.0199176,-0.0161074,-0.0199201,-0.0321387
2.405,0.190851,0.283435,0.199043,0.0998487,0.0730926,1.8887e-05,0.0199903,-0.0160497,-0.0198794,-0.0321131
2.41,0.190931,0.283623,0.199245,0.100063,0.0732319,0.000104305,0.0200626,-0.0159923,-0.0198389,-0.0320874
2.415,0.19101,0.28381,0.199445,0.100276,0.0733705,0.000189265,0.0201344,-0.0159352,-0.0197984,-0.0320618
2.42,0.191089,0.283995,0.199643,0.100489,0.0735083,0.000273763,0.0202058,-0.0158784,-0.0197581,-0.0320361
2.425,0.191167,0.28418,0.199841,0.1007,0.0736454,0.000357797,0.0202767,-0.0158219,-0.019718,-0.0320104
2.43,0.191244,0.284363,0.200037,0.100909,0.0737817,0.000441362,0.0203472,-0.0157657,-0.0196781,-0.0319848
2.435,0.191321,0.284546,0.200231,0.101118,0.0739172,0.000524454,0.0204173,-0.0157099,-0.0196383,-0.0319592
2.44,0.191397,0.284727,0.200424,0.101325,0.0740519,0.000607069,0.0204868,-0.0156545,-0.0195988,-0.0319338
2.445,0.191473,0.284906,0.200616,0.101531,0.0741858,0.000689203,0.0205559,-0.0155994,-0.0195596,-0.0319084
2.45,0.191548,0.285085,0.200807,0.101736,0.074319,0.000770851,0.0206246,-0.0155447,-0.0195206,-0.0318832
2.455,0.191622,0.285262,0.200996,0.101939,0.0744513,0.000852007,0.0206928,-0.0154904,-0.0194819,-0.0318581
2.46,0.191696,0.285438,0.201184,0.102141,0.0745828,0.000932669,0.0207605,-0.0154364,-0.0194434,-0.0318333
2.465,0.19177,0.285613,0.20137,0.102342,0.0747135,0.00101283,0.0208278,-0.0153829,-0.0194053,-0.0318086
2.47,0.191842,0.285786,0.201555,0.102541,0.0748434,0.00109248,0.0208946,-0.0153298,-0.0193675,-0.0317841
2.475,0.191914,0.285958,0.201739,0.102739,0.0749725,0.00117162,0.0209609,-0.0152771,-0.01933,-0.0317599
2.48,0.191986,0.286129,0.201921,0.102936,0.0751007,0.00125025,0.0210268,-0.0152248,-0.0192929,-0.031736
2.485,0.192057,0.286298,0.202101,0.103131,0.075228,0.00132835,0.0210922,-0.015173,-0.0192562,-0.0317123
2.49,0.192127,0.286465,0.20228,0.103325,0.0753545,0.00140592,0.0211571,-0.0151215,-0.0192198,-0.0316889
2.495,0.192197,0.286632,0.202458,0.103517,0.0754801,0.00148296,0.0212215,-0.0150706,-0.0191839,-0.0316659
2.5,0.192266,0.286797,0.202634,0.103708,0.0756048,0.00155946,0.0212854,-0.0150201,-0.0191483,-0.0316431
2.505,0.192334,0.28696,0.202809,0.103897,0.0757287,0.00163541,0.0213489,-0.01497,-0.0191131,-0.0316208
2.51,0.192402,0.287122,0.202982,0.104085,0.0758516,0.00171081,0.0214119,-0.0149205,-0.0190784,-0.0315987
2.515,0.19247,0.287282,0.203154,0.104271,0.0759737,0.00178564,0.0214744,-0.0148713,-0.0190441,-0.0315771
2.52,0.192537,0.287441,0.203324,0.104455,0.0760948,0.00185992,0.0215364,-0.0148227,-0.0190102,-0.0315558
2.525,0.192603,0.287599,0.203492,0.104638,0.076215,0.00193363,0.0215979,-0.0147745,-0.0189768,-0.0315349
2.53,0.192669,0.287755,0.203659,0.10482,0.0763343,0.00200676,0.0216589,-0.0147268,-0.0189438,-0.0315144
2.535,0.192734,0.287909,0.203825,0.105,0.0764527,0.00207931,0.0217194,-0.0146796,-0.0189113,-0.0314943
2.54,0.192798,0.288062,0.203989,0.105178,0.0765701,0.00215128,0.0217794,-0.0146329,-0.0188793,-0.0314746
2.545,0.192862,0.288214,0.204152,0.105354,0.0766866,0.00222266,0.0218389,-0.0145867,-0.0188477,-0.0314554
2.55,0.192926,0.288364,0.204313,0.105529,0.0768021,0.00229345,0.021898,-0.014541,-0.0188166,-0.0314365
2.555,0.192988,0.288512,0.204473,0.105703,0.0769166,0.00236364,0.0219565,-0.0144957,-0.0187859,-0.0314182
2.56,0.193051,0.288659,0.204631,0.105875,0.0770302,0.00243324,0.0220145,-0.014451,-0.0187557,-0.0314002
2.565,0.193113,0.288805,0.204787,0.106045,0.0771428,0.00250223,0.022072,-0.0144067,-0.018726,-0.0313827
2.57,0.193174,0.288948,0.204943,0.106213,0.0772545,0.00257062,0.0221291,-0.0143629,-0.0186968,-0.0313656
2.575,0.193234,0.289091,0.205096,0.10638,0.0773652,0.00263841,0.0221856,-0.0143196,-0.018668,-0.0313489
2.58,0.193295,0.289232,0.205248,0.106545,0.0774749,0.00270559,0.0222416,-0.0142768,-0.0186397,-0.0313326
2.585,0.193354,0.289371,0.205399,0.106709,0.0775836,0.00277216,0.0222971,-0.0142345,-0.0186118,-0.0313168
2.59,0.193413,0.289509,0.205548,0.106871,0.0776914,0.00283813,0.0223522,-0.0141926,-0.0185845,-0.0313014
2.595,0.193472,0.289646,0.205696,0.107031,0.0777982,0.0029035,0.0224067,-0.0141512,-0.0185575,-0.0312864
2.6,0.19353,0.289781,0.205843,0.10719,0.0779041,0.00296826,0.0224608,-0.0141103,-0.018531,-0.0312719
2.605,0.193588,0.289915,0.205988,0.107347,0.0780089,0.00303242,0.0225143,-0.0140699,-0.0185049,-0.0312577
2.61,0.193645,0.290047,0.206131,0.107503,0.0781128,0.00309598,0.0225674,-0.0140299,-0.0184793,-0.0312439
2.615,0.193701,0.290178,0.206273,0.107657,0.0782158,0.00315894,0.02262,-0.0139904,-0.0184541,-0.0312305
2.62,0.193757,0.290307,0.206414,0.10781,0.0783177,0.00322132,0.0226721,-0.0139513,-0.0184293,-0.0312174
2.625,0.193813,0.290435,0.206554,0.107961,0.0784188,0.0032831,0.0227237,-0.0139126,-0.0184049,-0.0312048
2.63,0.193868,0.290562,0.206692,0.10811,0.0785189,0.0033443,0.0227749,-0.0138744,-0.0183809,-0.0311924
2.635,0.193922,0.290688,0.206829,0.108258,0.078618,0.00340492,0.0228256,-0.0138366,-0.0183572,-0.0311804
2.64,0.193976,0.290812,0.206964,0.108405,0.0787163,0.00346497,0.0228758,-0.0137992,-0.0183339,-0.0311688
2.645,0.19403,0.290935,0.207099,0.10855,0.0788136,0.00352444,0.0229256,-0.0137623,-0.018311,-0.0311574
2.65,0.194083,0.291057,0.207232,0.108693,0.0789099,0.00358336,0.0229749,-0.0137257,-0.0182885,-0.0311463
2.655,0.194136,0.291177,0.207363,0.108835,0.0790054,0.00364172,0.0230238,-0.0136895,-0.0182662,-0.0311356
2.66,0.194188,0.291296,0.207494,0.108976,0.0791,0.00369953,0.0230723,-0.0136537,-0.0182443,-0.0311251
2.665,0.19424,0.291415,0.207623,0.109115,0.0791937,0.00375679,0.0231203,-0.0136183,-0.0182227,-0.0311148
2.67,0.194291,0.291532,0.207751,0.109253,0.0792865,0.00381352,0.0231679,-0.0135832,-0.0182014,-0.0311048
2.675,0.194342,0.291647,0.207878,0.10939,0.0793785,0.00386972,0.023215,-0.0135485,-0.0181804,-0.031095
2.68,0.194393,0.291762,0.208004,0.109525,0.0794696,0.0039254,0.0232617,-0.0135141,-0.0181597,-0.0310854
2.685,0.194443,0.291876,0.208128,0.109659,0.0795598,0.00398057,0.0233081,-0.0134801,-0.0181392,-0.0310761
2.69,0.194493,0.291989,0.208252,0.109792,0.0796492,0.00403523,0.023354,-0.0134464,-0.0181189,-0.0310669
2.695,0.194542,0.2921,0.208374,0.109924,0.0797378,0.00408938,0.0233995,-0.013413,-0.0180989,-0.0310579
2.7,0.194591,0.292211,0.208496,0.110054,0.0798256,0.00414305,0.0234446,-0.01338,-0.0180792,-0.031049
2.705,0.194639,0.29232,0.208616,0.110183,0.0799125,0.00419623,0.0234894,-0.0133472,-0.0180596,-0.0310403
2.71,0.194687,0.292429,0.208735,0.110311,0.0799987,0.00424893,0.0235337,-0.0133147,-0.0180402,-0.0310317
2.715,0.194735,0.292537,0.208854,0.110438,0.0800841,0.00430117,0.0235777,-0.0132825,-0.0180211,-0.0310233
2.72,0.194782,0.292644,0.208971,0.110563,0.0801687,0.00435294,0.0236213,-0.0132506,-0.0180021,-0.0310149
2.725,0.194829,0.29275,0.209087,0.110688,0.0802526,0.00440425,0.0236646,-0.0132189,-0.0179832,-0.0310066
2.73,0.194876,0.292855,0.209203,0.110811,0.0803357,0.00445512,0.0237075,-0.0131875,-0.0179646,-0.0309985
2.735,0.194922,0.292959,0.209317,0.110933,0.080418,0.00450555,0.02375,-0.0131564,-0.0179461,-0.0309904
2.74,0.194968,0.293062,0.209431,0.111055,0.0804997,0.00455554,0.0237922,-0.0131255,-0.0179277,-0.0309824
2.745,0.195013,0.293165,0.209543,0.111175,0.0805806,0.00460511,0.023834,-0.0130948,-0.0179095,-0.0309744
2.75,0.195059,0.293267,0.209655,0.111294,0.0806608,0.00465425,0.0238755,-0.0130644,-0.0178914,-0.0309664
2.755,0.195103,0.293368,0.209766,0.111412,0.0807404,0.00470298,0.0239167,-0.0130342,-0.0178734,-0.0309585
2.76,0.195148,0.293468,0.209875,0.11153,0.0808192,0.00475131,0.0239575,-0.0130042,-0.0178555,-0.0309507
2.765,0.195192,0.293568,0.209984,0.111646,0.0808974,0.00479923,0.0239981,-0.0129745,-0.0178377,-0.0309428
2.77,0.195235,0.293666,0.210093,0.111761,0.0809749,0.00484676,0.0240382,-0.0129449,-0.01782,-0.030935
2.775,0.195279,0.293764,0.2102,0.111876,0.0810518,0.0048939,0.0240781,-0.0129155,-0.0178025,-0.0309272
2.78,0.195322,0.293862,0.210307,0.111989,0.081128,0.00494066,0.0241177,-0.0128864,-0.0177849,-0.0309193
2.785,0.195365,0.293959,0.210413,0.112102,0.0812036,0.00498704,0.024157,-0.0128574,-0.0177675,-0.0309115
2.79,0.195407,0.294055,0.210518,0.112214,0.0812786,0.00503306,0.0241959,-0.0128287,-0.0177502,-0.0309036
2.795,0.195449,0.29415,0.210622,0.112325,0.081353,0.00507871,0.0242346,-0.0128001,-0.0177329,-0.0308957
2.8,0.195491,0.294245,0.210725,0.112435,0.0814268,0.005124,0.0242729,-0.0127717,-0.0177156,-0.0308878
2.805,0.195532,0.294339,0.210828,0.112544,0.0814999,0.00516894,0.024311,-0.0127434,-0.0176985,-0.0308799
2.81,0.195573,0.294432,0.21093,0.112653,0.0815725,0.00521353,0.0243488,-0.0127154,-0.0176814,-0.0308719
2.815,0.195614,0.294525,0.211031,0.112761,0.0816446,0.00525779,0.0243863,-0.0126875,-0.0176643,-0.0308639
2.82,0.195654,0.294617,0.211132,0.112868,0.0817161,0.0053017,0.0244235,-0.0126598,-0.0176473,-0.0308559
2.825,0.195695,0.294709,0.211232,0.112974,0.081787,0.00534529,0.0244604,-0.0126322,-0.0176304,-0.0308478
2.83,0.195735,0.2948,0.211331,0.113079,0.0818573,0.00538855,0.0244971,-0.0126048,-0.0176135,-0.0308397
2.835,0.195774,0.29489,0.211429,0.113184,0.0819272,0.00543149,0.0245335,-0.0125776,-0.0175966,-0.0308315
2.84,0.195813,0.29498,0.211527,0.113288,0.0819965,0.00547411,0.0245696,-0.0125505,-0.0175798,-0.0308233
2.845,0.195852,0.29507,0.211624,0.113391,0.0820653,0.00551643,0.0246055,-0.0125236,-0.017563,-0.0308151
2.85,0.195891,0.295158,0.21172,0.113494,0.0821336,0.00555843,0.0246411,-0.0124968,-0.0175462,-0.0308067
2.855,0.195929,0.295247,0.211816,0.113596,0.0822013,0.00560014,0.0246764,-0.0124702,-0.0175295,-0.0307984
2.86,0.195967,0.295334,0.211911,0.113697,0.0822686,0.00564154,0.0247115,-0.0124438,-0.0175129,-0.03079
2.865,0.196005,0.295421,0.212005,0.113798,0.0823354,0.00568266,0.0247463,-0.0124175,-0.0174962,-0.0307815
2.87,0.196043,0.295508,0.212099,0.113898,0.0824017,0.00572348,0.0247809,-0.0123913,-0.0174797,-0.030773
2.875,0.19608,0.295594,0.212192,0.113997,0.0824675,0.00576402,0.0248153,-0.0123653,-0.0174631,-0.0307644
2.88,0.196117,0.295679,0.212285,0.114096,0.0825329,0.00580427,0.0248494,-0.0123394,-0.0174466,-0.0307558
2.885,0.196154,0.295764,0.212377,0.114194,0.0825978,0.00584425,0.0248832,-0.0123137,-0.0174301,-0.0307472
2.89,0.19619,0.295849,0.212468,0.114291,0.0826622,0.00588395,0.0249168,-0.0122881,-0.0174137,-0.0307385
2.895,0.196226,0.295933,0.212558,0.114387,0.0827262,0.00592338,0.0249502,-0.0122627,-0.0173973,-0.0307298
2.9,0.196262,0.296016,0.212648,0.114484,0.0827897,0.00596254,0.0249833,-0.0122374,-0.017381,-0.030721
2.905,0.196298,0.296099,0.212738,0.114579,0.0828528,0.00600143,0.0250162,-0.0122123,-0.0173647,-0.0307122
2.91,0.196333,0.296181,0.212826,0.114674,0.0829154,0.00604005,0.0250489,-0.0121873,-0.0173485,-0.0307034
2.915,0.196368,0.296263,0.212914,0.114768,0.0829776,0.00607841,0.0250813,-0.0121624,-0.0173323,-0.0306946
2.92,0.196403,0.296344,0.213002,0.114861,0.0830394,0.00611651,0.0251135,-0.0121377,-0.0173161,-0.0306857
2.925,0.196437,0.296425,0.213089,0.114954,0.0831007,0.00615436,0.0251455,-0.0121132,-0.0173001,-0.0306768
2.93,0.196471,0.296505,0.213175,0.115047,0.0831616,0.00619194,0.0251772,-0.0120888,-0.017284,-0.0306679
2.935,0.196505,0.296585,0.21326,0.115138,0.0832221,0.00622927,0.0252088,-0.0120645,-0.0172681,-0.030659
2.94,0.196539,0.296664,0.213345,0.115229,0.0832822,0.00626634,0.0252401,-0.0120404,-0.0172522,-0.0306501
2.945,0.196573,0.296743,0.21343,0.11532,0.0833418,0.00630316,0.0252711,-0.0120165,-0.0172364,-0.0306412
2.95,0.196606,0.296821,0.213514,0.11541,0.0834011,0.00633973,0.025302,-0.0119927,-0.0172207,-0.0306323
2.955,0.196639,0.296898,0.213597,0.115499,0.0834599,0.00637604,0.0253326,-0.0119691,-0.017205,-0.0306234
2.96,0.196671,0.296975,0.213679,0.115588,0.0835183,0.00641211,0.025363,-0.0119456,-0.0171894,-0.0306145
2.965,0.196704,0.297052,0.213761,0.115676,0.0835763,0.00644792,0.0253932,-0.0119223,-0.0171739,-0.0306056
2.97,0.196736,0.297127,0.213843,0.115763,0.0836339,0.00648348,0.0254232,-0.0118991,-0.0171585,-0.0305968
2.975,0.196768,0.297203,0.213923,0.11585,0.083691,0.00651879,0.0254529,-0.0118761,-0.0171432,-0.030588
2.98,0.196799,0.297278,0.214003,0.115936,0.0837478,0.00655385,0.0254824,-0.0118533,-0.017128,-0.0305792
2.985,0.196831,0.297352,0.214083,0.116022,0.0838042,0.00658867,0.0255117,-0.0118306,-0.0171128,-0.0305705
2.99,0.196862,0.297426,0.214162,0.116106,0.0838601,0.00662323,0.0255408,-0.0118081,-0.0170978,-0.0305618
2.995,0.196893,0.297499,0.21424,0.116191,0.0839156,0.00665754,0.0255697,-0.0117857,-0.0170829,-0.0305531
3,0.196923,0.297571,0.214318,0.116274,0.0839708,0.0066916,0.0255983,-0.0117635,-0.0170681,-0.0305445
3.005,0.196954,0.297643,0.214395,0.116358,0.0840255,0.00672542,0.0256268,-0.0117415,-0.0170534,-0.030536
3.01,0.196984,0.297715,0.214471,0.11644,0.0840798,0.00675898,0.025655,-0.0117197,-0.0170388,-0.0305275
3.015,0.197014,0.297786,0.214547,0.116522,0.0841338,0.0067923,0.025683,-0.011698,-0.0170243,-0.0305191
3.02,0.197043,0.297856,0.214622,0.116603,0.0841873,0.00682536,0.0257108,-0.0116765,-0.0170099,-0.0305108
3.025,0.197073,0.297926,0.214697,0.116684,0.0842404,0.00685818,0.0257383,-0.0116552,-0.0169957,-0.0305025
3.03,0.197102,0.297995,0.214771,0.116764,0.0842931,0.00689074,0.0257657,-0.011634,-0.0169816,-0.0304944
3.035,0.197131,0.298063,0.214844,0.116843,0.0843454,0.00692306,0.0257928,-0.0116131,-0.0169676,-0.0304863
3.04,0.197159,0.298131,0.214917,0.116922,0.0843974,0.00695512,0.0258197,-0.0115923,-0.0169538,-0.0304783
3.045,0.197188,0.298199,0.214989,0.117,0.0844489,0.00698694,0.0258464,-0.0115716,-0.01694,-0.0304703
3.05,0.197216,0.298266,0.215061,0.117077,0.0845,0.00701851,0.0258729,-0.0115512,-0.0169264,-0.0304625
3.055,0.197244,0.298332,0.215132,0.117154,0.0845507,0.00704983,0.0258992,-0.0115309,-0.016913,-0.0304548
3.06,0.197272,0.298398,0.215202,0.11723,0.084601,0.0070809,0.0259252,-0.0115108,-0.0168997,-0.0304471
3.065,0.197299,0.298463,0.215272,0.117305,0.0846509,0.00711172,0.0259511,-0.0114909,-0.0168865,-0.0304395
3.07,0.197326,0.298528,0.215341,0.11738,0.0847004,0.00714229,0.0259767,-0.0114712,-0.0168734,-0.0304321
3.075,0.197353,0.298592,0.21541,0.117455,0.0847495,0.00717262,0.0260022,-0.0114516,-0.0168605,-0.0304247
3.08,0.19738,0.298655,0.215478,0.117528,0.0847983,0.0072027,0.0260274,-0.0114323,-0.0168477,-0.0304175
3.085,0.197407,0.298718,0.215546,0.117601,0.0848466,0.00723253,0.0260524,-0.0114131,-0.0168351,-0.0304103
3.09,0.197433,0.29878,0.215612,0.117674,0.0848945,0.00726212,0.0260772,-0.011394,-0.0168226,-0.0304033
3.095,0.197459,0.298842,0.215679,0.117745,0.0849421,0.00729146,0.0261018,-0.0113752,-0.0168103,-0.0303963
3.1,0.197485,0.298903,0.215744,0.117817,0.0849892,0.00732056,0.0261262,-0.0113565,-0.016798,-0.0303895
3.105,0.197511,0.298964,0.21581,0.117887,0.085036,0.00734942,0.0261504,-0.011338,-0.016786,-0.0303827
3.11,0.197536,0.299024,0.215874,0.117957,0.0850823,0.00737803,0.0261743,-0.0113197,-0.016774,-0.0303761
3.115,0.197561,0.299084,0.215938,0.118026,0.0851283,0.00740641,0.0261981,-0.0113015,-0.0167622,-0.0303695
3.12,0.197586,0.299143,0.216002,0.118095,0.0851739,0.00743454,0.0262217,-0.0112836,-0.0167505,-0.0303631
3.125,0.197611,0.299201,0.216064,0.118163,0.0852191,0.00746243,0.0262451,-0.0112658,-0.016739,-0.0303568
3.13,0.197636,0.299259,0.216127,0.118231,0.0852639,0.00749009,0.0262682,-0.0112481,-0.0167276,-0.0303505
3.135,0.19766,0.299316,0.216188,0.118297,0.0853084,0.00751751,0.0262912,-0.0112306,-0.0167163,-0.0303444
3.14,0.197684,0.299373,0.21625,0.118364,0.0853524,0.00754469,0.026314,-0.0112133,-0.0167052,-0.0303384
3.145,0.197708,0.299429,0.21631,0.118429,0.0853961,0.00757164,0.0263366,-0.0111962,-0.0166942,-0.0303325
3.15,0.197732,0.299485,0.21637,0.118494,0.0854394,0.00759836,0.026359,-0.0111792,-0.0166833,-0.0303266
3.155,0.197755,0.299541,0.21643,0.118559,0.0854824,0.00762485,0.0263812,-0.0111624,-0.0166725,-0.0303209
3.16,0.197779,0.299595,0.216489,0.118623,0.0855249,0.0076511,0.0264032,-0.0111458,-0.0166619,-0.0303152
3.165,0.197802,0.29965,0.216548,0.118686,0.0855671,0.00767713,0.026425,-0.0111293,-0.0166514,-0.0303097
3.17,0.197825,0.299703,0.216606,0.118749,0.085609,0.00770293,0.0264466,-0.0111129,-0.016641,-0.0303042
3.175,0.197847,0.299757,0.216663,0.118811,0.0856504,0.0077285,0.0264681,-0.0110968,-0.0166308,-0.0302989
3.18,0.19787,0.29981,0.21672,0.118873,0.0856915,0.00775385,0.0264893,-0.0110807,-0.0166206,-0.0302936
3.185,0.197892,0.299862,0.216777,0.118934,0.0857323,0.00777898,0.0265104,-0.0110649,-0.0166106,-0.0302884
3.19,0.197915,0.299914,0.216833,0.118994,0.0857727,0.00780389,0.0265313,-0.0110491,-0.0166007,-0.0302833
3.195,0.197937,0.299965,0.216888,0.119054,0.0858127,0.00782858,0.026552,-0.0110336,-0.0165909,-0.0302782
3.2,0.197958,0.300016,0.216943,0.119114,0.0858524,0.00785305,0.0265726,-0.0110181,-0.0165812,-0.0302733
3.205,0.19798,0.300066,0.216997,0.119173,0.0858917,0.0078773,0.0265929,-0.0110028,-0.0165717,-0.0302684
3.21,0.198001,0.300116,0.217052,0.119231,0.0859307,0.00790135,0.0266131,-0.0109877,-0.0165622,-0.0302636
3.215,0.198023,0.300166,0.217105,0.119289,0.0859693,0.00792518,0.0266331,-0.0109727,-0.0165528,-0.0302589
3.22,0.198044,0.300215,0.217158,0.119346,0.0860076,0.0079488,0.026653,-0.0109578,-0.0165435,-0.0302542
3.225,0.198065,0.300263,0.217211,0.119403,0.0860456,0.00797221,0.0266726,-0.0109431,-0.0165344,-0.0302496
3.23,0.198085,0.300312,0.217263,0.119459,0.0860832,0.00799541,0.0266921,-0.0109285,-0.0165253,-0.0302451
3.235,0.198106,0.300359,0.217315,0.119515,0.0861205,0.00801841,0.0267115,-0.0109141,-0.0165163,-0.0302406
3.24,0.198126,0.300407,0.217366,0.11957,0.0861575,0.00804121,0.0267306,-0.0108997,-0.0165074,-0.0302362
3.245,0.198147,0.300454,0.217417,0.119625,0.0861941,0.00806381,0.0267496,-0.0108855,-0.0164986,-0.0302319
3.25,0.198167,0.3005,0.217467,0.119679,0.0862305,0.00808621,0.0267685,-0.0108714,-0.0164899,-0.0302276
3.255,0.198186,0.300546,0.217517,0.119733,0.0862665,0.00810842,0.0267871,-0.0108575,-0.0164813,-0.0302233
3.26,0.198206,0.300592,0.217567,0.119786,0.0863022,0.00813043,0.0268057,-0.0108437,-0.0164727,-0.0302192
3.265,0.198226,0.300637,0.217616,0.119839,0.0863375,0.00815225,0.026824,-0.0108299,-0.0164643,-0.030215
3.27,0.198245,0.300682,0.217664,0.119892,0.0863726,0.00817388,0.0268422,-0.0108164,-0.0164559,-0.0302109
3.275,0.198264,0.300727,0.217713,0.119944,0.0864074,0.00819532,0.0268603,-0.0108029,-0.0164476,-0.0302069
3.28,0.198283,0.300771,0.217761,0.119995,0.0864418,0.00821658,0.0268782,-0.0107895,-0.0164393,-0.0302028
3.285,0.198302,0.300815,0.217808,0.120046,0.086476,0.00823765,0.0268959,-0.0107763,-0.0164312,-0.0301989
3.29,0.198321,0.300858,0.217855,0.120097,0.0865098,0.00825855,0.0269135,-0.0107631,-0.0164231,-0.0301949
3.295,0.19834,0.300901,0.217902,0.120147,0.0865434,0.00827926,0.026931,-0.0107501,-0.016415,-0.030191
3.3,0.198358,0.300944,0.217948,0.120197,0.0865767,0.0082998,0.0269483,-0.0107372,-0.0164071,-0.0301872
3.305,0.198376,0.300987,0.217994,0.120246,0.0866097,0.00832017,0.0269654,-0.0107244,-0.0163992,-0.0301833
3.31,0.198394,0.301029,0.21804,0.120295,0.0866424,0.00834036,0.0269824,-0.0107117,-0.0163913,-0.0301795
3.315,0.198412,0.30107,0.218085,0.120344,0.0866749,0.00836038,0.0269993,-0.010699,-0.0163836,-0.0301757
3.32,0.19843,0.301112,0.21813,0.120392,0.0867071,0.00838024,0.027016,-0.0106865,-0.0163758,-0.0301719
3.325,0.198448,0.301153,0.218174,0.12044,0.086739,0.00839993,0.0270326,-0.0106741,-0.0163682,-0.0301682
3.33,0.198466,0.301193,0.218218,0.120487,0.0867706,0.00841946,0.0270491,-0.0106618,-0.0163605,-0.0301645
3.335,0.198483,0.301234,0.218262,0.120534,0.086802,0.00843882,0.0270654,-0.0106496,-0.016353,-0.0301608
3.34,0.1985,0.301274,0.218305,0.120581,0.0868331,0.00845803,0.0270816,-0.0106374,-0.0163455,-0.0301571
3.345,0.198517,0.301314,0.218348,0.120627,0.0868639,0.00847708,0.0270977,-0.0106254,-0.016338,-0.0301534
3.35,0.198534,0.301353,0.218391,0.120673,0.0868945,0.00849597,0.0271136,-0.0106135,-0.0163306,-0.0301498
3.355,0.198551,0.301392,0.218433,0.120718,0.0869249,0.00851471,0.0271295,-0.0106016,-0.0163232,-0.0301461
3.36,0.198568,0.301431,0.218475,0.120763,0.086955,0.0085333,0.0271451,-0.0105898,-0.0163159,-0.0301425
3.365,0.198585,0.30147,0.218517,0.120808,0.0869848,0.00855174,0.0271607,-0.0105782,-0.0163086,-0.0301389
3.37,0.198601,0.301508,0.218558,0.120852,0.0870144,0.00857003,0.0271761,-0.0105666,-0.0163014,-0.0301353
3.375,0.198617,0.301546,0.218599,0.120896,0.0870438,0.00858817,0.0271914,-0.0105551,-0.0162942,-0.0301317
3.38,0.198634,0.301584,0.21864,0.12094,0.0870729,0.00860617,0.0272066,-0.0105436,-0.0162871,-0.0301281
3.385,0.19865,0.301621,0.218681,0.120984,0.0871018,0.00862403,0.0272217,-0.0105323,-0.01628,-0.0301245
3.39,0.198666,0.301658,0.218721,0.121027,0.0871305,0.00864174,0.0272366,-0.010521,-0.0162729,-0.030121
3.395,0.198681,0.301695,0.21876,0.121069,0.0871589,0.00865932,0.0272515,-0.0105099,-0.0162659,-0.0301174
3.4,0.198697,0.301732,0.2188,0.121112,0.0871871,0.00867676,0.0272662,-0.0104988,-0.0162589,-0.0301139
3.405,0.198713,0.301768,0.218839,0.121154,0.0872151,0.00869406,0.0272808,-0.0104877,-0.016252,-0.0301103
3.41,0.198728,0.301804,0.218878,0.121195,0.0872429,0.00871122,0.0272953,-0.0104768,-0.0162451,-0.0301068
3.415,0.198744,0.30184,0.218917,0.121237,0.0872704,0.00872825,0.0273096,-0.0104659,-0.0162382,-0.0301033
3.42,0.198759,0.301875,0.218955,0.121278,0.0872978,0.00874515,0.0273239,-0.0104552,-0.0162314,-0.0300998
3.425,0.198774,0.301911,0.218993,0.121319,0.0873249,0.00876192,0.027338,-0.0104445,-0.0162246,-0.0300963
3.43,0.198789,0.301946,0.219031,0.121359,0.0873518,0.00877856,0.0273521,-0.0104338,-0.0162179,-0.0300927
3.435,0.198804,0.30198,0.219068,0.121399,0.0873785,0.00879507,0.027366,-0.0104233,-0.0162112,-0.0300893
3.44,0.198818,0.302015,0.219105,0.121439,0.0874049,0.00881145,0.0273798,-0.0104128,-0.0162045,-0.0300858
3.445,0.198833,0.302049,0.219142,0.121479,0.0874312,0.0088277,0.0273935,-0.0104024,-0.0161979,-0.0300823
3.45,0.198847,0.302083,0.219178,0.121518,0.0874573,0.00884383,0.0274071,-0.0103921,-0.0161913,-0.0300788
3.455,0.198862,0.302117,0.219215,0.121557,0.0874832,0.00885983,0.0274206,-0.0103818,-0.0161848,-0.0300754
3.46,0.198876,0.30215,0.219251,0.121596,0.0875088,0.00887571,0.027434,-0.0103716,-0.0161782,-0.0300719
3.465,0.19889,0.302183,0.219286,0.121634,0.0875343,0.00889147,0.0274473,-0.0103615,-0.0161718,-0.0300685
3.47,0.198904,0.302216,0.219322,0.121672,0.0875595,0.0089071,0.0274605,-0.0103515,-0.0161653,-0.0300651
3.475,0.198918,0.302249,0.219357,0.12171,0.0875846,0.00892262,0.0274735,-0.0103415,-0.016159,-0.0300617
3.48,0.198932,0.302282,0.219392,0.121748,0.0876095,0.00893802,0.0274865,-0.0103317,-0.0161526,-0.0300583
3.485,0.198946,0.302314,0.219426,0.121785,0.0876342,0.00895329,0.0274994,-0.0103218,-0.0161463,-0.0300549
3.49,0.198959,0.302346,0.219461,0.121822,0.0876587,0.00896845,0.0275121,-0.0103121,-0.01614,-0.0300515
3.495,0.198973,0.302377,0.219495,0.121858,0.087683,0.00898349,0.0275248,-0.0103024,-0.0161338,-0.0300482
3.5,0.198986,0.302409,0.219528,0.121895,0.0877071,0.00899842,0.0275374,-0.0102928,-0.0161276,-0.0300448
3.505,0.198999,0.30244,0.219562,0.121931,0.087731,0.00901322,0.0275499,-0.0102833,-0.0161215,-0.0300415
3.51,0.199012,0.302471,0.219595,0.121967,0.0877547,0.00902792,0.0275622,-0.0102739,-0.0161154,-0.0300382
3.515,0.199025,0.302502,0.219628,0.122002,0.0877783,0.0090425,0.0275745,-0.0102645,-0.0161093,-0.0300349
3.52,0.199038,0.302532,0.219661,0.122037,0.0878016,0.00905696,0.0275867,-0.0102552,-0.0161033,-0.0300317
3.525,0.199051,0.302563,0.219693,0.122072,0.0878248,0.00907132,0.0275988,-0.010246,-0.0160973,-0.0300284
3.53,0.199064,0.302593,0.219726,0.122107,0.0878478,0.00908556,0.0276108,-0.0102368,-0.0160914,-0.0300252
3.535,0.199076,0.302623,0.219758,0.122142,0.0878706,0.00909969,0.0276226,-0.0102277,-0.0160855,-0.030022
3.54,0.199089,0.302652,0.219789,0.122176,0.0878933,0.00911371,0.0276344,-0.0102187,-0.0160797,-0.0300188
3.545,0.199101,0.302681,0.219821,0.12221,0.0879158,0.00912762,0.0276461,-0.0102098,-0.0160739,-0.0300156
3.55,0.199114,0.30271,0.219852,0.122243,0.087938,0.00914142,0.0276578,-0.0102009,-0.0160681,-0.0300125
3.555,0.199126,0.302739,0.219883,0.122277,0.0879602,0.00915511,0.0276693,-0.0101921,-0.0160624,-0.0300093
3.56,0.199138,0.302768,0.219914,0.12231,0.0879821,0.00916869,0.0276807,-0.0101833,-0.0160568,-0.0300062
3.565,0.19915,0.302796,0.219944,0.122343,0.0880039,0.00918217,0.027692,-0.0101747,-0.0160511,-0.0300032
3.57,0.199162,0.302824,0.219974,0.122375,0.0880254,0.00919553,0.0277033,-0.0101661,-0.0160456,-0.0300001
3.575,0.199174,0.302852,0.220004,0.122408,0.0880469,0.00920879,0.0277144,-0.0101576,-0.01604,-0.0299971
3.58,0.199185,0.30288,0.220034,0.12244,0.0880681,0.00922195,0.0277255,-0.0101491,-0.0160346,-0.0299941
3.585,0.199197,0.302908,0.220063,0.122472,0.0880892,0.009235,0.0277364,-0.0101407,-0.0160291,-0.0299911
3.59,0.199208,0.302935,0.220092,0.122503,0.0881101,0.00924795,0.0277473,-0.0101324,-0.0160238,-0.0299882
3.595,0.19922,0.302962,0.220121,0.122534,0.0881308,0.00926079,0.0277581,-0.0101242,-0.0160184,-0.0299853
3.6,0.199231,0.302989,0.22015,0.122565,0.0881514,0.00927353,0.0277688,-0.010116,-0.0160131,-0.0299824
3.605,0.199242,0.303015,0.220179,0.122596,0.0881718,0.00928616,0.0277794,-0.0101079,-0.0160079,-0.0299795
3.61,0.199253,0.303041,0.220207,0.122627,0.0881921,0.00929869,0.0277899,-0.0100999,-0.0160027,-0.0299767
3.615,0.199264,0.303068,0.220235,0.122657,0.0882121,0.00931112,0.0278004,-0.0100919,-0.0159975,-0.0299739
3.62,0.199275,0.303093,0.220263,0.122687,0.0882321,0.00932345,0.0278107,-0.010084,-0.0159924,-0.0299711
3.625,0.199286,0.303119,0.22029,0.122717,0.0882518,0.00933568,0.027821,-0.0100762,-0.0159874,-0.0299683
3.63,0.199297,0.303145,0.220317,0.122746,0.0882714,0.00934781,0.0278312,-0.0100684,-0.0159824,-0.0299656
3.635,0.199308,0.30317,0.220345,0.122776,0.0882908,0.00935983,0.0278413,-0.0100607,-0.0159774,-0.0299629
3.64,0.199318,0.303195,0.220371,0.122805,0.0883101,0.00937176,0.0278513,-0.0100531,-0.0159725,-0.0299603
3.645,0.199329,0.30322,0.220398,0.122833,0.0883292,0.00938359,0.0278613,-0.0100455,-0.0159676,-0.0299576
3.65,0.199339,0.303244,0.220424,0.122862,0.0883482,0.00939532,0.0278711,-0.010038,-0.0159628,-0.029955
3.655,0.199349,0.303269,0.220451,0.12289,0.0883669,0.00940695,0.0278809,-0.0100306,-0.015958,-0.0299525
3.66,0.19936,0.303293,0.220477,0.122918,0.0883856,0.00941849,0.0278906,-0.0100232,-0.0159533,-0.0299499
3.665,0.19937,0.303317,0.220502,0.122946,0.0884041,0.00942993,0.0279002,-0.0100159,-0.0159486,-0.0299474
3.67,0.19938,0.30334,0.220528,0.122974,0.0884224,0.00944127,0.0279097,-0.0100087,-0.015944,-0.0299449
3.675,0.19939,0.303364,0.220553,0.123001,0.0884406,0.00945252,0.0279191,-0.0100015,-0.0159394,-0.0299425
3.68,0.1994,0.303387,0.220578,0.123028,0.0884586,0.00946367,0.0279285,-0.00999438,-0.0159348,-0.02994
3.685,0.19941,0.30341,0.220603,0.123055,0.0884765,0.00947473,0.0279378,-0.00998733,-0.0159303,-0.0299376
3.69,0.199419,0.303433,0.220628,0.123082,0.0884942,0.00948569,0.027947,-0.00998034,-0.0159259,-0.0299353
3.695,0.199429,0.303456,0.220652,0.123108,0.0885117,0.00949657,0.0279561,-0.00997342,-0.0159215,-0.0299329
3.7,0.199438,0.303479,0.220676,0.123134,0.0885292,0.00950735,0.0279652,-0.00996656,-0.0159171,-0.0299306
3.705,0.199448,0.303501,0.2207,0.12316,0.0885464,0.00951803,0.0279741,-0.00995976,-0.0159128,-0.0299284
3.71,0.199457,0.303523,0.220724,0.123186,0.0885636,0.00952863,0.027983,-0.00995302,-0.0159085,-0.0299261
3.715,0.199467,0.303545,0.220748,0.123211,0.0885805,0.00953914,0.0279919,-0.00994634,-0.0159042,-0.0299239
3.72,0.199476,0.303567,0.220771,0.123237,0.0885974,0.00954955,0.0280006,-0.00993973,-0.0159,-0.0299217
3.725,0.199485,0.303588,0.220794,0.123262,0.0886141,0.00955988,0.0280093,-0.00993317,-0.0158959,-0.0299195
3.73,0.199494,0.30361,0.220817,0.123287,0.0886306,0.00957012,0.0280179,-0.00992666,-0.0158918,-0.0299174
3.735,0.199503,0.303631,0.22084,0.123311,0.088647,0.00958027,0.0280264,-0.00992022,-0.0158877,-0.0299152
3.74,0.199512,0.303652,0.220863,0.123336,0.0886633,0.00959034,0.0280349,-0.00991383,-0.0158837,-0.0299131
3.745,0.199521,0.303673,0.220885,0.12336,0.0886794,0.00960032,0.0280433,-0.0099075,-0.0158797,-0.0299111
3.75,0.19953,0.303693,0.220907,0.123384,0.0886954,0.00961021,0.0280516,-0.00990123,-0.0158757,-0.029909
3.755,0.199538,0.303714,0.220929,0.123408,0.0887113,0.00962002,0.0280598,-0.00989501,-0.0158718,-0.029907
3.76,0.199547,0.303734,0.220951,0.123431,0.088727,0.00962974,0.028068,-0.00988885,-0.0158679,-0.029905
3.765,0.199556,0.303754,0.220973,0.123455,0.0887426,0.00963938,0.0280761,-0.00988274,-0.015864,-0.029903
3.77,0.199564,0.303774,0.220994,0.123478,0.088758,0.00964894,0.0280841,-0.00987668,-0.0158602,-0.0299011
3.775,0.199572,0.303794,0.221015,0.123501,0.0887733,0.00965842,0.0280921,-0.00987068,-0.0158565,-0.0298991
3.78,0.199581,0.303813,0.221036,0.123523,0.0887885,0.00966781,0.0281,-0.00986473,-0.0158527,-0.0298972
3.785,0.199589,0.303833,0.221057,0.123546,0.0888036,0.00967713,0.0281078,-0.00985883,-0.015849,-0.0298953
3.79,0.199597,0.303852,0.221078,0.123568,0.0888185,0.00968636,0.0281156,-0.00985298,-0.0158454,-0.0298935
3.795,0.199605,0.303871,0.221099,0.123591,0.0888333,0.00969552,0.0281233,-0.00984718,-0.0158417,-0.0298916
3.8,0.199613,0.30389,0.221119,0.123613,0.088848,0.0097046,0.0281309,-0.00984144,-0.0158381,-0.0298898
3.805,0.199621,0.303909,0.221139,0.123634,0.0888625,0.0097136,0.0281385,-0.00983574,-0.0158345,-0.029888
3.81,0.199629,0.303927,0.221159,0.123656,0.088877,0.00972252,0.028146,-0.00983009,-0.015831,-0.0298862
3.815,0.199637,0.303946,0.221179,0.123678,0.0888913,0.00973137,0.0281534,-0.00982449,-0.0158275,-0.0298844
3.82,0.199645,0.303964,0.221199,0.123699,0.0889054,0.00974014,0.0281608,-0.00981893,-0.015824,-0.0298826
3.825,0.199653,0.303982,0.221218,0.12372,0.0889195,0.00974884,0.0281681,-0.00981343,-0.0158206,-0.0298809
3.83,0.199661,0.304,0.221238,0.123741,0.0889334,0.00975747,0.0281754,-0.00980796,-0.0158172,-0.0298792
3.835,0.199668,0.304018,0.221257,0.123761,0.0889473,0.00976602,0.0281826,-0.00980255,-0.0158138,-0.0298774
3.84,0.199676,0.304036,0.221276,0.123782,0.088961,0.0097745,0.0281897,-0.00979718,-0.0158104,-0.0298757
3.845,0.199683,0.304053,0.221295,0.123802,0.0889746,0.00978291,0.0281968,-0.00979186,-0.0158071,-0.0298741
3.85,0.199691,0.304071,0.221314,0.123823,0.088988,0.00979125,0.0282038,-0.00978658,-0.0158038,-0.0298724
3.855,0.199698,0.304088,0.221332,0.123843,0.0890014,0.00979951,0.0282108,-0.00978134,-0.0158005,-0.0298707
3.86,0.199705,0.304105,0.221351,0.123863,0.0890146,0.00980771,0.0282177,-0.00977614,-0.0157972,-0.0298691
3.865,0.199713,0.304122,0.221369,0.123882,0.0890278,0.00981584,0.0282245,-0.00977099,-0.015794,-0.0298675
3.87,0.19972,0.304139,0.221387,0.123902,0.0890408,0.0098239,0.0282313,-0.00976588,-0.0157908,-0.0298658
3.875,0.199727,0.304155,0.221405,0.123921,0.0890537,0.0098319,0.028238,-0.00976082,-0.0157877,-0.0298642
3.88,0.199734,0.304172,0.221423,0.12394,0.0890665,0.00983982,0.0282447,-0.00975579,-0.0157845,-0.0298626
3.885,0.199741,0.304188,0.221441,0.123959,0.0890792,0.00984768,0.0282513,-0.00975081,-0.0157814,-0.0298611
3.89,0.199748,0.304205,0.221458,0.123978,0.0890918,0.00985548,0.0282579,-0.00974586,-0.0157783,-0.0298595
3.895,0.199755,0.304221,0.221476,0.123997,0.0891043,0.00986321,0.0282644,-0.00974096,-0.0157752,-0.0298579
3.9,0.199762,0.304237,0.221493,0.124016,0.0891167,0.00987088,0.0282709,-0.00973609,-0.0157722,-0.0298564
3.905,0.199768,0.304253,0.22151,0.124034,0.089129,0.00987848,0.0282773,-0.00973126,-0.0157691,-0.0298548
3.91,0.199775,0.304269,0.221527,0.124052,0.0891412,0.00988602,0.0282836,-0.00972647,-0.0157661,-0.0298533
3.915,0.199782,0.304284,0.221544,0.12407,0.0891532,0.0098935,0.0282899,-0.00972172,-0.0157631,-0.0298518
3.92,0.199788,0.3043,0.221561,0.124088,0.0891652,0.00990092,0.0282962,-0.00971701,-0.0157602,-0.0298503
3.925,0.199795,0.304315,0.221577,0.124106,0.0891771,0.00990827,0.0283024,-0.00971234,-0.0157572,-0.0298488
3.93,0.199801,0.30433,0.221594,0.124124,0.0891889,0.00991557,0.0283085,-0.0097077,-0.0157543,-0.0298473
3.935,0.199808,0.304345,0.22161,0.124142,0.0892006,0.00992281,0.0283146,-0.0097031,-0.0157514,-0.0298458
3.94,0.199814,0.30436,0.221626,0.124159,0.0892122,0.00992998,0.0283206,-0.00969853,-0.0157485,-0.0298443
3.945,0.199821,0.304375,0.221642,0.124176,0.0892237,0.0099371,0.0283266,-0.009694,-0.0157457,-0.0298429
3.95,0.199827,0.30439,0.221658,0.124193,0.0892351,0.00994416,0.0283326,-0.00968951,-0.0157429,-0.0298414
3.955,0.199833,0.304405,0.221674,0.12421,0.0892464,0.00995116,0.0283385,-0.00968505,-0.01574,-0.0298399
3.96,0.199839,0.304419,0.221689,0.124227,0.0892576,0.00995811,0.0283443,-0.00968063,-0.0157373,-0.0298385
3.965,0.199845,0.304434,0.221705,0.124244,0.0892687,0.009965,0.0283501,-0.00967624,-0.0157345,-0.0298371
3.97,0.199852,0.304448,0.22172,0.124261,0.0892797,0.00997183,0.0283559,-0.00967189,-0.0157317,-0.0298357
3.975,0.199858,0.304462,0.221736,0.124277,0.0892907,0.00997861,0.0283616,-0.00966757,-0.015729,-0.0298342
3.98,0.199864,0.304476,0.221751,0.124293,0.0893015,0.00998533,0.0283673,-0.00966328,-0.0157263,-0.0298328
3.985,0.19987,0.30449,0.221766,0.124309,0.0893123,0.009992,0.0283729,-0.00965903,-0.0157236,-0.0298314
3.99,0.199875,0.304504,0.221781,0.124326,0.089323,0.00999861,0.0283784,-0.00965481,-0.0157209,-0.02983
3.995,0.199881,0.304518,0.221795,0.124341,0.0893336,0.0100052,0.028384,-0.00965062,-0.0157183,-0.0298287
4,0.199887,0.304532,0.22181,0.124357,0.0893441,0.0100117,0.0283894,-0.00964647,-0.0157156,-0.0298273
4.005,0.199893,0.304545,0.221825,0.124373,0.0893545,0.0100181,0.0283949,-0.00964235,-0.015713,-0.0298259
4.01,0.199899,0.304559,0.221839,0.124388,0.0893648,0.0100245,0.0284003,-0.00963826,-0.0157104,-0.0298246
4.015,0.199904,0.304572,0.221853,0.124404,0.0893751,0.0100309,0.0284056,-0.0096342,-0.0157078,-0.0298232
4.02,0.19991,0.304585,0.221868,0.124419,0.0893852,0.0100372,0.0284109,-0.00963018,-0.0157053,-0.0298219
4.025,0.199915,0.304598,0.221882,0.124434,0.0893953,0.0100434,0.0284162,-0.00962619,-0.0157027,-0.0298205
4.03,0.199921,0.304611,0.221896,0.124449,0.0894053,0.0100496,0.0284214,-0.00962222,-0.0157002,-0.0298192
4.035,0.199926,0.304624,0.221909,0.124464,0.0894153,0.0100558,0.0284266,-0.00961829,-0.0156977,-0.0298179
4.04,0.199932,0.304637,0.221923,0.124479,0.0894251,0.0100619,0.0284317,-0.0096144,-0.0156952,-0.0298166
4.045,0.199937,0.30465,0.221937,0.124494,0.0894349,0.0100679,0.0284368,-0.00961053,-0.0156928,-0.0298153
4.05,0.199942,0.304662,0.22195,0.124509,0.0894446,0.0100739,0.0284419,-0.00960669,-0.0156903,-0.029814
4.055,0.199948,0.304675,0.221964,0.124523,0.0894542,0.0100799,0.0284469,-0.00960288,-0.0156879,-0.0298127
4.06,0.199953,0.304687,0.221977,0.124537,0.0894637,0.0100858,0.0284518,-0.00959911,-0.0156855,-0.0298114
4.065,0.199958,0.304699,0.22199,0.124552,0.0894731,0.0100917,0.0284568,-0.00959536,-0.0156831,-0.0298101
4.07,0.199963,0.304712,0.222003,0.124566,0.0894825,0.0100975,0.0284617,-0.00959165,-0.0156807,-0.0298089
4.075,0.199969,0.304724,0.222016,0.12458,0.0894918,0.0101032,0.0284665,-0.00958796,-0.0156783,-0.0298076
4.08,0.199974,0.304736,0.222029,0.124594,0.089501,0.0101089,0.0284713,-0.0095843,-0.015676,-0.0298064
4.085,0.199979,0.304748,0.222042,0.124607,0.0895102,0.0101146,0.0284761,-0.00958068,-0.0156737,-0.0298052
4.09,0.199984,0.304759,0.222055,0.124621,0.0895193,0.0101202,0.0284808,-0.00957708,-0.0156714,-0.0298039
4.095,0.199989,0.304771,0.222067,0.124635,0.0895283,0.0101258,0.0284855,-0.00957351,-0.0156691,-0.0298027
4.1,0.199994,0.304783,0.22208,0.124648,0.0895372,0.0101314,0.0284902,-0.00956997,-0.0156668,-0.0298015
4.105,0.199998,0.304794,0.222092,0.124661,0.0895461,0.0101368,0.0284948,-0.00956646,-0.0156646,-0.0298003
4.11,0.200003,0.304806,0.222104,0.124675,0.0895548,0.0101423,0.0284994,-0.00956298,-0.0156624,-0.0297991
4.115,0.200008,0.304817,0.222116,0.124688,0.0895635,0.0101477,0.0285039,-0.00955953,-0.0156602,-0.029798
4.12,0.200013,0.304828,0.222128,0.124701,0.0895722,0.010153,0.0285084,-0.0095561,-0.015658,-0.0297968
4.125,0.200017,0.304839,0.22214,0.124714,0.0895808,0.0101583,0.0285129,-0.00955271,-0.0156558,-0.0297956
4.13,0.200022,0.30485,0.222152,0.124726,0.0895893,0.0101636,0.0285173,-0.00954934,-0.0156536,-0.0297945
4.135,0.200027,0.304861,0.222164,0.124739,0.0895977,0.0101688,0.0285217,-0.009546,-0.0156515,-0.0297933
4.14,0.200031,0.304872,0.222176,0.124752,0.0896061,0.010174,0.028526,-0.00954269,-0.0156494,-0.0297922
4.145,0.200036,0.304883,0.222187,0.124764,0.0896143,0.0101792,0.0285304,-0.0095394,-0.0156473,-0.0297911
4.15,0.20004,0.304894,0.222199,0.124777,0.0896226,0.0101843,0.0285347,-0.00953614,-0.0156452,-0.02979
4.155,0.200045,0.304904,0.22221,0.124789,0.0896307,0.0101893,0.0285389,-0.00953291,-0.0156431,-0.0297889
4.16,0.200049,0.304915,0.222221,0.124801,0.0896388,0.0101943,0.0285431,-0.00952971,-0.0156411,-0.0297878
4.165,0.200054,0.304925,0.222232,0.124813,0.0896468,0.0101993,0.0285473,-0.00952653,-0.0156391,-0.0297867
4.17,0.200058,0.304935,0.222244,0.124825,0.0896548,0.0102042,0.0285514,-0.00952339,-0.015637,-0.0297856
4.175,0.200062,0.304946,0.222255,0.124837,0.0896627,0.0102091,0.0285556,-0.00952026,-0.015635,-0.0297846
4.18,0.200067,0.304956,0.222265,0.124849,0.0896705,0.010214,0.0285596,-0.00951717,-0.0156331,-0.0297835
4.185,0.200071,0.304966,0.222276,0.12486,0.0896783,0.0102188,0.0285637,-0.0095141,-0.0156311,-0.0297825
4.19,0.200075,0.304976,0.222287,0.124872,0.089686,0.0102235,0.0285677,-0.00951105,-0.0156292,-0.0297815
4.195,0.200079,0.304986,0.222298,0.124883,0.0896936,0.0102283,0.0285717,-0.00950803,-0.0156272,-0.0297805
4.2,0.200084,0.304996,0.222308,0.124895,0.0897012,0.010233,0.0285756,-0.00950504,-0.0156253,-0.0297794
4.205,0.200088,0.305005,0.222319,0.124906,0.0897087,0.0102376,0.0285795,-0.00950208,-0.0156234,-0.0297784
4.21,0.200092,0.305015,0.222329,0.124917,0.0897161,0.0102422,0.0285834,-0.00949913,-0.0156216,-0.0297775
4.215,0.200096,0.305025,0.222339,0.124928,0.0897235,0.0102468,0.0285872,-0.00949622,-0.0156197,-0.0297765
4.22,0.2001,0.305034,0.222349,0.124939,0.0897308,0.0102513,0.028591,-0.00949333,-0.0156179,-0.0297755
4.225,0.200104,0.305043,0.222359,0.12495,0.0897381,0.0102558,0.0285948,-0.00949046,-0.0156161,-0.0297745
4.23,0.200108,0.305053,0.22237,0.124961,0.0897453,0.0102603,0.0285986,-0.00948762,-0.0156142,-0.0297736
4.235,0.200112,0.305062,0.222379,0.124972,0.0897524,0.0102647,0.0286023,-0.0094848,-0.0156125,-0.0297726
4.24,0.200116,0.305071,0.222389,0.124983,0.0897595,0.0102691,0.028606,-0.00948201,-0.0156107,-0.0297717
4.245,0.200119,0.30508,0.222399,0.124993,0.0897665,0.0102735,0.0286096,-0.00947924,-0.0156089,-0.0297708
4.25,0.200123,0.305089,0.222409,0.125004,0.0897735,0.0102778,0.0286132,-0.00947649,-0.0156072,-0.0297699
4.255,0.200127,0.305098,0.222418,0.125014,0.0897804,0.010282,0.0286168,-0.00947377,-0.0156054,-0.029769
4.26,0.200131,0.305107,0.222428,0.125024,0.0897872,0.0102863,0.0286204,-0.00947107,-0.0156037,-0.0297681
4.265,0.200135,0.305116,0.222437,0.125034,0.089794,0.0102905,0.0286239,-0.0094684,-0.015602,-0.0297672
4.27,0.200138,0.305125,0.222447,0.125045,0.0898007,0.0102947,0.0286274,-0.00946574,-0.0156004,-0.0297663
4.275,0.200142,0.305133,0.222456,0.125055,0.0898074,0.0102988,0.0286309,-0.00946312,-0.0155987,-0.0297654
4.28,0.200146,0.305142,0.222465,0.125064,0.089814,0.0103029,0.0286344,-0.00946051,-0.015597,-0.0297646
4.285,0.200149,0.30515,0.222474,0.125074,0.0898206,0.0103069,0.0286378,-0.00945792,-0.0155954,-0.0297637
4.29,0.200153,0.305159,0.222483,0.125084,0.0898271,0.010311,0.0286412,-0.00945536,-0.0155938,-0.0297629
4.295,0.200156,0.305167,0.222492,0.125094,0.0898335,0.010315,0.0286445,-0.00945282,-0.0155922,-0.0297621
4.3,0.20016,0.305175,0.222501,0.125103,0.0898399,0.0103189,0.0286479,-0.0094503,-0.0155906,-0.0297612
4.305,0.200163,0.305183,0.22251,0.125113,0.0898463,0.0103229,0.0286512,-0.00944781,-0.015589,-0.0297604
4.31,0.200167,0.305192,0.222519,0.125122,0.0898526,0.0103268,0.0286544,-0.00944533,-0.0155874,-0.0297596
4.315,0.20017,0.3052,0.222527,0.125132,0.0898588,0.0103306,0.0286577,-0.00944287,-0.0155859,-0.0297588
4.32,0.200174,0.305208,0.222536,0.125141,0.089865,0.0103345,0.0286609,-0.00944044,-0.0155844,-0.029758
4.325,0.200177,0.305216,0.222545,0.12515,0.0898711,0.0103382,0.0286641,-0.00943803,-0.0155828,-0.0297572
4.33,0.20018,0.305223,0.222553,0.125159,0.0898772,0.010342,0.0286673,-0.00943564,-0.0155813,-0.0297564
4.335,0.200184,0.305231,0.222561,0.125168,0.0898832,0.0103457,0.0286704,-0.00943326,-0.0155798,-0.0297557
4.34,0.200187,0.305239,0.22257,0.125177,0.0898892,0.0103495,0.0286735,-0.00943091,-0.0155783,-0.0297549
4.345,0.20019,0.305247,0.222578,0.125186,0.0898951,0.0103531,0.0286766,-0.00942858,-0.0155769,-0.0297541
4.35,0.200193,0.305254,0.222586,0.125195,0.089901,0.0103568,0.0286797,-0.00942627,-0.0155754,-0.0297534
4.355,0.200197,0.305262,0.222594,0.125204,0.0899068,0.0103604,0.0286827,-0.00942398,-0.015574,-0.0297526
4.36,0.2002,0.305269,0.222602,0.125213,0.0899126,0.010364,0.0286857,-0.0094217,-0.0155725,-0.0297519
4.365,0.200203,0.305277,0.22261,0.125221,0.0899183,0.0103675,0.0286887,-0.00941945,-0.0155711,-0.0297512
4.37,0.200206,0.305284,0.222618,0.12523,0.089924,0.010371,0.0286917,-0.00941721,-0.0155697,-0.0297504
4.375,0.200209,0.305291,0.222626,0.125238,0.0899296,0.0103745,0.0286946,-0.009415,-0.0155683,-0.0297497
4.38,0.200212,0.305298,0.222634,0.125246,0.0899352,0.010378,0.0286975,-0.0094128,-0.0155669,-0.029749
4.385,0.200215,0.305306,0.222641,0.125255,0.0899408,0.0103814,0.0287004,-0.00941062,-0.0155656,-0.0297483
4.39,0.200218,0.305313,0.222649,0.125263,0.0899463,0.0103848,0.0287032,-0.00940846,-0.0155642,-0.0297476
4.395,0.200221,0.30532,0.222657,0.125271,0.0899517,0.0103882,0.0287061,-0.00940632,-0.0155629,-0.0297469
4.4,0.200224,0.305327,0.222664,0.125279,0.0899571,0.0103915,0.0287089,-0.00940419,-0.0155615,-0.0297462
4.405,0.200227,0.305334,0.222672,0.125287,0.0899625,0.0103948,0.0287117,-0.00940209,-0.0155602,-0.0297456
4.41,0.20023,0.305341,0.222679,0.125295,0.0899678,0.0103981,0.0287145,-0.0094,-0.0155589,-0.0297449
4.415,0.200233,0.305347,0.222686,0.125303,0.089973,0.0104014,0.0287172,-0.00939792,-0.0155576,-0.0297442
4.42,0.200236,0.305354,0.222694,0.125311,0.0899783,0.0104046,0.0287199,-0.00939587,-0.0155563,-0.0297435
4.425,0.200239,0.305361,0.222701,0.125319,0.0899834,0.0104078,0.0287226,-0.00939383,-0.015555,-0.0297429
4.43,0.200241,0.305367,0.222708,0.125327,0.0899886,0.010411,0.0287253,-0.00939181,-0.0155537,-0.0297422
4.435,0.200244,0.305374,0.222715,0.125334,0.0899937,0.0104142,0.028728,-0.0093898,-0.0155525,-0.0297416
4.44,0.200247,0.305381,0.222722,0.125342,0.0899987,0.0104173,0.0287306,-0.00938782,-0.0155512,-0.0297409
4.445,0.20025,0.305387,0.222729,0.125349,0.0900037,0.0104204,0.0287332,-0.00938584,-0.01555,-0.0297403
4.45,0.200253,0.305393,0.222736,0.125357,0.0900087,0.0104235,0.0287358,-0.00938389,-0.0155487,-0.0297397
4.455,0.200255,0.3054,0.222743,0.125364,0.0900136,0.0104265,0.0287383,-0.00938195,-0.0155475,-0.029739
4.46,0.200258,0.305406,0.22275,0.125371,0.0900185,0.0104295,0.0287409,-0.00938003,-0.0155463,-0.0297384
4.465,0.200261,0.305412,0.222756,0.125379,0.0900233,0.0104325,0.0287434,-0.00937812,-0.0155451,-0.0297378
4.47,0.200263,0.305419,0.222763,0.125386,0.0900281,0.0104355,0.0287459,-0.00937623,-0.0155439,-0.0297372
4.475,0.200266,0.305425,0.22277,0.125393,0.0900329,0.0104385,0.0287484,-0.00937435,-0.0155427,-0.0297366
4.48,0.200268,0.305431,0.222776,0.1254,0.0900376,0.0104414,0.0287509,-0.00937249,-0.0155415,-0.029736
4.485,0.200271,0.305437,0.222783,0.125407,0.0900423,0.0104443,0.0287533,-0.00937064,-0.0155404,-0.0297354
4.49,0.200274,0.305443,0.222789,0.125414,0.0900469,0.0104472,0.0287557,-0.00936881,-0.0155392,-0.0297348
4.495,0.200276,0.305449,0.222796,0.125421,0.0900515,0.01045,0.0287581,-0.00936699,-0.0155381,-0.0297342
4.5,0.200279,0.305455,0.222802,0.125428,0.0900561,0.0104529,0.0287605,-0.00936519,-0.0155369,-0.0297336
4.505,0.200281,0.305461,0.222808,0.125435,0.0900606,0.0104557,0.0287629,-0.0093634,-0.0155358,-0.029733
4.51,0.200284,0.305467,0.222814,0.125442,0.0900651,0.0104584,0.0287652,-0.00936163,-0.0155347,-0.0297324
4.515,0.200286,0.305472,0.222821,0.125448,0.0900696,0.0104612,0.0287675,-0.00935987,-0.0155336,-0.0297318
4.52,0.200288,0.305478,0.222827,0.125455,0.090074,0.0104639,0.0287698,-0.00935813,-0.0155325,-0.0297313
4.525,0.200291,0.305484,0.222833,0.125461,0.0900784,0.0104667,0.0287721,-0.0093564,-0.0155314,-0.0297307
4.53,0.200293,0.305489,0.222839,0.125468,0.0900827,0.0104694,0.0287744,-0.00935468,-0.0155303,-0.0297301
4.535,0.200296,0.305495,0.222845,0.125475,0.090087,0.010472,0.0287766,-0.00935298,-0.0155292,-0.0297296
4.54,0.200298,0.305501,0.222851,0.125481,0.0900913,0.0104747,0.0287789,-0.00935129,-0.0155281,-0.029729
4.545,0.2003,0.305506,0.222857,0.125487,0.0900955,0.0104773,0.0287811,-0.00934962,-0.0155271,-0.0297285
4.55,0.200303,0.305511,0.222863,0.125494,0.0900997,0.0104799,0.0287833,-0.00934796,-0.015526,-0.0297279
4.555,0.200305,0.305517,0.222869,0.1255,0.0901039,0.0104825,0.0287855,-0.00934631,-0.015525,-0.0297274
4.56,0.200307,0.305522,0.222874,0.125506,0.0901081,0.0104851,0.0287876,-0.00934468,-0.0155239,-0.0297268
4.565,0.200309,0.305528,0.22288,0.125512,0.0901122,0.0104876,0.0287898,-0.00934306,-0.0155229,-0.0297263
4.57,0.200312,0.305533,0.222886,0.125518,0.0901162,0.0104901,0.0287919,-0.00934145,-0.0155219,-0.0297258
4.575,0.200314,0.305538,0.222891,0.125524,0.0901203,0.0104926,0.028794,-0.00933986,-0.0155209,-0.0297252
4.58,0.200316,0.305543,0.222897,0.12553,0.0901243,0.0104951,0.0287961,-0.00933828,-0.0155199,-0.0297247
4.585,0.200318,0.305548,0.222902,0.125536,0.0901282,0.0104976,0.0287981,-0.00933671,-0.0155189,-0.0297242
4.59,0.20032,0.305554,0.222908,0.125542,0.0901322,0.0105,0.0288002,-0.00933515,-0.0155179,-0.0297237
4.595,0.200323,0.305559,0.222913,0.125548,0.0901361,0.0105024,0.0288022,-0.00933361,-0.0155169,-0.0297232
4.6,0.200325,0.305564,0.222919,0.125554,0.0901399,0.0105048,0.0288042,-0.00933208,-0.0155159,-0.0297226
4.605,0.200327,0.305569,0.222924,0.12556,0.0901438,0.0105072,0.0288062,-0.00933056,-0.015515,-0.0297221
4.61,0.200329,0.305574,0.222929,0.125566,0.0901476,0.0105096,0.0288082,-0.00932905,-0.015514,-0.0297216
4.615,0.200331,0.305578,0.222935,0.125571,0.0901513,0.0105119,0.0288102,-0.00932756,-0.0155131,-0.0297211
4.62,0.200333,0.305583,0.22294,0.125577,0.0901551,0.0105142,0.0288121,-0.00932608,-0.0155121,-0.0297206
4.625,0.200335,0.305588,0.222945,0.125582,0.0901588,0.0105165,0.0288141,-0.00932461,-0.0155112,-0.0297202
4.63,0.200337,0.305593,0.22295,0.125588,0.0901625,0.0105188,0.028816,-0.00932315,-0.0155103,-0.0297197
4.635,0.200339,0.305598,0.222955,0.125593,0.0901661,0.0105211,0.0288179,-0.00932171,-0.0155094,-0.0297192
4.64,0.200341,0.305602,0.22296,0.125599,0.0901698,0.0105233,0.0288198,-0.00932028,-0.0155084,-0.0297187
4.645,0.200343,0.305607,0.222965,0.125604,0.0901734,0.0105255,0.0288217,-0.00931886,-0.0155075,-0.0297182
4.65,0.200345,0.305612,0.22297,0.12561,0.0901769,0.0105277,0.0288235,-0.00931745,-0.0155066,-0.0297178
4.655,0.200347,0.305616,0.222975,0.125615,0.0901805,0.0105299,0.0288254,-0.00931605,-0.0155058,-0.0297173
4.66,0.200349,0.305621,0.22298,0.12562,0.090184,0.0105321,0.0288272,-0.00931466,-0.0155049,-0.0297168
4.665,0.200351,0.305625,0.222985,0.125626,0.0901874,0.0105343,0.028829,-0.00931329,-0.015504,-0.0297164
4.67,0.200353,0.30563,0.22299,0.125631,0.0901909,0.0105364,0.0288308,-0.00931192,-0.0155031,-0.0297159
4.675,0.200355,0.305634,0.222994,0.125636,0.0901943,0.0105385,0.0288326,-0.00931057,-0.0155023,-0.0297155
4.68,0.200357,0.305639,0.222999,0.125641,0.0901977,0.0105406,0.0288344,-0.00930923,-0.0155014,-0.029715
4.685,0.200358,0.305643,0.223004,0.125646,0.090201,0.0105427,0.0288361,-0.0093079,-0.0155006,-0.0297146
4.69,0.20036,0.305647,0.223009,0.125651,0.0902044,0.0105448,0.0288378,-0.00930658,-0.0154997,-0.0297141
4.695,0.200362,0.305652,0.223013,0.125656,0.0902077,0.0105468,0.0288396,-0.00930528,-0.0154989,-0.0297137
4.7,0.200364,0.305656,0.223018,0.125661,0.090211,0.0105489,0.0288413,-0.00930398,-0.0154981,-0.0297133
4.705,0.200366,0.30566,0.223022,0.125666,0.0902142,0.0105509,0.028843,-0.00930269,-0.0154973,-0.0297128
4.71,0.200367,0.305664,0.223027,0.125671,0.0902174,0.0105529,0.0288447,-0.00930142,-0.0154965,-0.0297124
4.715,0.200369,0.305668,0.223031,0.125675,0.0902206,0.0105549,0.0288463,-0.00930015,-0.0154956,-0.029712
4.72,0.200371,0.305672,0.223036,0.12568,0.0902238,0.0105568,0.028848,-0.0092989,-0.0154949,-0.0297116
4.725,0.200373,0.305677,0.22304,0.125685,0.090227,0.0105588,0.0288496,-0.00929766,-0.0154941,-0.0297111
4.73,0.200374,0.305681,0.223044,0.12569,0.0902301,0.0105607,0.0288512,-0.00929642,-0.0154933,-0.0297107
4.735,0.200376,0.305685,0.223049,0.125694,0.0902332,0.0105626,0.0288529,-0.0092952,-0.0154925,-0.0297103
4.74,0.200378,0.305689,0.223053,0.125699,0.0902362,0.0105645,0.0288545,-0.00929399,-0.0154917,-0.0297099
4.745,0.200379,0.305693,0.223057,0.125703,0.0902393,0.0105664,0.028856,-0.00929279,-0.015491,-0.0297095
4.75,0.200381,0.305696,0.223061,0.125708,0.0902423,0.0105683,0.0288576,-0.0092916,-0.0154902,-0.0297091
4.755,0.200383,0.3057,0.223065,0.125713,0.0902453,0.0105701,0.0288592,-0.00929041,-0.0154895,-0.0297087
4.76,0.200384,0.305704,0.22307,0.125717,0.0902483,0.010572,0.0288607,-0.00928924,-0.0154887,-0.0297083
4.765,0.200386,0.305708,0.223074,0.125721,0.0902512,0.0105738,0.0288623,-0.00928808,-0.015488,-0.029708
4.77,0.200387,0.305712,0.223078,0.125726,0.0902541,0.0105756,0.0288638,-0.00928693,-0.0154872,-0.0297076
4.775,0.200389,0.305716,0.223082,0.12573,0.090257,0.0105774,0.0288653,-0.00928578,-0.0154865,-0.0297072
4.78,0.200391,0.305719,0.223086,0.125734,0.0902599,0.0105792,0.0288668,-0.00928465,-0.0154858,-0.0297068
4.785,0.200392,0.305723,0.22309,0.125739,0.0902627,0.0105809,0.0288683,-0.00928353,-0.0154851,-0.0297064
4.79,0.200394,0.305727,0.223094,0.125743,0.0902655,0.0105827,0.0288697,-0.00928241,-0.0154844,-0.0297061
4.795,0.200395,0.30573,0.223098,0.125747,0.0902683,0.0105844,0.0288712,-0.00928131,-0.0154837,-0.0297057
4.8,0.200397,0.305734,0.223101,0.125751,0.0902711,0.0105861,0.0288726,-0.00928022,-0.015483,-0.0297053
4.805,0.200398,0.305737,0.223105,0.125755,0.0902739,0.0105878,0.0288741,-0.00927913,-0.0154823,-0.029705
4.81,0.2004,0.305741,0.223109,0.12576,0.0902766,0.0105895,0.0288755,-0.00927805,-0.0154816,-0.0297046
4.815,0.200401,0.305744,0.223113,0.125764,0.0902793,0.0105912,0.0288769,-0.00927699,-0.0154809,-0.0297043
4.82,0.200403,0.305748,0.223117,0.125768,0.090282,0.0105929,0.0288783,-0.00927593,-0.0154803,-0.0297039
4.825,0.200404,0.305751,0.22312,0.125772,0.0902846,0.0105945,0.0288797,-0.00927488,-0.0154796,-0.0297036
4.83,0.200406,0.305755,0.223124,0.125776,0.0902873,0.0105962,0.0288811,-0.00927384,-0.0154789,-0.0297032
4.835,0.200407,0.305758,0.223128,0.12578,0.0902899,0.0105978,0.0288824,-0.0092728,-0.0154783,-0.0297029
4.84,0.200409,0.305761,0.223131,0.125783,0.0902925,0.0105994,0.0288838,-0.00927178,-0.0154776,-0.0297026
4.845,0.20041,0.305765,0.223135,0.125787,0.0902951,0.010601,0.0288851,-0.00927077,-0.015477,-0.0297022
4.85,0.200411,0.305768,0.223138,0.125791,0.0902976,0.0106026,0.0288864,-0.00926976,-0.0154764,-0.0297019
4.855,0.200413,0.305771,0.223142,0.125795,0.0903001,0.0106041,0.0288878,-0.00926876,-0.0154757,-0.0297016
4.86,0.200414,0.305775,0.223145,0.125799,0.0903027,0.0106057,0.0288891,-0.00926777,-0.0154751,-0.0297012
4.865,0.200416,0.305778,0.223149,0.125802,0.0903051,0.0106072,0.0288904,-0.00926679,-0.0154745,-0.0297009
4.87,0.200417,0.305781,0.223152,0.125806,0.0903076,0.0106088,0.0288916,-0.00926582,-0.0154739,-0.0297006
4.875,0.200418,0.305784,0.223156,0.12581,0.0903101,0.0106103,0.0288929,-0.00926486,-0.0154733,-0.0297003
4.88,0.20042,0.305787,0.223159,0.125813,0.0903125,0.0106118,0.0288942,-0.0092639,-0.0154727,-0.0297
4.885,0.200421,0.30579,0.223162,0.125817,0.0903149,0.0106133,0.0288954,-0.00926295,-0.0154721,-0.0296997
4.89,0.200422,0.305794,0.223166,0.125821,0.0903173,0.0106147,0.0288967,-0.00926201,-0.0154715,-0.0296994
4.895,0.200423,0.305797,0.223169,0.125824,0.0903196,0.0106162,0.0288979,-0.00926108,-0.0154709,-0.029699
4.9,0.200425,0.3058,0.223172,0.125828,0.090322,0.0106177,0.0288991,-0.00926016,-0.0154703,-0.0296987
4.905,0.200426,0.305803,0.223175,0.125831,0.0903243,0.0106191,0.0289003,-0.00925924,-0.0154697,-0.0296984
4.91,0.200427,0.305806,0.223179,0.125835,0.0903266,0.0106205,0.0289016,-0.00925833,-0.0154691,-0.0296981
4.915,0.200429,0.305809,0.223182,0.125838,0.0903289,0.0106219,0.0289027,-0.00925743,-0.0154686,-0.0296979
4.92,0.20043,0.305812,0.223185,0.125842,0.0903312,0.0106234,0.0289039,-0.00925654,-0.015468,-0.0296976
4.925,0.200431,0.305814,0.223188,0.125845,0.0903334,0.0106247,0.0289051,-0.00925565,-0.0154675,-0.0296973
4.93,0.200432,0.305817,0.223191,0.125848,0.0903356,0.0106261,0.0289063,-0.00925477,-0.0154669,-0.029697
4.935,0.200433,0.30582,0.223194,0.125852,0.0903378,0.0106275,0.0289074,-0.0092539,-0.0154663,-0.0296967
4.94,0.200435,0.305823,0.223197,0.125855,0.09034,0.0106289,0.0289086,-0.00925304,-0.0154658,-0.0296964
4.945,0.200436,0.305826,0.2232,0.125858,0.0903422,0.0106302,0.0289097,-0.00925218,-0.0154653,-0.0296961
4.95,0.200437,0.305829,0.223203,0.125861,0.0903444,0.0106315,0.0289108,-0.00925133,-0.0154647,-0.0296959
4.955,0.200438,0.305831,0.223206,0.125865,0.0903465,0.0106329,0.0289119,-0.00925049,-0.0154642,-0.0296956
4.96,0.200439,0.305834,0.223209,0.125868,0.0903486,0.0106342,0.028913,-0.00924965,-0.0154637,-0.0296953
4.965,0.200441,0.305837,0.223212,0.125871,0.0903507,0.0106355,0.0289141,-0.00924882,-0.0154631,-0.029695
4.97,0.200442,0.30584,0.223215,0.125874,0.0903528,0.0106368,0.0289152,-0.009248,-0.0154626,-0.0296948
4.975,0.200443,0.305842,0.223218,0.125877,0.0903549,0.0106381,0.0289163,-0.00924719,-0.0154621,-0.0296945
4.98,0.200444,0.305845,0.223221,0.12588,0.0903569,0.0106393,0.0289174,-0.00924638,-0.0154616,-0.0296942
4.985,0.200445,0.305848,0.223224,0.125883,0.090359,0.0106406,0.0289184,-0.00924558,-0.0154611,-0.029694
4.99,0.200446,0.30585,0.223226,0.125886,0.090361,0.0106418,0.0289195,-0.00924478,-0.0154606,-0.0296937
4.995,0.200447,0.305853,0.223229,0.125889,0.090363,0.0106431,0.0289205,-0.00924399,-0.0154601,-0.0296935
5,0.200448,0.305855,0.223232,0.125892,0.090365,0.0106443,0.0289215,-0.00924321,-0.0154596,-0.0296932
5.005,0.200449,0.305858,0.223235,0.125895,0.0903669,0.0106455,0.0289226,-0.00924244,-0.0154591,-0.029693
5.01,0.200451,0.30586,0.223237,0.125898,0.0903689,0.0106467,0.0289236,-0.00924167,-0.0154586,-0.0296927
5.015,0.200452,0.305863,0.22324,0.125901,0.0903708,0.0106479,0.0289246,-0.0092409,-0.0154581,-0.0296925
5.02,0.200453,0.305865,0.223243,0.125904,0.0903727,0.0106491,0.0289256,-0.00924015,-0.0154577,-0.0296922
5.025,0.200454,0.305868,0.223245,0.125907,0.0903746,0.0106503,0.0289266,-0.0092394,-0.0154572,-0.029692
5.03,0.200455,0.30587,0.223248,0.12591,0.0903765,0.0106515,0.0289276,-0.00923865,-0.0154567,-0.0296917
5.035,0.200456,0.305873,0.223251,0.125912,0.0903784,0.0106526,0.0289285,-0.00923792,-0.0154562,-0.0296915
5.04,0.200457,0.305875,0.223253,0.125915,0.0903802,0.0106538,0.0289295,-0.00923719,-0.0154558,-0.0296912
5.045,0.200458,0.305877,0.223256,0.125918,0.0903821,0.0106549,0.0289305,-0.00923646,-0.0154553,-0.029691
5.05,0.200459,0.30588,0.223258,0.125921,0.0903839,0.010656,0.0289314,-0.00923574,-0.0154549,-0.0296908
5.055,0.20046,0.305882,0.223261,0.125923,0.0903857,0.0106572,0.0289324,-0.00923503,-0.0154544,-0.0296905
5.06,0.200461,0.305884,0.223263,0.125926,0.0903875,0.0106583,0.0289333,-0.00923432,-0.015454,-0.0296903
5.065,0.200462,0.305887,0.223266,0.125929,0.0903893,0.0106594,0.0289342,-0.00923362,-0.0154535,-0.0296901
5.07,0.200463,0.305889,0.223268,0.125932,0.090391,0.0106605,0.0289351,-0.00923292,-0.0154531,-0.0296898
5.075,0.200464,0.305891,0.223271,0.125934,0.0903928,0.0106615,0.0289361,-0.00923223,-0.0154527,-0.0296896
5.08,0.200465,0.305894,0.223273,0.125937,0.0903945,0.0106626,0.028937,-0.00923155,-0.0154522,-0.0296894
5.085,0.200466,0.305896,0.223276,0.125939,0.0903962,0.0106637,0.0289379,-0.00923087,-0.0154518,-0.0296892
5.09,0.200466,0.305898,0.223278,0.125942,0.0903979,0.0106647,0.0289387,-0.00923019,-0.0154514,-0.0296889
5.095,0.200467,0.3059,0.22328,0.125944,0.0903996,0.0106658,0.0289396,-0.00922953,-0.0154509,-0.0296887
5.1,0.200468,0.305902,0.223283,0.125947,0.0904013,0.0106668,0.0289405,-0.00922886,-0.0154505,-0.0296885
5.105,0.200469,0.305905,0.223285,0.125949,0.090403,0.0106679,0.0289414,-0.00922821,-0.0154501,-0.0296883
5.11,0.20047,0.305907,0.223287,0.125952,0.0904046,0.0106689,0.0289422,-0.00922756,-0.0154497,-0.0296881
5.115,0.200471,0.305909,0.223289,0.125954,0.0904063,0.0106699,0.0289431,-0.00922691,-0.0154493,-0.0296879
5.12,0.200472,0.305911,0.223292,0.125957,0.0904079,0.0106709,0.0289439,-0.00922627,-0.0154489,-0.0296876
5.125,0.200473,0.305913,0.223294,0.125959,0.0904095,0.0106719,0.0289448,-0.00922563,-0.0154485,-0.0296874
5.13,0.200474,0.305915,0.223296,0.125962,0.0904111,0.0106729,0.0289456,-0.009225,-0.0154481,-0.0296872
5.135,0.200475,0.305917,0.223298,0.125964,0.0904127,0.0106739,0.0289464,-0.00922438,-0.0154477,-0.029687
5.14,0.200475,0.305919,0.223301,0.125966,0.0904142,0.0106748,0.0289472,-0.00922376,-0.0154473,-0.0296868
5.145,0.200476,0.305921,0.223303,0.125969,0.0904158,0.0106758,0.0289481,-0.00922314,-0.0154469,-0.0296866
5.15,0.200477,0.305923,0.223305,0.125971,0.0904173,0.0106768,0.0289489,-0.00922253,-0.0154465,-0.0296864
5.155,0.200478,0.305925,0.223307,0.125973,0.0904189,0.0106777,0.0289497,-0.00922193,-0.0154461,-0.0296862
5.16,0.200479,0.305927,0.223309,0.125976,0.0904204,0.0106787,0.0289504,-0.00922133,-0.0154457,-0.029686
5.165,0.20048,0.305929,0.223311,0.125978,0.0904219,0.0106796,0.0289512,-0.00922074,-0.0154454,-0.0296858
5.17,0.20048,0.305931,0.223313,0.12598,0.0904234,0.0106805,0.028952,-0.00922015,-0.015445,-0.0296856
5.175,0.200481,0.305933,0.223315,0.125982,0.0904249,0.0106814,0.0289528,-0.00921956,-0.0154446,-0.0296854
5.18,0.200482,0.305935,0.223317,0.125985,0.0904263,0.0106823,0.0289536,-0.00921898,-0.0154443,-0.0296852
5.185,0.200483,0.305937,0.223319,0.125987,0.0904278,0.0106832,0.0289543,-0.00921841,-0.0154439,-0.029685
5.19,0.200484,0.305939,0.223321,0.125989,0.0904292,0.0106841,0.0289551,-0.00921784,-0.0154435,-0.0296848
5.195,0.200484,0.30594,0.223323,0.125991,0.0904307,0.010685,0.0289558,-0.00921727,-0.0154432,-0.0296847
5.2,0.200485,0.305942,0.223325,0.125993,0.0904321,0.0106859,0.0289565,-0.00921671,-0.0154428,-0.0296845
5.205,0.200486,0.305944,0.223327,0.125995,0.0904335,0.0106868,0.0289573,-0.00921615,-0.0154425,-0.0296843
5.21,0.200487,0.305946,0.223329,0.125997,0.0904349,0.0106876,0.028958,-0.0092156,-0.0154421,-0.0296841
5.215,0.200488,0.305948,0.223331,0.126,0.0904363,0.0106885,0.0289587,-0.00921505,-0.0154418,-0.0296839
5.22,0.200488,0.30595,0.223333,0.126002,0.0904376,0.0106894,0.0289594,-0.00921451,-0.0154414,-0.0296837
5.225,0.200489,0.305951,0.223335,0.126004,0.090439,0.0106902,0.0289602,-0.00921397,-0.0154411,-0.0296836
5.23,0.20049,0.305953,0.223337,0.126006,0.0904403,0.010691,0.0289609,-0.00921344,-0.0154407,-0.0296834
5.235,0.200491,0.305955,0.223339,0.126008,0.0904417,0.0106919,0.0289616,-0.00921291,-0.0154404,-0.0296832
5.24,0.200491,0.305956,0.223341,0.12601,0.090443,0.0106927,0.0289623,-0.00921238,-0.0154401,-0.029683
5.245,0.200492,0.305958,0.223343,0.126012,0.0904443,0.0106935,0.0289629,-0.00921186,-0.0154397,-0.0296829
5.25,0.200493,0.30596,0.223344,0.126014,0.0904456,0.0106943,0.0289636,-0.00921135,-0.0154394,-0.0296827
5.255,0.200493,0.305962,0.223346,0.126016,0.0904469,0.0106951,0.0289643,-0.00921084,-0.0154391,-0.0296825
5.26,0.200494,0.305963,0.223348,0.126017,0.0904482,0.0106959,0.028965,-0.00921033,-0.0154388,-0.0296824
5.265,0.200495,0.305965,0.22335,0.126019,0.0904495,0.0106967,0.0289656,-0.00920983,-0.0154385,-0.0296822
5.27,0.200496,0.305967,0.223351,0.126021,0.0904508,0.0106975,0.0289663,-0.00920933,-0.0154381,-0.029682
5.275,0.200496,0.305968,0.223353,0.126023,0.090452,0.0106983,0.0289669,-0.00920883,-0.0154378,-0.0296819
5.28,0.200497,0.30597,0.223355,0.126025,0.0904533,0.010699,0.0289676,-0.00920834,-0.0154375,-0.0296817
5.285,0.200498,0.305971,0.223357,0.126027,0.0904545,0.0106998,0.0289682,-0.00920785,-0.0154372,-0.0296815
5.29,0.200498,0.305973,0.223358,0.126029,0.0904557,0.0107006,0.0289689,-0.00920737,-0.0154369,-0.0296814
5.295,0.200499,0.305975,0.22336,0.126031,0.0904569,0.0107013,0.0289695,-0.00920689,-0.0154366,-0.0296812
5.3,0.2005,0.305976,0.223362,0.126032,0.0904581,0.0107021,0.0289701,-0.00920642,-0.0154363,-0.0296811
5.305,0.2005,0.305978,0.223363,0.126034,0.0904593,0.0107028,0.0289708,-0.00920595,-0.015436,-0.0296809
5.31,0.200501,0.305979,0.223365,0.126036,0.0904605,0.0107035,0.0289714,-0.00920548,-0.0154357,-0.0296808
5.315,0.200501,0.305981,0.223367,0.126038,0.0904617,0.0107043,0.028972,-0.00920502,-0.0154354,-0.0296806
5.32,0.200502,0.305982,0.223368,0.126039,0.0904628,0.010705,0.0289726,-0.00920456,-0.0154351,-0.0296804
5.325,0.200503,0.305984,0.22337,0.126041,0.090464,0.0107057,0.0289732,-0.0092041,-0.0154348,-0.0296803
5.33,0.200503,0.305985,0.223371,0.126043,0.0904651,0.0107064,0.0289738,-0.00920365,-0.0154345,-0.0296801
5.335,0.200504,0.305987,0.223373,0.126045,0.0904663,0.0107071,0.0289744,-0.00920321,-0.0154343,-0.02968
5.34,0.200505,0.305988,0.223375,0.126046,0.0904674,0.0107078,0.028975,-0.00920276,-0.015434,-0.0296799
5.345,0.200505,0.305989,0.223376,0.126048,0.0904685,0.0107085,0.0289755,-0.00920232,-0.0154337,-0.0296797
5.35,0.200506,0.305991,0.223378,0.12605,0.0904696,0.0107092,0.0289761,-0.00920189,-0.0154334,-0.0296796
5.355,0.200506,0.305992,0.223379,0.126051,0.0904707,0.0107098,0.0289767,-0.00920145,-0.0154331,-0.0296794
5.36,0.200507,0.305994,0.223381,0.126053,0.0904718,0.0107105,0.0289773,-0.00920102,-0.0154329,-0.0296793
5.365,0.200508,0.305995,0.223382,0.126055,0.0904729,0.0107112,0.0289778,-0.0092006,-0.0154326,-0.0296791
5.37,0.200508,0.305997,0.223384,0.126056,0.0904739,0.0107119,0.0289784,-0.00920018,-0.0154323,-0.029679
5.375,0.200509,0.305998,0.223385,0.126058,0.090475,0.0107125,0.0289789,-0.00919976,-0.0154321,-0.0296789
5.38,0.200509,0.305999,0.223387,0.126059,0.090476,0.0107132,0.0289795,-0.00919934,-0.0154318,-0.0296787
5.385,0.20051,0.306001,0.223388,0.126061,0.0904771,0.0107138,0.02898,-0.00919893,-0.0154315,-0.0296786
5.39,0.200511,0.306002,0.22339,0.126062,0.0904781,0.0107144,0.0289806,-0.00919853,-0.0154313,-0.0296785
5.395,0.200511,0.306003,0.223391,0.126064,0.0904791,0.0107151,0.0289811,-0.00919812,-0.015431,-0.0296783
5.4,0.200512,0.306005,0.223392,0.126065,0.0904801,0.0107157,0.0289816,-0.00919772,-0.0154308,-0.0296782
5.405,0.200512,0.306006,0.223394,0.126067,0.0904812,0.0107163,0.0289821,-0.00919732,-0.0154305,-0.0296781
5.41,0.200513,0.306007,0.223395,0.126068,0.0904822,0.010717,0.0289827,-0.00919693,-0.0154303,-0.0296779
5.415,0.200513,0.306008,0.223397,0.12607,0.0904831,0.0107176,0.0289832,-0.00919654,-0.01543,-0.0296778
5.42,0.200514,0.30601,0.223398,0.126071,0.0904841,0.0107182,0.0289837,-0.00919615,-0.0154298,-0.0296777
5.425,0.200514,0.306011,0.223399,0.126073,0.0904851,0.0107188,0.0289842,-0.00919577,-0.0154295,-0.0296775
5.43,0.200515,0.306012,0.223401,0.126074,0.0904861,0.0107194,0.0289847,-0.00919538,-0.0154293,-0.0296774
5.435,0.200515,0.306014,0.223402,0.126076,0.090487,0.01072,0.0289852,-0.00919501,-0.0154291,-0.0296773
5.44,0.200516,0.306015,0.223403,0.126077,0.090488,0.0107206,0.0289857,-0.00919463,-0.0154288,-0.0296772
5.445,0.200516,0.306016,0.223405,0.126079,0.0904889,0.0107211,0.0289862,-0.00919426,-0.0154286,-0.0296771
5.45,0.200517,0.306017,0.223406,0.12608,0.0904899,0.0107217,0.0289867,-0.00919389,-0.0154284,-0.0296769
5.455,0.200517,0.306018,0.223407,0.126081,0.0904908,0.0107223,0.0289872,-0.00919353,-0.0154281,-0.0296768
5.46,0.200518,0.30602,0.223408,0.126083,0.0904917,0.0107229,0.0289876,-0.00919316,-0.0154279,-0.0296767
5.465,0.200518,0.306021,0.22341,0.126084,0.0904926,0.0107234,0.0289881,-0.0091928,-0.0154277,-0.0296766
5.47,0.200519,0.306022,0.223411,0.126086,0.0904935,0.010724,0.0289886,-0.00919245,-0.0154274,-0.0296765
5.475,0.200519,0.306023,0.223412,0.126087,0.0904944,0.0107246,0.0289891,-0.00919209,-0.0154272,-0.0296763
5.48,0.20052,0.306024,0.223413,0.126088,0.0904953,0.0107251,0.0289895,-0.00919174,-0.015427,-0.0296762
5.485,0.20052,0.306025,0.223415,0.12609,0.0904962,0.0107256,0.02899,-0.0091914,-0.0154268,-0.0296761
5.49,0.200521,0.306026,0.223416,0.126091,0.0904971,0.0107262,0.0289904,-0.00919105,-0.0154266,-0.029676
5.495,0.200521,0.306028,0.223417,0.126092,0.0904979,0.0107267,0.0289909,-0.00919071,-0.0154263,-0.0296759
5.5,0.200522,0.306029,0.223418,0.126093,0.0904988,0.0107273,0.0289913,-0.00919037,-0.0154261,-0.0296758
5.505,0.200522,0.30603,0.223419,0.126095,0.0904996,0.0107278,0.0289918,-0.00919003,-0.0154259,-0.0296757
5.51,0.200523,0.306031,0.223421,0.126096,0.0905005,0.0107283,0.0289922,-0.0091897,-0.0154257,-0.0296756
5.515,0.200523,0.306032,0.223422,0.126097,0.0905013,0.0107288,0.0289926,-0.00918937,-0.0154255,-0.0296754
5.52,0.200524,0.306033,0.223423,0.126099,0.0905021,0.0107293,0.0289931,-0.00918904,-0.0154253,-0.0296753
5.525,0.200524,0.306034,0.223424,0.1261,0.090503,0.0107299,0.0289935,-0.00918872,-0.0154251,-0.0296752
5.53,0.200525,0.306035,0.223425,0.126101,0.0905038,0.0107304,0.0289939,-0.0091884,-0.0154249,-0.0296751
5.535,0.200525,0.306036,0.223426,0.126102,0.0905046,0.0107309,0.0289944,-0.00918808,-0.0154247,-0.029675
5.54,0.200526,0.306037,0.223427,0.126103,0.0905054,0.0107314,0.0289948,-0.00918776,-0.0154245,-0.0296749
5.545,0.200526,0.306038,0.223429,0.126105,0.0905062,0.0107319,0.0289952,-0.00918744,-0.0154243,-0.0296748
5.55,0.200526,0.306039,0.22343,0.126106,0.090507,0.0107323,0.0289956,-0.00918713,-0.0154241,-0.0296747
5.555,0.200527,0.30604,0.223431,0.126107,0.0905078,0.0107328,0.028996,-0.00918682,-0.0154239,-0.0296746
5.56,0.200527,0.306041,0.223432,0.126108,0.0905085,0.0107333,0.0289964,-0.00918652,-0.0154237,-0.0296745
5.565,0.200528,0.306042,0.223433,0.126109,0.0905093,0.0107338,0.0289968,-0.00918621,-0.0154235,-0.0296744
5.57,0.200528,0.306043,0.223434,0.12611,0.0905101,0.0107343,0.0289972,-0.00918591,-0.0154233,-0.0296743
5.575,0.200529,0.306044,0.223435,0.126112,0.0905108,0.0107347,0.0289976,-0.00918561,-0.0154231,-0.0296742
5.58,0.200529,0.306045,0.223436,0.126113,0.0905116,0.0107352,0.028998,-0.00918532,-0.0154229,-0.0296741
5.585,0.200529,0.306046,0.223437,0.126114,0.0905123,0.0107357,0.0289984,-0.00918502,-0.0154227,-0.029674
5.59,0.20053,0.306047,0.223438,0.126115,0.0905131,0.0107361,0.0289988,-0.00918473,-0.0154226,-0.0296739
5.595,0.20053,0.306048,0.223439,0.126116,0.0905138,0.0107366,0.0289992,-0.00918444,-0.0154224,-0.0296738
5.6,0.200531,0.306049,0.22344,0.126117,0.0905145,0.010737,0.0289995,-0.00918415,-0.0154222,-0.0296737
5.605,0.200531,0.30605,0.223441,0.126118,0.0905152,0.0107375,0.0289999,-0.00918387,-0.015422,-0.0296736
5.61,0.200531,0.306051,0.223442,0.126119,0.090516,0.0107379,0.0290003,-0.00918359,-0.0154218,-0.0296735
5.615,0.200532,0.306052,0.223443,0.12612,0.0905167,0.0107384,0.0290007,-0.00918331,-0.0154217,-0.0296735
5.62,0.200532,0.306053,0.223444,0.126121,0.0905174,0.0107388,0.029001,-0.00918303,-0.0154215,-0.0296734
5.625,0.200532,0.306054,0.223445,0.126122,0.0905181,0.0107392,0.0290014,-0.00918276,-0.0154213,-0.0296733
5.63,0.200533,0.306055,0.223446,0.126124,0.0905188,0.0107396,0.0290018,-0.00918248,-0.0154211,-0.0296732
5.635,0.200533,0.306056,0.223447,0.126125,0.0905194,0.0107401,0.0290021,-0.00918221,-0.015421,-0.0296731
5.64,0.200534,0.306056,0.223448,0.126126,0.0905201,0.0107405,0.0290025,-0.00918194,-0.0154208,-0.029673
5.645,0.200534,0.306057,0.223449,0.126127,0.0905208,0.0107409,0.0290028,-0.00918168,-0.0154206,-0.0296729
5.65,0.200534,0.306058,0.22345,0.126128,0.0905215,0.0107413,0.0290032,-0.00918141,-0.0154205,-0.0296728
5.655,0.200535,0.306059,0.223451,0.126129,0.0905221,0.0107417,0.0290035,-0.00918115,-0.0154203,-0.0296727
5.66,0.200535,0.30606,0.223452,0.12613,0.0905228,0.0107421,0.0290039,-0.00918089,-0.0154201,-0.0296727
5.665,0.200535,0.306061,0.223453,0.126131,0.0905234,0.0107425,0.0290042,-0.00918064,-0.01542,-0.0296726
5.67,0.200536,0.306062,0.223453,0.126132,0.0905241,0.010743,0.0290045,-0.00918038,-0.0154198,-0.0296725
5.675,0.200536,0.306062,0.223454,0.126132,0.0905247,0.0107433,0.0290049,-0.00918013,-0.0154197,-0.0296724
5.68,0.200536,0.306063,0.223455,0.126133,0.0905254,0.0107437,0.0290052,-0.00917988,-0.0154195,-0.0296723
5.685,0.200537,0.306064,0.223456,0.126134,0.090526,0.0107441,0.0290055,-0.00917963,-0.0154193,-0.0296722
5.69,0.200537,0.306065,0.223457,0.126135,0.0905266,0.0107445,0.0290058,-0.00917938,-0.0154192,-0.0296722
5.695,0.200538,0.306066,0.223458,0.126136,0.0905272,0.0107449,0.0290062,-0.00917914,-0.015419,-0.0296721
5.7,0.200538,0.306066,0.223459,0.126137,0.0905279,0.0107453,0.0290065,-0.00917889,-0.0154189,-0.029672
5.705,0.200538,0.306067,0.22346,0.126138,0.0905285,0.0107457,0.0290068,-0.00917865,-0.0154187,-0.0296719
5.71,0.200539,0.306068,0.22346,0.126139,0.0905291,0.010746,0.0290071,-0.00917841,-0.0154186,-0.0296718
5.715,0.200539,0.306069,0.223461,0.12614,0.0905297,0.0107464,0.0290074,-0.00917818,-0.0154184,-0.0296718
5.72,0.200539,0.30607,0.223462,0.126141,0.0905303,0.0107468,0.0290077,-0.00917794,-0.0154183,-0.0296717
5.725,0.200539,0.30607,0.223463,0.126142,0.0905308,0.0107471,0.0290081,-0.00917771,-0.0154181,-0.0296716
5.73,0.20054,0.306071,0.223464,0.126143,0.0905314,0.0107475,0.0290084,-0.00917748,-0.015418,-0.0296715
5.735,0.20054,0.306072,0.223465,0.126143,0.090532,0.0107479,0.0290087,-0.00917725,-0.0154178,-0.0296715
5.74,0.20054,0.306073,0.223465,0.126144,0.0905326,0.0107482,0.029009,-0.00917702,-0.0154177,-0.0296714
5.745,0.200541,0.306073,0.223466,0.126145,0.0905332,0.0107486,0.0290093,-0.0091768,-0.0154175,-0.0296713
5.75,0.200541,0.306074,0.223467,0.126146,0.0905337,0.0107489,0.0290096,-0.00917657,-0.0154174,-0.0296712
5.755,0.200541,0.306075,0.223468,0.126147,0.0905343,0.0107493,0.0290098,-0.00917635,-0.0154173,-0.0296712
5.76,0.200542,0.306075,0.223468,0.126148,0.0905348,0.0107496,0.0290101,-0.00917613,-0.0154171,-0.0296711
5.765,0.200542,0.306076,0.223469,0.126149,0.0905354,0.01075,0.0290104,-0.00917591,-0.015417,-0.029671
5.77,0.200542,0.306077,0.22347,0.126149,0.0905359,0.0107503,0.0290107,-0.0091757,-0.0154168,-0.0296709
5.775,0.200543,0.306078,0.223471,0.12615,0.0905365,0.0107506,0.029011,-0.00917548,-0.0154167,-0.0296709
5.78,0.200543,0.306078,0.223472,0.126151,0.090537,0.010751,0.0290113,-0.00917527,-0.0154166,-0.0296708
5.785,0.200543,0.306079,0.223472,0.126152,0.0905376,0.0107513,0.0290116,-0.00917506,-0.0154164,-0.0296707
5.79,0.200543,0.30608,0.223473,0.126153,0.0905381,0.0107516,0.0290118,-0.00917485,-0.0154163,-0.0296707
5.795,0.200544,0.30608,0.223474,0.126153,0.0905386,0.010752,0.0290121,-0.00917464,-0.0154162,-0.0296706
5.8,0.200544,0.306081,0.223474,0.126154,0.0905391,0.0107523,0.0290124,-0.00917444,-0.015416,-0.0296705
5.805,0.200544,0.306082,0.223475,0.126155,0.0905396,0.0107526,0.0290126,-0.00917424,-0.0154159,-0.0296705
5.81,0.200545,0.306082,0.223476,0.126156,0.0905402,0.0107529,0.0290129,-0.00917403,-0.0154158,-0.0296704
5.815,0.200545,0.306083,0.223477,0.126156,0.0905407,0.0107532,0.0290132,-0.00917383,-0.0154157,-0.0296703
5.82,0.200545,0.306084,0.223477,0.126157,0.0905412,0.0107535,0.0290134,-0.00917363,-0.0154155,-0.0296703
5.825,0.200545,0.306084,0.223478,0.126158,0.0905417,0.0107538,0.0290137,-0.00917344,-0.0154154,-0.0296702
5.83,0.200546,0.306085,0.223479,0.126159,0.0905422,0.0107542,0.029014,-0.00917324,-0.0154153,-0.0296701
5.835,0.200546,0.306086,0.223479,0.126159,0.0905426,0.0107545,0.0290142,-0.00917305,-0.0154152,-0.0296701
5.84,0.200546,0.306086,0.22348,0.12616,0.0905431,0.0107548,0.0290145,-0.00917286,-0.015415,-0.02967
5.845,0.200547,0.306087,0.223481,0.126161,0.0905436,0.0107551,0.0290147,-0.00917267,-0.0154149,-0.0296699
5.85,0.200547,0.306087,0.223481,0.126162,0.0905441,0.0107554,0.029015,-0.00917248,-0.0154148,-0.0296699
5.855,0.200547,0.306088,0.223482,0.126162,0.0905446,0.0107557,0.0290152,-0.00917229,-0.0154147,-0.0296698
5.86,0.200547,0.306089,0.223483,0.126163,0.090545,0.0107559,0.0290155,-0.0091721,-0.0154146,-0.0296698
5.865,0.200548,0.306089,0.223483,0.126164,0.0905455,0.0107562,0.0290157,-0.00917192,-0.0154145,-0.0296697
5.87,0.200548,0.30609,0.223484,0.126164,0.090546,0.0107565,0.0290159,-0.00917174,-0.0154143,-0.0296696
5.875,0.200548,0.30609,0.223485,0.126165,0.0905464,0.0107568,0.0290162,-0.00917156,-0.0154142,-0.0296696
5.88,0.200548,0.306091,0.223485,0.126166,0.0905469,0.0107571,0.0290164,-0.00917138,-0.0154141,-0.0296695
5.885,0.200549,0.306092,0.223486,0.126166,0.0905473,0.0107574,0.0290167,-0.0091712,-0.015414,-0.0296695
5.89,0.200549,0.306092,0.223486,0.126167,0.0905478,0.0107576,0.0290169,-0.00917102,-0.0154139,-0.0296694
5.895,0.200549,0.306093,0.223487,0.126168,0.0905482,0.0107579,0.0290171,-0.00917085,-0.0154138,-0.0296693
5.9,0.200549,0.306093,0.223488,0.126168,0.0905487,0.0107582,0.0290173,-0.00917067,-0.0154137,-0.0296693
5.905,0.20055,0.306094,0.223488,0.126169,0.0905491,0.0107585,0.0290176,-0.0091705,-0.0154136,-0.0296692
5.91,0.20055,0.306095,0.223489,0.12617,0.0905495,0.0107587,0.0290178,-0.00917033,-0.0154134,-0.0296692
5.915,0.20055,0.306095,0.22349,0.12617,0.09055,0.010759,0.029018,-0.00917016,-0.0154133,-0.0296691
5.92,0.20055,0.306096,0.22349,0.126171,0.0905504,0.0107593,0.0290182,-0.00916999,-0.0154132,-0.0296691
5.925,0.20055,0.306096,0.223491,0.126172,0.0905508,0.0107595,0.0290185,-0.00916983,-0.0154131,-0.029669
5.93,0.200551,0.306097,0.223491,0.126172,0.0905512,0.0107598,0.0290187,-0.00916966,-0.015413,-0.029669
5.935,0.200551,0.306097,0.223492,0.126173,0.0905516,0.01076,0.0290189,-0.0091695,-0.0154129,-0.0296689
5.94,0.200551,0.306098,0.223492,0.126174,0.0905521,0.0107603,0.0290191,-0.00916933,-0.0154128,-0.0296688
5.945,0.200551,0.306098,0.223493,0.126174,0.0905525,0.0107605,0.0290193,-0.00916917,-0.0154127,-0.0296688
5.95,0.200552,0.306099,0.223494,0.126175,0.0905529,0.0107608,0.0290195,-0.00916901,-0.0154126,-0.0296687
5.955,0.200552,0.306099,0.223494,0.126175,0.0905533,0.010761,0.0290197,-0.00916886,-0.0154125,-0.0296687
5.96,0.200552,0.3061,0.223495,0.126176,0.0905537,0.0107613,0.02902,-0.0091687,-0.0154124,-0.0296686
5.965,0.200552,0.3061,0.223495,0.126177,0.0905541,0.0107615,0.0290202,-0.00916854,-0.0154123,-0.0296686
5.97,0.200552,0.306101,0.223496,0.126177,0.0905545,0.0107618,0.0290204,-0.00916839,-0.0154122,-0.0296685
5.975,0.200553,0.306101,0.223496,0.126178,0.0905548,0.010762,0.0290206,-0.00916823,-0.0154121,-0.0296685
5.98,0.200553,0.306102,0.223497,0.126178,0.0905552,0.0107623,0.0290208,-0.00916808,-0.015412,-0.0296684
5.985,0.200553,0.306102,0.223497,0.126179,0.0905556,0.0107625,0.029021,-0.00916793,-0.0154119,-0.0296684
5.99,0.200553,0.306103,0.223498,0.126179,0.090556,0.0107627,0.0290212,-0.00916778,-0.0154118,-0.0296683
5.995,0.200554,0.306103,0.223498,0.12618,0.0905564,0.010763,0.0290214,-0.00916763,-0.0154117,-0.0296683
6,0.200554,0.306104,0.223499,0.126181,0.0905567,0.0107632,0.0290216,-0.00916749,-0.0154116,-0.0296682
6.005,0.200554,0.306104,0.223499,0.126181,0.0905571,0.0107634,0.0290217,-0.00916734,-0.0154116,-0.0296682
6.01,0.200554,0.306105,0.2235,0.126182,0.0905575,0.0107636,0.0290219,-0.0091672,-0.0154115,-0.0296681
6.015,0.200554,0.306105,0.2235,0.126182,0.0905578,0.0107639,0.0290221,-0.00916705,-0.0154114,-0.0296681
6.02,0.200555,0.306106,0.223501,0.126183,0.0905582,0.0107641,0.0290223,-0.00916691,-0.0154113,-0.029668
6.025,0.200555,0.306106,0.223501,0.126183,0.0905585,0.0107643,0.0290225,-0.00916677,-0.0154112,-0.029668
6.03,0.200555,0.306107,0.223502,0.126184,0.0905589,0.0107645,0.0290227,-0.00916663,-0.0154111,-0.029668
6.035,0.200555,0.306107,0.223502,0.126184,0.0905593,0.0107648,0.0290229,-0.00916649,-0.015411,-0.0296679
6.04,0.200555,0.306108,0.223503,0.126185,0.0905596,0.010765,0.029023,-0.00916636,-0.0154109,-0.0296679
6.045,0.200555,0.306108,0.223503,0.126185,0.0905599,0.0107652,0.0290232,-0.00916622,-0.0154108,-0.0296678
6.05,0.200556,0.306108,0.223504,0.126186,0.0905603,0.0107654,0.0290234,-0.00916609,-0.0154108,-0.0296678
6.055,0.200556,0.306109,0.223504,0.126186,0.0905606,0.0107656,0.0290236,-0.00916595,-0.0154107,-0.0296677
6.06,0.200556,0.306109,0.223505,0.126187,0.090561,0.0107658,0.0290238,-0.00916582,-0.0154106,-0.0296677
6.065,0.200556,0.30611,0.223505,0.126187,0.0905613,0.010766,0.0290239,-0.00916569,-0.0154105,-0.0296676
6.07,0.200556,0.30611,0.223506,0.126188,0.0905616,0.0107662,0.0290241,-0.00916556,-0.0154104,-0.0296676
6.075,0.200557,0.306111,0.223506,0.126188,0.090562,0.0107664,0.0290243,-0.00916543,-0.0154103,-0.0296676
6.08,0.200557,0.306111,0.223507,0.126189,0.0905623,0.0107666,0.0290244,-0.0091653,-0.0154103,-0.0296675
6.085,0.200557,0.306111,0.223507,0.126189,0.0905626,0.0107668,0.0290246,-0.00916517,-0.0154102,-0.0296675
6.09,0.200557,0.306112,0.223508,0.12619,0.0905629,0.010767,0.0290248,-0.00916504,-0.0154101,-0.0296674
6.095,0.200557,0.306112,0.223508,0.12619,0.0905632,0.0107672,0.0290249,-0.00916492,-0.01541,-0.0296674
6.1,0.200557,0.306113,0.223508,0.126191,0.0905636,0.0107674,0.0290251,-0.0091648,-0.0154099,-0.0296674
6.105,0.200558,0.306113,0.223509,0.126191,0.0905639,0.0107676,0.0290253,-0.00916467,-0.0154099,-0.0296673
6.11,0.200558,0.306113,0.223509,0.126192,0.0905642,0.0107678,0.0290254,-0.00916455,-0.0154098,-0.0296673
6.115,0.200558,0.306114,0.22351,0.126192,0.0905645,0.010768,0.0290256,-0.00916443,-0.0154097,-0.0296672
6.12,0.200558,0.306114,0.22351,0.126193,0.0905648,0.0107682,0.0290258,-0.00916431,-0.0154096,-0.0296672
6.125,0.200558,0.306115,0.223511,0.126193,0.0905651,0.0107684,0.0290259,-0.00916419,-0.0154096,-0.0296672
6.13,0.200558,0.306115,0.223511,0.126194,0.0905654,0.0107686,0.0290261,-0.00916407,-0.0154095,-0.0296671
6.135,0.200559,0.306115,0.223511,0.126194,0.0905657,0.0107687,0.0290262,-0.00916395,-0.0154094,-0.0296671
6.14,0.200559,0.306116,0.223512,0.126194,0.090566,0.0107689,0.0290264,-0.00916384,-0.0154093,-0.029667
6.145,0.200559,0.306116,0.223512,0.126195,0.0905663,0.0107691,0.0290265,-0.00916372,-0.0154093,-0.029667
6.15,0.200559,0.306117,0.223513,0.126195,0.0905666,0.0107693,0.0290267,-0.00916361,-0.0154092,-0.029667
6.155,0.200559,0.306117,0.223513,0.126196,0.0905668,0.0107695,0.0290268,-0.0091635,-0.0154091,-0.0296669
6.16,0.200559,0.306117,0.223513,0.126196,0.0905671,0.0107696,0.029027,-0.00916338,-0.015409,-0.0296669
6.165,0.20056,0.306118,0.223514,0.126197,0.0905674,0.0107698,0.0290271,-0.00916327,-0.015409,-0.0296668
6.17,0.20056,0.306118,0.223514,0.126197,0.0905677,0.01077,0.0290273,-0.00916316,-0.0154089,-0.0296668
6.175,0.20056,0.306118,0.223515,0.126197,0.090568,0.0107702,0.0290274,-0.00916305,-0.0154088,-0.0296668
6.18,0.20056,0.306119,0.223515,0.126198,0.0905682,0.0107703,0.0290276,-0.00916294,-0.0154088,-0.0296667
6.185,0.20056,0.306119,0.223515,0.126198,0.0905685,0.0107705,0.0290277,-0.00916284,-0.0154087,-0.0296667
6.19,0.20056,0.306119,0.223516,0.126199,0.0905688,0.0107707,0.0290278,-0.00916273,-0.0154086,-0.0296667
6.195,0.20056,0.30612,0.223516,0.126199,0.0905691,0.0107708,0.029028,-0.00916262,-0.0154086,-0.0296666
6.2,0.200561,0.30612,0.223516,0.1262,0.0905693,0.010771,0.0290281,-0.00916252,-0.0154085,-0.0296666
6.205,0.200561,0.30612,0.223517,0.1262,0.0905696,0.0107712,0.0290283,-0.00916241,-0.0154084,-0.0296666
6.21,0.200561,0.306121,0.223517,0.1262,0.0905698,0.0107713,0.0290284,-0.00916231,-0.0154084,-0.0296665
6.215,0.200561,0.306121,0.223518,0.126201,0.0905701,0.0107715,0.0290285,-0.00916221,-0.0154083,-0.0296665
6.22,0.200561,0.306122,0.223518,0.126201,0.0905704,0.0107716,0.0290287,-0.00916211,-0.0154082,-0.0296665
6.225,0.200561,0.306122,0.223518,0.126201,0.0905706,0.0107718,0.0290288,-0.009162,-0.0154082,-0.0296664
6.23,0.200561,0.306122,0.223519,0.126202,0.0905709,0.010772,0.0290289,-0.00916191,-0.0154081,-0.0296664
6.235,0.200562,0.306122,0.223519,0.126202,0.0905711,0.0107721,0.0290291,-0.00916181,-0.015408,-0.0296664
6.24,0.200562,0.306123,0.223519,0.126203,0.0905714,0.0107723,0.0290292,-0.00916171,-0.015408,-0.0296663
6.245,0.200562,0.306123,0.22352,0.126203,0.0905716,0.0107724,0.0290293,-0.00916161,-0.0154079,-0.0296663
6.25,0.200562,0.306123,0.22352,0.126203,0.0905719,0.0107726,0.0290294,-0.00916151,-0.0154079,-0.0296663
6.255,0.200562,0.306124,0.22352,0.126204,0.0905721,0.0107727,0.0290296,-0.00916142,-0.0154078,-0.0296662
6.26,0.200562,0.306124,0.223521,0.126204,0.0905723,0.0107729,0.0290297,-0.00916132,-0.0154077,-0.0296662
6.265,0.200562,0.306124,0.223521,0.126204,0.0905726,0.010773,0.0290298,-0.00916123,-0.0154077,-0.0296662
6.27,0.200563,0.306125,0.223521,0.126205,0.0905728,0.0107732,0.0290299,-0.00916113,-0.0154076,-0.0296661
6.275,0.200563,0.306125,0.223522,0.126205,0.0905731,0.0107733,0.0290301,-0.00916104,-0.0154076,-0.0296661
6.28,0.200563,0.306125,0.223522,0.126205,0.0905733,0.0107735,0.0290302,-0.00916095,-0.0154075,-0.0296661
6.285,0.200563,0.306126,0.223522,0.126206,0.0905735,0.0107736,0.0290303,-0.00916086,-0.0154074,-0.0296661
6.29,0.200563,0.306126,0.223523,0.126206,0.0905738,0.0107737,0.0290304,-0.00916077,-0.0154074,-0.029666
6.295,0.200563,0.306126,0.223523,0.126206,0.090574,0.0107739,0.0290305,-0.00916068,-0.0154073,-0.029666
6.3,0.200563,0.306126,0.223523,0.126207,0.0905742,0.010774,0.0290307,-0.00916059,-0.0154073,-0.029666
6.305,0.200563,0.306127,0.223524,0.126207,0.0905744,0.0107742,0.0290308,-0.0091605,-0.0154072,-0.0296659
6.31,0.200564,0.306127,0.223524,0.126208,0.0905746,0.0107743,0.0290309,-0.00916041,-0.0154072,-0.0296659
6.315,0.200564,0.306127,0.223524,0.126208,0.0905749,0.0107744,0.029031,-0.00916033,-0.0154071,-0.0296659
6.32,0.200564,0.306128,0.223524,0.126208,0.0905751,0.0107746,0.0290311,-0.00916024,-0.0154071,-0.0296659
6.325,0.200564,0.306128,0.223525,0.126208,0.0905753,0.0107747,0.0290312,-0.00916016,-0.015407,-0.0296658
6.33,0.200564,0.306128,0.223525,0.126209,0.0905755,0.0107748,0.0290313,-0.00916007,-0.015407,-0.0296658
6.335,0.200564,0.306128,0.223525,0.126209,0.0905757,0.010775,0.0290315,-0.00915999,-0.0154069,-0.0296658
6.34,0.200564,0.306129,0.223526,0.126209,0.0905759,0.0107751,0.0290316,-0.0091599,-0.0154068,-0.0296657
6.345,0.200564,0.306129,0.223526,0.12621,0.0905761,0.0107752,0.0290317,-0.00915982,-0.0154068,-0.0296657
6.35,0.200564,0.306129,0.223526,0.12621,0.0905764,0.0107754,0.0290318,-0.00915974,-0.0154067,-0.0296657
6.355,0.200565,0.30613,0.223527,0.12621,0.0905766,0.0107755,0.0290319,-0.00915966,-0.0154067,-0.0296657
6.36,0.200565,0.30613,0.223527,0.126211,0.0905768,0.0107756,0.029032,-0.00915958,-0.0154066,-0.0296656
6.365,0.200565,0.30613,0.223527,0.126211,0.090577,0.0107757,0.0290321,-0.0091595,-0.0154066,-0.0296656
6.37,0.200565,0.30613,0.223527,0.126211,0.0905772,0.0107759,0.0290322,-0.00915942,-0.0154065,-0.0296656
6.375,0.200565,0.306131,0.223528,0.126212,0.0905774,0.010776,0.0290323,-0.00915934,-0.0154065,-0.0296656
6.38,0.200565,0.306131,0.223528,0.126212,0.0905776,0.0107761,0.0290324,-0.00915926,-0.0154064,-0.0296655
6.385,0.200565,0.306131,0.223528,0.126212,0.0905778,0.0107762,0.0290325,-0.00915919,-0.0154064,-0.0296655
6.39,0.200565,0.306131,0.223528,0.126212,0.090578,0.0107763,0.0290326,-0.00915911,-0.0154063,-0.0296655
6.395,0.200565,0.306132,0.223529,0.126213,0.0905781,0.0107765,0.0290327,-0.00915903,-0.0154063,-0.0296655
6.4,0.200566,0.306132,0.223529,0.126213,0.0905783,0.0107766,0.0290328,-0.00915896,-0.0154062,-0.0296654
6.405,0.200566,0.306132,0.223529,0.126213,0.0905785,0.0107767,0.0290329,-0.00915889,-0.0154062,-0.0296654
6.41,0.200566,0.306132,0.22353,0.126214,0.0905787,0.0107768,0.029033,-0.00915881,-0.0154062,-0.0296654
6.415,0.200566,0.306133,0.22353,0.126214,0.0905789,0.0107769,0.0290331,-0.00915874,-0.0154061,-0.0296654
6.42,0.200566,0.306133,0.22353,0.126214,0.0905791,0.010777,0.0290332,-0.00915867,-0.0154061,-0.0296653
6.425,0.200566,0.306133,0.22353,0.126214,0.0905793,0.0107772,0.0290333,-0.00915859,-0.015406,-0.0296653
6.43,0.200566,0.306133,0.223531,0.126215,0.0905794,0.0107773,0.0290334,-0.00915852,-0.015406,-0.0296653
6.435,0.200566,0.306133,0.223531,0.126215,0.0905796,0.0107774,0.0290335,-0.00915845,-0.0154059,-0.0296653
6.44,0.200566,0.306134,0.223531,0.126215,0.0905798,0.0107775,0.0290336,-0.00915838,-0.0154059,-0.0296652
6.445,0.200566,0.306134,0.223531,0.126216,0.09058,0.0107776,0.0290337,-0.00915831,-0.0154058,-0.0296652
6.45,0.200567,0.306134,0.223532,0.126216,0.0905802,0.0107777,0.0290338,-0.00915824,-0.0154058,-0.0296652
6.455,0.200567,0.306134,0.223532,0.126216,0.0905803,0.0107778,0.0290339,-0.00915817,-0.0154057,-0.0296652
6.46,0.200567,0.306135,0.223532,0.126216,0.0905805,0.0107779,0.0290339,-0.0091581,-0.0154057,-0.0296651
6.465,0.200567,0.306135,0.223532,0.126217,0.0905807,0.010778,0.029034,-0.00915804,-0.0154057,-0.0296651
6.47,0.200567,0.306135,0.223532,0.126217,0.0905808,0.0107781,0.0290341,-0.00915797,-0.0154056,-0.0296651
6.475,0.200567,0.306135,0.223533,0.126217,0.090581,0.0107782,0.0290342,-0.0091579,-0.0154056,-0.0296651
6.48,0.200567,0.306136,0.223533,0.126217,0.0905812,0.0107783,0.0290343,-0.00915784,-0.0154055,-0.0296651
6.485,0.200567,0.306136,0.223533,0.126218,0.0905813,0.0107784,0.0290344,-0.00915777,-0.0154055,-0.029665
6.49,0.200567,0.306136,0.223533,0.126218,0.0905815,0.0107785,0.0290345,-0.00915771,-0.0154055,-0.029665
6.495,0.200567,0.306136,0.223534,0.126218,0.0905817,0.0107786,0.0290346,-0.00915764,-0.0154054,-0.029665
6.5,0.200567,0.306136,0.223534,0.126218,0.0905818,0.0107787,0.0290346,-0.00915758,-0.0154054,-0.029665
6.505,0.200568,0.306137,0.223534,0.126219,0.090582,0.0107788,0.0290347,-0.00915752,-0.0154053,-0.029665
6.51,0.200568,0.306137,0.223534,0.126219,0.0905821,0.0107789,0.0290348,-0.00915746,-0.0154053,-0.0296649
6.515,0.200568,0.306137,0.223535,0.126219,0.0905823,0.010779,0.0290349,-0.00915739,-0.0154053,-0.0296649
6.52,0.200568,0.306137,0.223535,0.126219,0.0905825,0.0107791,0.029035,-0.00915733,-0.0154052,-0.0296649
6.525,0.200568,0.306137,0.223535,0.126219,0.0905826,0.0107792,0.029035,-0.00915727,-0.0154052,-0.0296649
6.53,0.200568,0.306138,0.223535,0.12622,0.0905828,0.0107793,0.0290351,-0.00915721,-0.0154051,-0.0296649
6.535,0.200568,0.306138,0.223535,0.12622,0.0905829,0.0107794,0.0290352,-0.00915715,-0.0154051,-0.0296648
6.54,0.200568,0.306138,0.223536,0.12622,0.0905831,0.0107795,0.0290353,-0.00915709,-0.0154051,-0.0296648
6.545,0.200568,0.306138,0.223536,0.12622,0.0905832,0.0107796,0.0290354,-0.00915703,-0.015405,-0.0296648
6.55,0.200568,0.306138,0.223536,0.126221,0.0905834,0.0107797,0.0290354,-0.00915697,-0.015405,-0.0296648
6.555,0.200568,0.306139,0.223536,0.126221,0.0905835,0.0107798,0.0290355,-0.00915692,-0.015405,-0.0296648
6.56,0.200568,0.306139,0.223536,0.126221,0.0905837,0.0107799,0.0290356,-0.00915686,-0.0154049,-0.0296647
6.565,0.200569,0.306139,0.223537,0.126221,0.0905838,0.01078,0.0290357,-0.0091568,-0.0154049,-0.0296647
6.57,0.200569,0.306139,0.223537,0.126221,0.0905839,0.0107801,0.0290357,-0.00915674,-0.0154048,-0.0296647
6.575,0.200569,0.306139,0.223537,0.126222,0.0905841,0.0107802,0.0290358,-0.00915669,-0.0154048,-0.0296647
6.58,0.200569,0.306139,0.223537,0.126222,0.0905842,0.0107802,0.0290359,-0.00915663,-0.0154048,-0.0296647
6.585,0.200569,0.30614,0.223537,0.126222,0.0905844,0.0107803,0.029036,-0.00915658,-0.0154047,-0.0296646
6.59,0.200569,0.30614,0.223538,0.126222,0.0905845,0.0107804,0.029036,-0.00915652,-0.0154047,-0.0296646
6.595,0.200569,0.30614,0.223538,0.126223,0.0905846,0.0107805,0.0290361,-0.00915647,-0.0154047,-0.0296646
6.6,0.200569,0.30614,0.223538,0.126223,0.0905848,0.0107806,0.0290362,-0.00915641,-0.0154046,-0.0296646
6.605,0.200569,0.30614,0.223538,0.126223,0.0905849,0.0107807,0.0290362,-0.00915636,-0.0154046,-0.0296646
6.61,0.200569,0.306141,0.223538,0.126223,0.090585,0.0107807,0.0290363,-0.00915631,-0.0154046,-0.0296646
6.615,0.200569,0.306141,0.223539,0.126223,0.0905852,0.0107808,0.0290364,-0.00915626,-0.0154045,-0.0296645
6.62,0.200569,0.306141,0.223539,0.126224,0.0905853,0.0107809,0.0290365,-0.0091562,-0.0154045,-0.0296645
6.625,0.200569,0.306141,0.223539,0.126224,0.0905854,0.010781,0.0290365,-0.00915615,-0.0154045,-0.0296645
6.63,0.20057,0.306141,0.223539,0.126224,0.0905856,0.0107811,0.0290366,-0.0091561,-0.0154044,-0.0296645
6.635,0.20057,0.306141,0.223539,0.126224,0.0905857,0.0107812,0.0290367,-0.00915605,-0.0154044,-0.0296645
6.64,0.20057,0.306142,0.223539,0.126224,0.0905858,0.0107812,0.0290367,-0.009156,-0.0154044,-0.0296645
6.645,0.20057,0.306142,0.22354,0.126224,0.090586,0.0107813,0.0290368,-0.00915595,-0.0154043,-0.0296644
6.65,0.20057,0.306142,0.22354,0.126225,0.0905861,0.0107814,0.0290369,-0.0091559,-0.0154043,-0.0296644
6.655,0.20057,0.306142,0.22354,0.126225,0.0905862,0.0107815,0.0290369,-0.00915585,-0.0154043,-0.0296644
6.66,0.20057,0.306142,0.22354,0.126225,0.0905863,0.0107815,0.029037,-0.0091558,-0.0154042,-0.0296644
6.665,0.20057,0.306142,0.22354,0.126225,0.0905864,0.0107816,0.029037,-0.00915576,-0.0154042,-0.0296644
6.67,0.20057,0.306143,0.22354,0.126225,0.0905866,0.0107817,0.0290371,-0.00915571,-0.0154042,-0.0296644
6.675,0.20057,0.306143,0.223541,0.126226,0.0905867,0.0107818,0.0290372,-0.00915566,-0.0154042,-0.0296643
6.68,0.20057,0.306143,0.223541,0.126226,0.0905868,0.0107818,0.0290372,-0.00915561,-0.0154041,-0.0296643
6.685,0.20057,0.306143,0.223541,0.126226,0.0905869,0.0107819,0.0290373,-0.00915557,-0.0154041,-0.0296643
6.69,0.20057,0.306143,0.223541,0.126226,0.090587,0.010782,0.0290374,-0.00915552,-0.0154041,-0.0296643
6.695,0.20057,0.306143,0.223541,0.126226,0.0905872,0.0107821,0.0290374,-0.00915547,-0.015404,-0.0296643
6.7,0.20057,0.306143,0.223541,0.126226,0.0905873,0.0107821,0.0290375,-0.00915543,-0.015404,-0.0296643
6.705,0.200571,0.306144,0.223542,0.126227,0.0905874,0.0107822,0.0290375,-0.00915538,-0.015404,-0.0296642
6.71,0.200571,0.306144,0.223542,0.126227,0.0905875,0.0107823,0.0290376,-0.00915534,-0.015404,-0.0296642
6.715,0.200571,0.306144,0.223542,0.126227,0.0905876,0.0107823,0.0290377,-0.00915529,-0.0154039,-0.0296642
6.72,0.200571,0.306144,0.223542,0.126227,0.0905877,0.0107824,0.0290377,-0.00915525,-0.0154039,-0.0296642
6.725,0.200571,0.306144,0.223542,0.126227,0.0905878,0.0107825,0.0290378,-0.00915521,-0.0154039,-0.0296642
6.73,0.200571,0.306144,0.223542,0.126227,0.0905879,0.0107825,0.0290378,-0.00915516,-0.0154038,-0.0296642
6.735,0.200571,0.306144,0.223543,0.126228,0.0905881,0.0107826,0.0290379,-0.00915512,-0.0154038,-0.0296642
6.74,0.200571,0.306145,0.223543,0.126228,0.0905882,0.0107827,0.0290379,-0.00915508,-0.0154038,-0.0296641
6.745,0.200571,0.306145,0.223543,0.126228,0.0905883,0.0107827,0.029038,-0.00915504,-0.0154038,-0.0296641
6.75,0.200571,0.306145,0.223543,0.126228,0.0905884,0.0107828,0.0290381,-0.00915499,-0.0154037,-0.0296641
6.755,0.200571,0.306145,0.223543,0.126228,0.0905885,0.0107829,0.0290381,-0.00915495,-0.0154037,-0.0296641
6.76,0.200571,0.306145,0.223543,0.126228,0.0905886,0.0107829,0.0290382,-0.00915491,-0.0154037,-0.0296641
6.765,0.200571,0.306145,0.223543,0.126229,0.0905887,0.010783,0.0290382,-0.00915487,-0.0154037,-0.0296641
6.77,0.200571,0.306145,0.223544,0.126229,0.0905888,0.0107831,0.0290383,-0.00915483,-0.0154036,-0.0296641
6.775,0.200571,0.306146,0.223544,0.126229,0.0905889,0.0107831,0.0290383,-0.00915479,-0.0154036,-0.0296641
6.78,0.200571,0.306146,0.223544,0.126229,0.090589,0.0107832,0.0290384,-0.00915475,-0.0154036,-0.029664
6.785,0.200571,0.306146,0.223544,0.126229,0.0905891,0.0107833,0.0290384,-0.00915471,-0.0154036,-0.029664
6.79,0.200572,0.306146,0.223544,0.126229,0.0905892,0.0107833,0.0290385,-0.00915467,-0.0154035,-0.029664
6.795,0.200572,0.306146,0.223544,0.12623,0.0905893,0.0107834,0.0290385,-0.00915463,-0.0154035,-0.029664
6.8,0.200572,0.306146,0.223544,0.12623,0.0905894,0.0107834,0.0290386,-0.00915459,-0.0154035,-0.029664
6.805,0.200572,0.306146,0.223545,0.12623,0.0905895,0.0107835,0.0290386,-0.00915456,-0.0154035,-0.029664
6.81,0.200572,0.306146,0.223545,0.12623,0.0905896,0.0107836,0.0290387,-0.00915452,-0.0154034,-0.029664
6.815,0.200572,0.306147,0.223545,0.12623,0.0905897,0.0107836,0.0290387,-0.00915448,-0.0154034,-0.029664
6.82,0.200572,0.306147,0.223545,0.12623,0.0905898,0.0107837,0.0290388,-0.00915444,-0.0154034,-0.0296639
6.825,0.200572,0.306147,0.223545,0.12623,0.0905899,0.0107837,0.0290388,-0.00915441,-0.0154034,-0.0296639
6.83,0.200572,0.306147,0.223545,0.126231,0.09059,0.0107838,0.0290389,-0.00915437,-0.0154033,-0.0296639
6.835,0.200572,0.306147,0.223545,0.126231,0.09059,0.0107838,0.0290389,-0.00915433,-0.0154033,-0.0296639
6.84,0.200572,0.306147,0.223545,0.126231,0.0905901,0.0107839,0.029039,-0.0091543,-0.0154033,-0.0296639
6.845,0.200572,0.306147,0.223546,0.126231,0.0905902,0.010784,0.029039,-0.00915426,-0.0154033,-0.0296639
6.85,0.200572,0.306147,0.223546,0.126231,0.0905903,0.010784,0.0290391,-0.00915423,-0.0154033,-0.0296639
6.855,0.200572,0.306147,0.223546,0.126231,0.0905904,0.0107841,0.0290391,-0.00915419,-0.0154032,-0.0296639
6.86,0.200572,0.306148,0.223546,0.126231,0.0905905,0.0107841,0.0290392,-0.00915416,-0.0154032,-0.0296638
6.865,0.200572,0.306148,0.223546,0.126231,0.0905906,0.0107842,0.0290392,-0.00915412,-0.0154032,-0.0296638
6.87,0.200572,0.306148,0.223546,0.126232,0.0905907,0.0107842,0.0290393,-0.00915409,-0.0154032,-0.0296638
6.875,0.200572,0.306148,0.223546,0.126232,0.0905908,0.0107843,0.0290393,-0.00915405,-0.0154031,-0.0296638
6.88,0.200572,0.306148,0.223546,0.126232,0.0905908,0.0107843,0.0290393,-0.00915402,-0.0154031,-0.0296638
6.885,0.200572,0.306148,0.223547,0.126232,0.0905909,0.0107844,0.0290394,-0.00915399,-0.0154031,-0.0296638
6.89,0.200573,0.306148,0.223547,0.126232,0.090591,0.0107844,0.0290394,-0.00915395,-0.0154031,-0.0296638
6.895,0.200573,0.306148,0.223547,0.126232,0.0905911,0.0107845,0.0290395,-0.00915392,-0.0154031,-0.0296638
6.9,0.200573,0.306148,0.223547,0.126232,0.0905912,0.0107845,0.0290395,-0.00915389,-0.015403,-0.0296638
6.905,0.200573,0.306149,0.223547,0.126232,0.0905913,0.0107846,0.0290396,-0.00915386,-0.015403,-0.0296637
6.91,0.200573,0.306149,0.223547,0.126233,0.0905913,0.0107846,0.0290396,-0.00915382,-0.015403,-0.0296637
6.915,0.200573,0.306149,0.223547,0.126233,0.0905914,0.0107847,0.0290396,-0.00915379,-0.015403,-0.0296637
6.92,0.200573,0.306149,0.223547,0.126233,0.0905915,0.0107847,0.0290397,-0.00915376,-0.015403,-0.0296637
6.925,0.200573,0.306149,0.223547,0.126233,0.0905916,0.0107848,0.0290397,-0.00915373,-0.0154029,-0.0296637
6.93,0.200573,0.306149,0.223548,0.126233,0.0905917,0.0107848,0.0290398,-0.0091537,-0.0154029,-0.0296637
6.935,0.200573,0.306149,0.223548,0.126233,0.0905917,0.0107849,0.0290398,-0.00915367,-0.0154029,-0.0296637
6.94,0.200573,0.306149,0.223548,0.126233,0.0905918,0.0107849,0.0290398,-0.00915364,-0.0154029,-0.0296637
6.945,0.200573,0.306149,0.223548,0.126233,0.0905919,0.010785,0.0290399,-0.00915361,-0.0154029,-0.0296637
6.95,0.200573,0.306149,0.223548,0.126234,0.090592,0.010785,0.0290399,-0.00915358,-0.0154028,-0.0296637
6.955,0.200573,0.30615,0.223548,0.126234,0.090592,0.0107851,0.02904,-0.00915355,-0.0154028,-0.0296636
6.96,0.200573,0.30615,0.223548,0.126234,0.0905921,0.0107851,0.02904,-0.00915352,-0.0154028,-0.0296636
6.965,0.200573,0.30615,0.223548,0.126234,0.0905922,0.0107852,0.02904,-0.00915349,-0.0154028,-0.0296636
6.97,0.200573,0.30615,0.223548,0.126234,0.0905923,0.0107852,0.0290401,-0.00915346,-0.0154028,-0.0296636
6.975,0.200573,0.30615,0.223548,0.126234,0.0905923,0.0107853,0.0290401,-0.00915343,-0.0154027,-0.0296636
6.98,0.200573,0.30615,0.223549,0.126234,0.0905924,0.0107853,0.0290402,-0.0091534,-0.0154027,-0.0296636
6.985,0.200573,0.30615,0.223549,0.126234,0.0905925,0.0107854,0.0290402,-0.00915337,-0.0154027,-0.0296636
6.99,0.200573,0.30615,0.223549,0.126234,0.0905925,0.0107854,0.0290402,-0.00915335,-0.0154027,-0.0296636
6.995,0.200573,0.30615,0.223549,0.126235,0.0905926,0.0107854,0.0290403,-0.00915332,-0.0154027,-0.0296636
7,0.200573,0.30615,0.223549,0.126235,0.0905927,0.0107855,0.0290403,-0.00915329,-0.0154027,-0.0296636
7.005,0.200573,0.306151,0.223549,0.126235,0.0905928,0.0107855,0.0290403,-0.00915326,-0.0154026,-0.0296636
7.01,0.200574,0.306151,0.223549,0.126235,0.0905928,0.0107856,0.0290404,-0.00915324,-0.0154026,-0.0296635
7.015,0.200574,0.306151,0.223549,0.126235,0.0905929,0.0107856,0.0290404,-0.00915321,-0.0154026,-0.0296635
7.02,0.200574,0.306151,0.223549,0.126235,0.090593,0.0107857,0.0290404,-0.00915318,-0.0154026,-0.0296635
7.025,0.200574,0.306151,0.223549,0.126235,0.090593,0.0107857,0.0290405,-0.00915316,-0.0154026,-0.0296635
7.03,0.200574,0.306151,0.22355,0.126235,0.0905931,0.0107857,0.0290405,-0.00915313,-0.0154026,-0.0296635
7.035,0.200574,0.306151,0.22355,0.126235,0.0905932,0.0107858,0.0290405,-0.00915311,-0.0154025,-0.0296635
7.04,0.200574,0.306151,0.22355,0.126235,0.0905932,0.0107858,0.0290406,-0.00915308,-0.0154025,-0.0296635
7.045,0.200574,0.306151,0.22355,0.126236,0.0905933,0.0107859,0.0290406,-0.00915305,-0.0154025,-0.0296635
7.05,0.200574,0.306151,0.22355,0.126236,0.0905934,0.0107859,0.0290406,-0.00915303,-0.0154025,-0.0296635
7.055,0.200574,0.306151,0.22355,0.126236,0.0905934,0.0107859,0.0290407,-0.009153,-0.0154025,-0.0296635
7.06,0.200574,0.306151,0.22355,0.126236,0.0905935,0.010786,0.0290407,-0.00915298,-0.0154025,-0.0296635
7.065,0.200574,0.306152,0.22355,0.126236,0.0905935,0.010786,0.0290407,-0.00915295,-0.0154024,-0.0296634
7.07,0.200574,0.306152,0.22355,0.126236,0.0905936,0.0107861,0.0290408,-0.00915293,-0.0154024,-0.0296634
7.075,0.200574,0.306152,0.22355,0.126236,0.0905937,0.0107861,0.0290408,-0.00915291,-0.0154024,-0.0296634
7.08,0.200574,0.306152,0.22355,0.126236,0.0905937,0.0107861,0.0290408,-0.00915288,-0.0154024,-0.0296634
7.085,0.200574,0.306152,0.223551,0.126236,0.0905938,0.0107862,0.0290409,-0.00915286,-0.0154024,-0.0296634
7.09,0.200574,0.306152,0.223551,0.126236,0.0905938,0.0107862,0.0290409,-0.00915283,-0.0154024,-0.0296634
7.095,0.200574,0.306152,0.223551,0.126236,0.0905939,0.0107862,0.0290409,-0.00915281,-0.0154024,-0.0296634
7.1,0.200574,0.306152,0.223551,0.126237,0.090594,0.0107863,0.029041,-0.00915279,-0.0154023,-0.0296634
7.105,0.200574,0.306152,0.223551,0.126237,0.090594,0.0107863,0.029041,-0.00915276,-0.0154023,-0.0296634
7.11,0.200574,0.306152,0.223551,0.126237,0.0905941,0.0107863,0.029041,-0.00915274,-0.0154023,-0.0296634
7.115,0.200574,0.306152,0.223551,0.126237,0.0905941,0.0107864,0.0290411,-0.00915272,-0.0154023,-0.0296634
7.12,0.200574,0.306152,0.223551,0.126237,0.0905942,0.0107864,0.0290411,-0.0091527,-0.0154023,-0.0296634
7.125,0.200574,0.306152,0.223551,0.126237,0.0905943,0.0107865,0.0290411,-0.00915267,-0.0154023,-0.0296634
7.13,0.200574,0.306153,0.223551,0.126237,0.0905943,0.0107865,0.0290411,-0.00915265,-0.0154023,-0.0296633
7.135,0.200574,0.306153,0.223551,0.126237,0.0905944,0.0107865,0.0290412,-0.00915263,-0.0154022,-0.0296633
7.14,0.200574,0.306153,0.223551,0.126237,0.0905944,0.0107866,0.0290412,-0.00915261,-0.0154022,-0.0296633
7.145,0.200574,0.306153,0.223551,0.126237,0.0905945,0.0107866,0.0290412,-0.00915259,-0.0154022,-0.0296633
7.15,0.200574,0.306153,0.223552,0.126237,0.0905945,0.0107866,0.0290413,-0.00915256,-0.0154022,-0.0296633
7.155,0.200575,0.306153,0.223552,0.126237,0.0905946,0.0107867,0.0290413,-0.00915254,-0.0154022,-0.0296633
7.16,0.200575,0.306153,0.223552,0.126238,0.0905946,0.0107867,0.0290413,-0.00915252,-0.0154022,-0.0296633
7.165,0.200575,0.306153,0.223552,0.126238,0.0905947,0.0107867,0.0290413,-0.0091525,-0.0154022,-0.0296633
7.17,0.200575,0.306153,0.223552,0.126238,0.0905947,0.0107868,0.0290414,-0.00915248,-0.0154021,-0.0296633
7.175,0.200575,0.306153,0.223552,0.126238,0.0905948,0.0107868,0.0290414,-0.00915246,-0.0154021,-0.0296633
7.18,0.200575,0.306153,0.223552,0.126238,0.0905948,0.0107868,0.0290414,-0.00915244,-0.0154021,-0.0296633
7.185,0.200575,0.306153,0.223552,0.126238,0.0905949,0.0107869,0.0290415,-0.00915242,-0.0154021,-0.0296633
7.19,0.200575,0.306153,0.223552,0.126238,0.0905949,0.0107869,0.0290415,-0.0091524,-0.0154021,-0.0296633
7.195,0.200575,0.306153,0.223552,0.126238,0.090595,0.0107869,0.0290415,-0.00915238,-0.0154021,-0.0296633
7.2,0.200575,0.306153,0.223552,0.126238,0.090595,0.0107869,0.0290415,-0.00915236,-0.0154021,-0.0296633
7.205,0.200575,0.306154,0.223552,0.126238,0.0905951,0.010787,0.0290416,-0.00915234,-0.0154021,-0.0296632
7.21,0.200575,0.306154,0.223552,0.126238,0.0905951,0.010787,0.0290416,-0.00915232,-0.015402,-0.0296632
7.215,0.200575,0.306154,0.223552,0.126238,0.0905952,0.010787,0.0290416,-0.0091523,-0.015402,-0.0296632
7.22,0.200575,0.306154,0.223553,0.126238,0.0905952,0.0107871,0.0290416,-0.00915228,-0.015402,-0.0296632
7.225,0.200575,0.306154,0.223553,0.126239,0.0905953,0.0107871,0.0290417,-0.00915226,-0.015402,-0.0296632
7.23,0.200575,0.306154,0.223553,0.126239,0.0905953,0.0107871,0.0290417,-0.00915225,-0.015402,-0.0296632
7.235,0.200575,0.306154,0.223553,0.126239,0.0905954,0.0107872,0.0290417,-0.00915223,-0.015402,-0.0296632
7.24,0.200575,0.306154,0.223553,0.126239,0.0905954,0.0107872,0.0290417,-0.00915221,-0.015402,-0.0296632
7.245,0.200575,0.306154,0.223553,0.126239,0.0905955,0.0107872,0.0290418,-0.00915219,-0.015402,-0.0296632
7.25,0.200575,0.306154,0.223553,0.126239,0.0905955,0.0107872,0.0290418,-0.00915217,-0.0154019,-0.0296632
7.255,0.200575,0.306154,0.223553,0.126239,0.0905956,0.0107873,0.0290418,-0.00915215,-0.0154019,-0.0296632
7.26,0.200575,0.306154,0.223553,0.126239,0.0905956,0.0107873,0.0290418,-0.00915214,-0.0154019,-0.0296632
7.265,0.200575,0.306154,0.223553,0.126239,0.0905957,0.0107873,0.0290419,-0.00915212,-0.0154019,-0.0296632
7.27,0.200575,0.306154,0.223553,0.126239,0.0905957,0.0107874,0.0290419,-0.0091521,-0.0154019,-0.0296632
7.275,0.200575,0.306154,0.223553,0.126239,0.0905957,0.0107874,0.0290419,-0.00915208,-0.0154019,-0.0296632
7.28,0.200575,0.306154,0.223553,0.126239,0.0905958,0.0107874,0.0290419,-0.00915207,-0.0154019,-0.0296632
7.285,0.200575,0.306155,0.223553,0.126239,0.0905958,0.0107874,0.0290419,-0.00915205,-0.0154019,-0.0296632
7.29,0.200575,0.306155,0.223553,0.126239,0.0905959,0.0107875,0.029042,-0.00915203,-0.0154019,-0.0296631
7.295,0.200575,0.306155,0.223553,0.126239,0.0905959,0.0107875,0.029042,-0.00915202,-0.0154019,-0.0296631
7.3,0.200575,0.306155,0.223554,0.12624,0.090596,0.0107875,0.029042,-0.009152,-0.0154018,-0.0296631
7.305,0.200575,0.306155,0.223554,0.12624,0.090596,0.0107875,0.029042,-0.00915198,-0.0154018,-0.0296631
7.31,0.200575,0.306155,0.223554,0.12624,0.090596,0.0107876,0.0290421,-0.00915197,-0.0154018,-0.0296631
7.315,0.200575,0.306155,0.223554,0.12624,0.0905961,0.0107876,0.0290421,-0.00915195,-0.0154018,-0.0296631
7.32,0.200575,0.306155,0.223554,0.12624,0.0905961,0.0107876,0.0290421,-0.00915193,-0.0154018,-0.0296631
7.325,0.200575,0.306155,0.223554,0.12624,0.0905962,0.0107876,0.0290421,-0.00915192,-0.0154018,-0.0296631
7.33,0.200575,0.306155,0.223554,0.12624,0.0905962,0.0107877,0.0290421,-0.0091519,-0.0154018,-0.0296631
7.335,0.200575,0.306155,0.223554,0.12624,0.0905962,0.0107877,0.0290422,-0.00915189,-0.0154018,-0.0296631
7.34,0.200575,0.306155,0.223554,0.12624,0.0905963,0.0107877,0.0290422,-0.00915187,-0.0154018,-0.0296631
7.345,0.200575,0.306155,0.223554,0.12624,0.0905963,0.0107877,0.0290422,-0.00915185,-0.0154017,-0.0296631
7.35,0.200575,0.306155,0.223554,0.12624,0.0905964,0.0107878,0.0290422,-0.00915184,-0.0154017,-0.0296631
7.355,0.200575,0.306155,0.223554,0.12624,0.0905964,0.0107878,0.0290422,-0.00915182,-0.0154017,-0.0296631
7.36,0.200576,0.306155,0.223554,0.12624,0.0905964,0.0107878,0.0290423,-0.00915181,-0.0154017,-0.0296631
7.365,0.200576,0.306155,0.223554,0.12624,0.0905965,0.0107878,0.0290423,-0.00915179,-0.0154017,-0.0296631
7.37,0.200576,0.306155,0.223554,0.12624,0.0905965,0.0107879,0.0290423,-0.00915178,-0.0154017,-0.0296631
7.375,0.200576,0.306155,0.223554,0.12624,0.0905966,0.0107879,0.0290423,-0.00915176,-0.0154017,-0.0296631
7.38,0.200576,0.306155,0.223554,0.12624,0.0905966,0.0107879,0.0290423,-0.00915175,-0.0154017,-0.0296631
7.385,0.200576,0.306156,0.223554,0.126241,0.0905966,0.0107879,0.0290424,-0.00915174,-0.0154017,-0.029663
7.39,0.200576,0.306156,0.223555,0.126241,0.0905967,0.0107879,0.0290424,-0.00915172,-0.0154017,-0.029663
7.395,0.200576,0.306156,0.223555,0.126241,0.0905967,0.010788,0.0290424,-0.00915171,-0.0154017,-0.029663
7.4,0.200576,0.306156,0.223555,0.126241,0.0905967,0.010788,0.0290424,-0.00915169,-0.0154016,-0.029663
7.405,0.200576,0.306156,0.223555,0.126241,0.0905968,0.010788,0.0290424,-0.00915168,-0.0154016,-0.029663
7.41,0.200576,0.306156,0.223555,0.126241,0.0905968,0.010788,0.0290424,-0.00915167,-0.0154016,-0.029663
7.415,0.200576,0.306156,0.223555,0.126241,0.0905968,0.0107881,0.0290425,-0.00915165,-0.0154016,-0.029663
7.42,0.200576,0.306156,0.223555,0.126241,0.0905969,0.0107881,0.0290425,-0.00915164,-0.0154016,-0.029663
7.425,0.200576,0.306156,0.223555,0.126241,0.0905969,0.0107881,0.0290425,-0.00915162,-0.0154016,-0.029663
7.43,0.200576,0.306156,0.223555,0.126241,0.0905969,0.0107881,0.0290425,-0.00915161,-0.0154016,-0.029663
7.435,0.200576,0.306156,0.223555,0.126241,0.090597,0.0107881,0.0290425,-0.0091516,-0.0154016,-0.029663
7.44,0.200576,0.306156,0.223555,0.126241,0.090597,0.0107882,0.0290426,-0.00915158,-0.0154016,-0.029663
7.445,0.200576,0.306156,0.223555,0.126241,0.090597,0.0107882,0.0290426,-0.00915157,-0.0154016,-0.029663
7.45,0.200576,0.306156,0.223555,0.126241,0.0905971,0.0107882,0.0290426,-0.00915156,-0.0154016,-0.029663
7.455,0.200576,0.306156,0.223555,0.126241,0.0905971,0.0107882,0.0290426,-0.00915155,-0.0154016,-0.029663
7.46,0.200576,0.306156,0.223555,0.126241,0.0905971,0.0107882,0.0290426,-0.00915153,-0.0154015,-0.029663
7.465,0.200576,0.306156,0.223555,0.126241,0.0905972,0.0107883,0.0290426,-0.00915152,-0.0154015,-0.029663
7.47,0.200576,0.306156,0.223555,0.126241,0.0905972,0.0107883,0.0290427,-0.00915151,-0.0154015,-0.029663
7.475,0.200576,0.306156,0.223555,0.126241,0.0905972,0.0107883,0.0290427,-0.0091515,-0.0154015,-0.029663
7.48,0.200576,0.306156,0.223555,0.126242,0.0905973,0.0107883,0.0290427,-0.00915148,-0.0154015,-0.029663
7.485,0.200576,0.306156,0.223555,0.126242,0.0905973,0.0107883,0.0290427,-0.00915147,-0.0154015,-0.029663
7.49,0.200576,0.306156,0.223555,0.126242,0.0905973,0.0107884,0.0290427,-0.00915146,-0.0154015,-0.029663
7.495,0.200576,0.306156,0.223555,0.126242,0.0905974,0.0107884,0.0290427,-0.00915145,-0.0154015,-0.029663
7.5,0.200576,0.306157,0.223556,0.126242,0.0905974,0.0107884,0.0290428,-0.00915143,-0.0154015,-0.0296629
7.505,0.200576,0.306157,0.223556,0.126242,0.0905974,0.0107884,0.0290428,-0.00915142,-0.0154015,-0.0296629
7.51,0.200576,0.306157,0.223556,0.126242,0.0905975,0.0107884,0.0290428,-0.00915141,-0.0154015,-0.0296629
7.515,0.200576,0.306157,0.223556,0.126242,0.0905975,0.0107885,0.0290428,-0.0091514,-0.0154015,-0.0296629
7.52,0.200576,0.306157,0.223556,0.126242,0.0905975,0.0107885,0.0290428,-0.00915139,-0.0154015,-0.0296629
7.525,0.200576,0.306157,0.223556,0.126242,0.0905975,0.0107885,0.0290428,-0.00915138,-0.0154014,-0.0296629
7.53,0.200576,0.306157,0.223556,0.126242,0.0905976,0.0107885,0.0290428,-0.00915137,-0.0154014,-0.0296629
7.535,0.200576,0.306157,0.223556,0.126242,0.0905976,0.0107885,0.0290429,-0.00915135,-0.0154014,-0.0296629
7.54,0.200576,0.306157,0.223556,0.126242,0.0905976,0.0107885,0.0290429,-0.00915134,-0.0154014,-0.0296629
7.545,0.200576,0.306157,0.223556,0.126242,0.0905977,0.0107886,0.0290429,-0.00915133,-0.0154014,-0.0296629
7.55,0.200576,0.306157,0.223556,0.126242,0.0905977,0.0107886,0.0290429,-0.00915132,-0.0154014,-0.0296629
7.555,0.200576,0.306157,0.223556,0.126242,0.0905977,0.0107886,0.0290429,-0.00915131,-0.0154014,-0.0296629
7.56,0.200576,0.306157,0.223556,0.126242,0.0905977,0.0107886,0.0290429,-0.0091513,-0.0154014,-0.0296629
7.565,0.200576,0.306157,0.223556,0.126242,0.0905978,0.0107886,0.0290429,-0.00915129,-0.0154014,-0.0296629
7.57,0.200576,0.306157,0.223556,0.126242,0.0905978,0.0107886,0.029043,-0.00915128,-0.0154014,-0.0296629
7.575,0.200576,0.306157,0.223556,0.126242,0.0905978,0.0107887,0.029043,-0.00915127,-0.0154014,-0.0296629
7.58,0.200576,0.306157,0.223556,0.126242,0.0905978,0.0107887,0.029043,-0.00915126,-0.0154014,-0.0296629
7.585,0.200576,0.306157,0.223556,0.126242,0.0905979,0.0107887,0.029043,-0.00915125,-0.0154014,-0.0296629
7.59,0.200576,0.306157,0.223556,0.126242,0.0905979,0.0107887,0.029043,-0.00915124,-0.0154014,-0.0296629
7.595,0.200576,0.306157,0.223556,0.126242,0.0905979,0.0107887,0.029043,-0.00915123,-0.0154014,-0.0296629
7.6,0.200576,0.306157,0.223556,0.126243,0.0905979,0.0107887,0.029043,-0.00915122,-0.0154013,-0.0296629
7.605,0.200576,0.306157,0.223556,0.126243,0.090598,0.0107888,0.0290431,-0.00915121,-0.0154013,-0.0296629
7.61,0.200576,0.306157,0.223556,0.126243,0.090598,0.0107888,0.0290431,-0.0091512,-0.0154013,-0.0296629
7.615,0.200576,0.306157,0.223556,0.126243,0.090598,0.0107888,0.0290431,-0.00915119,-0.0154013,-0.0296629
7.62,0.200576,0.306157,0.223556,0.126243,0.090598,0.0107888,0.0290431,-0.00915118,-0.0154013,-0.0296629
7.625,0.200576,0.306157,0.223556,0.126243,0.0905981,0.0107888,0.0290431,-0.00915117,-0.0154013,-0.0296629
7.63,0.200576,0.306157,0.223557,0.126243,0.0905981,0.0107888,0.0290431,-0.00915116,-0.0154013,-0.0296629
7.635,0.200576,0.306157,0.223557,0.126243,0.0905981,0.0107889,0.0290431,-0.00915115,-0.0154013,-0.0296629
7.64,0.200576,0.306157,0.223557,0.126243,0.0905981,0.0107889,0.0290431,-0.00915114,-0.0154013,-0.0296629
7.645,0.200576,0.306158,0.223557,0.126243,0.0905982,0.0107889,0.0290432,-0.00915113,-0.0154013,-0.0296628
7.65,0.200576,0.306158,0.223557,0.126243,0.0905982,0.0107889,0.0290432,-0.00915112,-0.0154013,-0.0296628
7.655,0.200576,0.306158,0.223557,0.126243,0.0905982,0.0107889,0.0290432,-0.00915111,-0.0154013,-0.0296628
7.66,0.200577,0.306158,0.223557,0.126243,0.0905982,0.0107889,0.0290432,-0.0091511,-0.0154013,-0.0296628
7.665,0.200577,0.306158,0.223557,0.126243,0.0905983,0.0107889,0.0290432,-0.00915109,-0.0154013,-0.0296628
7.67,0.200577,0.306158,0.223557,0.126243,0.0905983,0.010789,0.0290432,-0.00915108,-0.0154013,-0.0296628
7.675,0.200577,0.306158,0.223557,0.126243,0.0905983,0.010789,0.0290432,-0.00915107,-0.0154013,-0.0296628
7.68,0.200577,0.306158,0.223557,0.126243,0.0905983,0.010789,0.0290432,-0.00915107,-0.0154013,-0.0296628
7.685,0.200577,0.306158,0.223557,0.126243,0.0905983,0.010789,0.0290433,-0.00915106,-0.0154012,-0.0296628
7.69,0.200577,0.306158,0.223557,0.126243,0.0905984,0.010789,0.0290433,-0.00915105,-0.0154012,-0.0296628
7.695,0.200577,0.306158,0.223557,0.126243,0.0905984,0.010789,0.0290433,-0.00915104,-0.0154012,-0.0296628
7.7,0.200577,0.306158,0.223557,0.126243,0.0905984,0.010789,0.0290433,-0.00915103,-0.0154012,-0.0296628
7.705,0.200577,0.306158,0.223557,0.126243,0.0905984,0.010789,0.0290433,-0.00915102,-0.0154012,-0.0296628
7.71,0.200577,0.306158,0.223557,0.126243,0.0905985,0.0107891,0.0290433,-0.00915101,-0.0154012,-0.0296628
7.715,0.200577,0.306158,0.223557,0.126243,0.0905985,0.0107891,0.0290433,-0.00915101,-0.0154012,-0.0296628
7.72,0.200577,0.306158,0.223557,0.126243,0.0905985,0.0107891,0.0290433,-0.009151,-0.0154012,-0.0296628
7.725,0.200577,0.306158,0.223557,0.126243,0.0905985,0.0107891,0.0290433,-0.00915099,-0.0154012,-0.0296628
7.73,0.200577,0.306158,0.223557,0.126243,0.0905985,0.0107891,0.0290434,-0.00915098,-0.0154012,-0.0296628
7.735,0.200577,0.306158,0.223557,0.126243,0.0905986,0.0107891,0.0290434,-0.00915097,-0.0154012,-0.0296628
7.74,0.200577,0.306158,0.223557,0.126243,0.0905986,0.0107891,0.0290434,-0.00915097,-0.0154012,-0.0296628
7.745,0.200577,0.306158,0.223557,0.126244,0.0905986,0.0107891,0.0290434,-0.00915096,-0.0154012,-0.0296628
7.75,0.200577,0.306158,0.223557,0.126244,0.0905986,0.0107892,0.0290434,-0.00915095,-0.0154012,-0.0296628
7.755,0.200577,0.306158,0.223557,0.126244,0.0905986,0.0107892,0.0290434,-0.00915094,-0.0154012,-0.0296628
7.76,0.200577,0.306158,0.223557,0.126244,0.0905987,0.0107892,0.0290434,-0.00915093,-0.0154012,-0.0296628
7.765,0.200577,0.306158,0.223557,0.126244,0.0905987,0.0107892,0.0290434,-0.00915093,-0.0154012,-0.0296628
7.77,0.200577,0.306158,0.223557,0.126244,0.0905987,0.0107892,0.0290434,-0.00915092,-0.0154012,-0.0296628
7.775,0.200577,0.306158,0.223557,0.126244,0.0905987,0.0107892,0.0290434,-0.00915091,-0.0154012,-0.0296628
7.78,0.200577,0.306158,0.223557,0.126244,0.0905987,0.0107892,0.0290435,-0.0091509,-0.0154011,-0.0296628
7.785,0.200577,0.306158,0.223557,0.126244,0.0905988,0.0107892,0.0290435,-0.0091509,-0.0154011,-0.0296628
7.79,0.200577,0.306158,0.223557,0.126244,0.0905988,0.0107893,0.0290435,-0.00915089,-0.0154011,-0.0296628
7.795,0.200577,0.306158,0.223557,0.126244,0.0905988,0.0107893,0.0290435,-0.00915088,-0.0154011,-0.0296628
7.8,0.200577,0.306158,0.223558,0.126244,0.0905988,0.0107893,0.0290435,-0.00915088,-0.0154011,-0.0296628
7.805,0.200577,0.306158,0.223558,0.126244,0.0905988,0.0107893,0.0290435,-0.00915087,-0.0154011,-0.0296628
7.81,0.200577,0.306158,0.223558,0.126244,0.0905988,0.0107893,0.0290435,-0.00915086,-0.0154011,-0.0296628
7.815,0.200577,0.306158,0.223558,0.126244,0.0905989,0.0107893,0.0290435,-0.00915085,-0.0154011,-0.0296628
7.82,0.200577,0.306158,0.223558,0.126244,0.0905989,0.0107893,0.0290435,-0.00915085,-0.0154011,-0.0296628
7.825,0.200577,0.306158,0.223558,0.126244,0.0905989,0.0107893,0.0290435,-0.00915084,-0.0154011,-0.0296628
7.83,0.200577,0.306158,0.223558,0.126244,0.0905989,0.0107893,0.0290435,-0.00915083,-0.0154011,-0.0296627
7.835,0.200577,0.306159,0.223558,0.126244,0.0905989,0.0107894,0.0290436,-0.00915083,-0.0154011,-0.0296627
7.84,0.200577,0.306159,0.223558,0.126244,0.0905989,0.0107894,0.0290436,-0.00915082,-0.0154011,-0.0296627
7.845,0.200577,0.306159,0.223558,0.126244,0.090599,0.0107894,0.0290436,-0.00915081,-0.0154011,-0.0296627
7.85,0.200577,0.306159,0.223558,0.126244,0.090599,0.0107894,0.0290436,-0.00915081,-0.0154011,-0.0296627
7.855,0.200577,0.306159,0.223558,0.126244,0.090599,0.0107894,0.0290436,-0.0091508,-0.0154011,-0.0296627
7.86,0.200577,0.306159,0.223558,0.126244,0.090599,0.0107894,0.0290436,-0.00915079,-0.0154011,-0.0296627
7.865,0.200577,0.306159,0.223558,0.126244,0.090599,0.0107894,0.0290436,-0.00915079,-0.0154011,-0.0296627
7.87,0.200577,0.306159,0.223558,0.126244,0.090599,0.0107894,0.0290436,-0.00915078,-0.0154011,-0.0296627
7.875,0.200577,0.306159,0.223558,0.126244,0.0905991,0.0107894,0.0290436,-0.00915077,-0.0154011,-0.0296627
7.88,0.200577,0.306159,0.223558,0.126244,0.0905991,0.0107894,0.0290436,-0.00915077,-0.0154011,-0.0296627
7.885,0.200577,0.306159,0.223558,0.126244,0.0905991,0.0107895,0.0290436,-0.00915076,-0.0154011,-0.0296627
7.89,0.200577,0.306159,0.223558,0.126244,0.0905991,0.0107895,0.0290437,-0.00915076,-0.0154011,-0.0296627
7.895,0.200577,0.306159,0.223558,0.126244,0.0905991,0.0107895,0.0290437,-0.00915075,-0.015401,-0.0296627
7.9,0.200577,0.306159,0.223558,0.126244,0.0905991,0.0107895,0.0290437,-0.00915074,-0.015401,-0.0296627
7.905,0.200577,0.306159,0.223558,0.126244,0.0905992,0.0107895,0.0290437,-0.00915074,-0.015401,-0.0296627
7.91,0.200577,0.306159,0.223558,0.126244,0.0905992,0.0107895,0.0290437,-0.00915073,-0.015401,-0.0296627
7.915,0.200577,0.306159,0.223558,0.126244,0.0905992,0.0107895,0.0290437,-0.00915072,-0.015401,-0.0296627
7.92,0.200577,0.306159,0.223558,0.126244,0.0905992,0.0107895,0.0290437,-0.00915072,-0.015401,-0.0296627
7.925,0.200577,0.306159,0.223558,0.126244,0.0905992,0.0107895,0.0290437,-0.00915071,-0.015401,-0.0296627
7.93,0.200577,0.306159,0.223558,0.126244,0.0905992,0.0107895,0.0290437,-0.00915071,-0.015401,-0.0296627
7.935,0.200577,0.306159,0.223558,0.126244,0.0905992,0.0107896,0.0290437,-0.0091507,-0.015401,-0.0296627
7.94,0.200577,0.306159,0.223558,0.126244,0.0905993,0.0107896,0.0290437,-0.0091507,-0.015401,-0.0296627
7.945,0.200577,0.306159,0.223558,0.126245,0.0905993,0.0107896,0.0290437,-0.00915069,-0.015401,-0.0296627
7.95,0.200577,0.306159,0.223558,0.126245,0.0905993,0.0107896,0.0290437,-0.00915068,-0.015401,-0.0296627
7.955,0.200577,0.306159,0.223558,0.126245,0.0905993,0.0107896,0.0290438,-0.00915068,-0.015401,-0.0296627
7.96,0.200577,0.306159,0.223558,0.126245,0.0905993,0.0107896,0.0290438,-0.00915067,-0.015401,-0.0296627
7.965,0.200577,0.306159,0.223558,0.126245,0.0905993,0.0107896,0.0290438,-0.00915067,-0.015401,-0.0296627
7.97,0.200577,0.306159,0.223558,0.126245,0.0905993,0.0107896,0.0290438,-0.00915066,-0.015401,-0.0296627
7.975,0.200577,0.306159,0.223558,0.126245,0.0905994,0.0107896,0.0290438,-0.00915066,-0.015401,-0.0296627
7.98,0.200577,0.306159,0.223558,0.126245,0.0905994,0.0107896,0.0290438,-0.00915065,-0.015401,-0.0296627
7.985,0.200577,0.306159,0.223558,0.126245,0.0905994,0.0107896,0.0290438,-0.00915065,-0.015401,-0.0296627
7.99,0.200577,0.306159,0.223558,0.126245,0.0905994,0.0107896,0.0290438,-0.00915064,-0.015401,-0.0296627
7.995,0.200577,0.306159,0.223558,0.126245,0.0905994,0.0107897,0.0290438,-0.00915064,-0.015401,-0.0296627
8,0.200577,0.306159,0.223558,0.126245,0.0905994,0.0107897,0.0290438,-0.00915063,-0.015401,-0.0296627
8.005,0.200577,0.306159,0.223558,0.126245,0.0905994,0.0107897,0.0290438,-0.00915063,-0.015401,-0.0296627
8.01,0.200577,0.306159,0.223558,0.126245,0.0905995,0.0107897,0.0290438,-0.00915062,-0.015401,-0.0296627
8.015,0.200577,0.306159,0.223558,0.126245,0.0905995,0.0107897,0.0290438,-0.00915062,-0.015401,-0.0296627
8.02,0.200577,0.306159,0.223558,0.126245,0.0905995,0.0107897,0.0290438,-0.00915061,-0.015401,-0.0296627
8.025,0.200577,0.306159,0.223558,0.126245,0.0905995,0.0107897,0.0290438,-0.00915061,-0.015401,-0.0296627
8.03,0.200577,0.306159,0.223558,0.126245,0.0905995,0.0107897,0.0290439,-0.0091506,-0.015401,-0.0296627
8.035,0.200577,0.306159,0.223558,0.126245,0.0905995,0.0107897,0.0290439,-0.0091506,-0.015401,-0.0296627
8.04,0.200577,0.306159,0.223559,0.126245,0.0905995,0.0107897,0.0290439,-0.00915059,-0.0154009,-0.0296627
8.045,0.200577,0.306159,0.223559,0.126245,0.0905995,0.0107897,0.0290439,-0.00915059,-0.0154009,-0.0296627
8.05,0.200577,0.306159,0.223559,0.126245,0.0905996,0.0107897,0.0290439,-0.00915058,-0.0154009,-0.0296627
8.055,0.200577,0.306159,0.223559,0.126245,0.0905996,0.0107897,0.0290439,-0.00915058,-0.0154009,-0.0296627
8.06,0.200577,0.306159,0.223559,0.126245,0.0905996,0.0107898,0.0290439,-0.00915057,-0.0154009,-0.0296627
8.065,0.200577,0.306159,0.223559,0.126245,0.0905996,0.0107898,0.0290439,-0.00915057,-0.0154009,-0.0296627
8.07,0.200577,0.306159,0.223559,0.126245,0.0905996,0.0107898,0.0290439,-0.00915056,-0.0154009,-0.0296627
8.075,0.200577,0.306159,0.223559,0.126245,0.0905996,0.0107898,0.0290439,-0.00915056,-0.0154009,-0.0296627
8.08,0.200577,0.306159,0.223559,0.126245,0.0905996,0.0107898,0.0290439,-0.00915055,-0.0154009,-0.0296627
8.085,0.200577,0.306159,0.223559,0.126245,0.0905996,0.0107898,0.0290439,-0.00915055,-0.0154009,-0.0296627
8.09,0.200577,0.306159,0.223559,0.126245,0.0905996,0.0107898,0.0290439,-0.00915055,-0.0154009,-0.0296627
8.095,0.200577,0.306159,0.223559,0.126245,0.0905997,0.0107898,0.0290439,-0.00915054,-0.0154009,-0.0296627
8.1,0.200577,0.306159,0.223559,0.126245,0.0905997,0.0107898,0.0290439,-0.00915054,-0.0154009,-0.0296627
8.105,0.200577,0.306159,0.223559,0.126245,0.0905997,0.0107898,0.0290439,-0.00915053,-0.0154009,-0.0296627
8.11,0.200577,0.30616,0.223559,0.126245,0.0905997,0.0107898,0.029044,-0.00915053,-0.0154009,-0.0296626
8.115,0.200577,0.30616,0.223559,0.126245,0.0905997,0.0107898,0.029044,-0.00915052,-0.0154009,-0.0296626
8.12,0.200577,0.30616,0.223559,0.126245,0.0905997,0.0107898,0.029044,-0.00915052,-0.0154009,-0.0296626
8.125,0.200577,0.30616,0.223559,0.126245,0.0905997,0.0107898,0.029044,-0.00915052,-0.0154009,-0.0296626
8.13,0.200577,0.30616,0.223559,0.126245,0.0905997,0.0107899,0.029044,-0.00915051,-0.0154009,-0.0296626
8.135,0.200577,0.30616,0.223559,0.126245,0.0905997,0.0107899,0.029044,-0.00915051,-0.0154009,-0.0296626
8.14,0.200577,0.30616,0.223559,0.126245,0.0905998,0.0107899,0.029044,-0.0091505,-0.0154009,-0.0296626
8.145,0.200577,0.30616,0.223559,0.126245,0.0905998,0.0107899,0.029044,-0.0091505,-0.0154009,-0.0296626
8.15,0.200577,0.30616,0.223559,0.126245,0.0905998,0.0107899,0.029044,-0.00915049,-0.0154009,-0.0296626
8.155,0.200577,0.30616,0.223559,0.126245,0.0905998,0.0107899,0.029044,-0.00915049,-0.0154009,-0.0296626
8.16,0.200577,0.30616,0.223559,0.126245,0.0905998,0.0107899,0.029044,-0.00915049,-0.0154009,-0.0296626
8.165,0.200577,0.30616,0.223559,0.126245,0.0905998,0.0107899,0.029044,-0.00915048,-0.0154009,-0.0296626
8.17,0.200577,0.30616,0.223559,0.126245,0.0905998,0.0107899,0.029044,-0.00915048,-0.0154009,-0.0296626
8.175,0.200577,0.30616,0.223559,0.126245,0.0905998,0.0107899,0.029044,-0.00915048,-0.0154009,-0.0296626
8.18,0.200577,0.30616,0.223559,0.126245,0.0905998,0.0107899,0.029044,-0.00915047,-0.0154009,-0.0296626
8.185,0.200577,0.30616,0.223559,0.126245,0.0905998,0.0107899,0.029044,-0.00915047,-0.0154009,-0.0296626
8.19,0.200577,0.30616,0.223559,0.126245,0.0905999,0.0107899,0.029044,-0.00915046,-0.0154009,-0.0296626
8.195,0.200577,0.30616,0.223559,0.126245,0.0905999,0.0107899,0.029044,-0.00915046,-0.0154009,-0.0296626
8.2,0.200577,0.30616,0.223559,0.126245,0.0905999,0.0107899,0.029044,-0.00915046,-0.0154009,-0.0296626
8.205,0.200577,0.30616,0.223559,0.126245,0.0905999,0.0107899,0.0290441,-0.00915045,-0.0154009,-0.0296626
8.21,0.200577,0.30616,0.223559,0.126245,0.0905999,0.0107899,0.0290441,-0.00915045,-0.0154009,-0.0296626
8.215,0.200577,0.30616,0.223559,0.126245,0.0905999,0.01079,0.0290441,-0.00915045,-0.0154009,-0.0296626
8.22,0.200577,0.30616,0.223559,0.126245,0.0905999,0.01079,0.0290441,-0.00915044,-0.0154009,-0.0296626
8.225,0.200577,0.30616,0.223559,0.126245,0.0905999,0.01079,0.0290441,-0.00915044,-0.0154009,-0.0296626
8.23,0.200577,0.30616,0.223559,0.126245,0.0905999,0.01079,0.0290441,-0.00915043,-0.0154009,-0.0296626
8.235,0.200577,0.30616,0.223559,0.126246,0.0905999,0.01079,0.0290441,-0.00915043,-0.0154008,-0.0296626
8.24,0.200577,0.30616,0.223559,0.126246,0.0905999,0.01079,0.0290441,-0.00915043,-0.0154008,-0.0296626
8.245,0.200577,0.30616,0.223559,0.126246,0.0905999,0.01079,0.0290441,-0.00915042,-0.0154008,-0.0296626
8.25,0.200577,0.30616,0.223559,0.126246,0.0906,0.01079,0.0290441,-0.00915042,-0.0154008,-0.0296626
8.255,0.200577,0.30616,0.223559,0.126246,0.0906,0.01079,0.0290441,-0.00915042,-0.0154008,-0.0296626
8.26,0.200577,0.30616,0.223559,0.126246,0.0906,0.01079,0.0290441,-0.00915041,-0.0154008,-0.0296626
8.265,0.200577,0.30616,0.223559,0.126246,0.0906,0.01079,0.0290441,-0.00915041,-0.0154008,-0.0296626
8.27,0.200577,0.30616,0.223559,0.126246,0.0906,0.01079,0.0290441,-0.00915041,-0.0154008,-0.0296626
8.275,0.200577,0.30616,0.223559,0.126246,0.0906,0.01079,0.0290441,-0.0091504,-0.0154008,-0.0296626
8.28,0.200577,0.30616,0.223559,0.126246,0.0906,0.01079,0.0290441,-0.0091504,-0.0154008,-0.0296626
8.285,0.200577,0.30616,0.223559,0.126246,0.0906,0.01079,0.0290441,-0.0091504,-0.0154008,-0.0296626
8.29,0.200577,0.30616,0.223559,0.126246,0.0906,0.01079,0.0290441,-0.0091504,-0.0154008,-0.0296626
8.295,0.200577,0.30616,0.223559,0.126246,0.0906,0.01079,0.0290441,-0.00915039,-0.0154008,-0.0296626
8.3,0.200577,0.30616,0.223559,0.126246,0.0906,0.01079,0.0290441,-0.00915039,-0.0154008,-0.0296626
8.305,0.200578,0.30616,0.223559,0.126246,0.0906,0.01079,0.0290441,-0.00915039,-0.0154008,-0.0296626
8.31,0.200578,0.30616,0.223559,0.126246,0.0906001,0.0107901,0.0290441,-0.00915038,-0.0154008,-0.0296626
8.315,0.200578,0.30616,0.223559,0.126246,0.0906001,0.0107901,0.0290441,-0.00915038,-0.0154008,-0.0296626
8.32,0.200578,0.30616,0.223559,0.126246,0.0906001,0.0107901,0.0290442,-0.00915038,-0.0154008,-0.0296626
8.325,0.200578,0.30616,0.223559,0.126246,0.0906001,0.0107901,0.0290442,-0.00915037,-0.0154008,-0.0296626
8.33,0.200578,0.30616,0.223559,0.126246,0.0906001,0.0107901,0.0290442,-0.00915037,-0.0154008,-0.0296626
8.335,0.200578,0.30616,0.223559,0.126246,0.0906001,0.0107901,0.0290442,-0.00915037,-0.0154008,-0.0296626
8.34,0.200578,0.30616,0.223559,0.126246,0.0906001,0.0107901,0.0290442,-0.00915036,-0.0154008,-0.0296626
8.345,0.200578,0.30616,0.223559,0.126246,0.0906001,0.0107901,0.0290442,-0.00915036,-0.0154008,-0.0296626
8.35,0.200578,0.30616,0.223559,0.126246,0.0906001,0.0107901,0.0290442,-0.00915036,-0.0154008,-0.0296626
8.355,0.200578,0.30616,0.223559,0.126246,0.0906001,0.0107901,0.0290442,-0.00915036,-0.0154008,-0.0296626
8.36,0.200578,0.30616,0.223559,0.126246,0.0906001,0.0107901,0.0290442,-0.00915035,-0.0154008,-0.0296626
8.365,0.200578,0.30616,0.223559,0.126246,0.0906001,0.0107901,0.0290442,-0.00915035,-0.0154008,-0.0296626
8.37,0.200578,0.30616,0.223559,0.126246,0.0906001,0.0107901,0.0290442,-0.00915035,-0.0154008,-0.0296626
8.375,0.200578,0.30616,0.223559,0.126246,0.0906002,0.0107901,0.0290442,-0.00915034,-0.0154008,-0.0296626
8.38,0.200578,0.30616,0.223559,0.126246,0.0906002,0.0107901,0.0290442,-0.00915034,-0.0154008,-0.0296626
8.385,0.200578,0.30616,0.223559,0.126246,0.0906002,0.0107901,0.0290442,-0.00915034,-0.0154008,-0.0296626
8.39,0.200578,0.30616,0.223559,0.126246,0.0906002,0.0107901,0.0290442,-0.00915034,-0.0154008,-0.0296626
8.395,0.200578,0.30616,0.223559,0.126246,0.0906002,0.0107901,0.0290442,-0.00915033,-0.0154008,-0.0296626
8.4,0.200578,0.30616,0.223559,0.126246,0.0906002,0.0107901,0.0290442,-0.00915033,-0.0154008,-0.0296626
8.405,0.200578,0.30616,0.223559,0.126246,0.0906002,0.0107901,0.0290442,-0.00915033,-0.0154008,-0.0296626
8.41,0.200578,0.30616,0.223559,0.126246,0.0906002,0.0107901,0.0290442,-0.00915033,-0.0154008,-0.0296626
8.415,0.200578,0.30616,0.223559,0.126246,0.0906002,0.0107901,0.0290442,-0.00915032,-0.0154008,-0.0296626
8.42,0.200578,0.30616,0.223559,0.126246,0.0906002,0.0107901,0.0290442,-0.00915032,-0.0154008,-0.0296626
8.425,0.200578,0.30616,0.223559,0.126246,0.0906002,0.0107902,0.0290442,-0.00915032,-0.0154008,-0.0296626
8.43,0.200578,0.30616,0.223559,0.126246,0.0906002,0.0107902,0.0290442,-0.00915032,-0.0154008,-0.0296626
8.435,0.200578,0.30616,0.223559,0.126246,0.0906002,0.0107902,0.0290442,-0.00915031,-0.0154008,-0.0296626
8.44,0.200578,0.30616,0.223559,0.126246,0.0906002,0.0107902,0.0290442,-0.00915031,-0.0154008,-0.0296626
8.445,0.200578,0.30616,0.223559,0.126246,0.0906002,0.0107902,0.0290442,-0.00915031,-0.0154008,-0.0296626
8.45,0.200578,0.30616,0.22356,0.126246,0.0906002,0.0107902,0.0290442,-0.00915031,-0.0154008,-0.0296626
8.455,0.200578,0.30616,0.22356,0.126246,0.0906003,0.0107902,0.0290442,-0.0091503,-0.0154008,-0.0296626
8.46,0.200578,0.30616,0.22356,0.126246,0.0906003,0.0107902,0.0290443,-0.0091503,-0.0154008,-0.0296626
8.465,0.200578,0.30616,0.22356,0.126246,0.0906003,0.0107902,0.0290443,-0.0091503,-0.0154008,-0.0296626
8.47,0.200578,0.30616,0.22356,0.126246,0.0906003,0.0107902,0.0290443,-0.0091503,-0.0154008,-0.0296626
8.475,0.200578,0.30616,0.22356,0.126246,0.0906003,0.0107902,0.0290443,-0.00915029,-0.0154008,-0.0296626
8.48,0.200578,0.30616,0.22356,0.126246,0.0906003,0.0107902,0.0290443,-0.00915029,-0.0154008,-0.0296626
8.485,0.200578,0.30616,0.22356,0.126246,0.0906003,0.0107902,0.0290443,-0.00915029,-0.0154008,-0.0296626
8.49,0.200578,0.30616,0.22356,0.126246,0.0906003,0.0107902,0.0290443,-0.00915029,-0.0154008,-0.0296626
8.495,0.200578,0.30616,0.22356,0.126246,0.0906003,0.0107902,0.0290443,-0.00915029,-0.0154008,-0.0296626
8.5,0.200578,0.30616,0.22356,0.126246,0.0906003,0.0107902,0.0290443,-0.00915028,-0.0154008,-0.0296626
8.505,0.200578,0.30616,0.22356,0.126246,0.0906003,0.0107902,0.0290443,-0.00915028,-0.0154008,-0.0296626
8.51,0.200578,0.30616,0.22356,0.126246,0.0906003,0.0107902,0.0290443,-0.00915028,-0.0154008,-0.0296626
8.515,0.200578,0.30616,0.22356,0.126246,0.0906003,0.0107902,0.0290443,-0.00915028,-0.0154008,-0.0296626
8.52,0.200578,0.30616,0.22356,0.126246,0.0906003,0.0107902,0.0290443,-0.00915027,-0.0154007,-0.0296626
8.525,0.200578,0.30616,0.22356,0.126246,0.0906003,0.0107902,0.0290443,-0.00915027,-0.0154007,-0.0296626
8.53,0.200578,0.30616,0.22356,0.126246,0.0906003,0.0107902,0.0290443,-0.00915027,-0.0154007,-0.0296626
8.535,0.200578,0.30616,0.22356,0.126246,0.0906003,0.0107902,0.0290443,-0.00915027,-0.0154007,-0.0296626
8.54,0.200578,0.30616,0.22356,0.126246,0.0906004,0.0107902,0.0290443,-0.00915027,-0.0154007,-0.0296626
8.545,0.200578,0.30616,0.22356,0.126246,0.0906004,0.0107902,0.0290443,-0.00915026,-0.0154007,-0.0296626
8.55,0.200578,0.30616,0.22356,0.126246,0.0906004,0.0107902,0.0290443,-0.00915026,-0.0154007,-0.0296626
8.555,0.200578,0.30616,0.22356,0.126246,0.0906004,0.0107902,0.0290443,-0.00915026,-0.0154007,-0.0296626
8.56,0.200578,0.30616,0.22356,0.126246,0.0906004,0.0107902,0.0290443,-0.00915026,-0.0154007,-0.0296626
8.565,0.200578,0.30616,0.22356,0.126246,0.0906004,0.0107903,0.0290443,-0.00915026,-0.0154007,-0.0296626
8.57,0.200578,0.30616,0.22356,0.126246,0.0906004,0.0107903,0.0290443,-0.00915025,-0.0154007,-0.0296626
8.575,0.200578,0.30616,0.22356,0.126246,0.0906004,0.0107903,0.0290443,-0.00915025,-0.0154007,-0.0296626
8.58,0.200578,0.30616,0.22356,0.126246,0.0906004,0.0107903,0.0290443,-0.00915025,-0.0154007,-0.0296626
8.585,0.200578,0.30616,0.22356,0.126246,0.0906004,0.0107903,0.0290443,-0.00915025,-0.0154007,-0.0296626
8.59,0.200578,0.30616,0.22356,0.126246,0.0906004,0.0107903,0.0290443,-0.00915025,-0.0154007,-0.0296626
8.595,0.200578,0.30616,0.22356,0.126246,0.0906004,0.0107903,0.0290443,-0.00915024,-0.0154007,-0.0296626
8.6,0.200578,0.30616,0.22356,0.126246,0.0906004,0.0107903,0.0290443,-0.00915024,-0.0154007,-0.0296626
8.605,0.200578,0.30616,0.22356,0.126246,0.0906004,0.0107903,0.0290443,-0.00915024,-0.0154007,-0.0296626
8.61,0.200578,0.30616,0.22356,0.126246,0.0906004,0.0107903,0.0290443,-0.00915024,-0.0154007,-0.0296626
8.615,0.200578,0.30616,0.22356,0.126246,0.0906004,0.0107903,0.0290443,-0.00915024,-0.0154007,-0.0296626
8.62,0.200578,0.30616,0.22356,0.126246,0.0906004,0.0107903,0.0290443,-0.00915023,-0.0154007,-0.0296626
8.625,0.200578,0.30616,0.22356,0.126246,0.0906004,0.0107903,0.0290443,-0.00915023,-0.0154007,-0.0296626
8.63,0.200578,0.30616,0.22356,0.126246,0.0906004,0.0107903,0.0290443,-0.00915023,-0.0154007,-0.0296626
8.635,0.200578,0.30616,0.22356,0.126246,0.0906004,0.0107903,0.0290443,-0.00915023,-0.0154007,-0.0296626
8.64,0.200578,0.30616,0.22356,0.126246,0.0906004,0.0107903,0.0290443,-0.00915023,-0.0154007,-0.0296626
8.645,0.200578,0.30616,0.22356,0.126246,0.0906005,0.0107903,0.0290444,-0.00915023,-0.0154007,-0.0296625
8.65,0.200578,0.30616,0.22356,0.126246,0.0906005,0.0107903,0.0290444,-0.00915022,-0.0154007,-0.0296625
8.655,0.200578,0.306161,0.22356,0.126246,0.0906005,0.0107903,0.0290444,-0.00915022,-0.0154007,-0.0296625
8.66,0.200578,0.306161,0.22356,0.126246,0.0906005,0.0107903,0.0290444,-0.00915022,-0.0154007,-0.0296625
8.665,0.200578,0.306161,0.22356,0.126246,0.0906005,0.0107903,0.0290444,-0.00915022,-0.0154007,-0.0296625
8.67,0.200578,0.306161,0.22356,0.126246,0.0906005,0.0107903,0.0290444,-0.00915022,-0.0154007,-0.0296625
8.675,0.200578,0.306161,0.22356,0.126246,0.0906005,0.0107903,0.0290444,-0.00915022,-0.0154007,-0.0296625
8.68,0.200578,0.306161,0.22356,0.126246,0.0906005,0.0107903,0.0290444,-0.00915021,-0.0154007,-0.0296625
8.685,0.200578,0.306161,0.22356,0.126246,0.0906005,0.0107903,0.0290444,-0.00915021,-0.0154007,-0.0296625
8.69,0.200578,0.306161,0.22356,0.126246,0.0906005,0.0107903,0.0290444,-0.00915021,-0.0154007,-0.0296625
8.695,0.200578,0.306161,0.22356,0.126246,0.0906005,0.0107903,0.0290444,-0.00915021,-0.0154007,-0.0296625
8.7,0.200578,0.306161,0.22356,0.126246,0.0906005,0.0107903,0.0290444,-0.00915021,-0.0154007,-0.0296625
8.705,0.200578,0.306161,0.22356,0.126246,0.0906005,0.0107903,0.0290444,-0.00915021,-0.0154007,-0.0296625
8.71,0.200578,0.306161,0.22356,0.126246,0.0906005,0.0107903,0.0290444,-0.0091502,-0.0154007,-0.0296625
8.715,0.200578,0.306161,0.22356,0.126246,0.0906005,0.0107903,0.0290444,-0.0091502,-0.0154007,-0.0296625
8.72,0.200578,0.306161,0.22356,0.126246,0.0906005,0.0107903,0.0290444,-0.0091502,-0.0154007,-0.0296625
8.725,0.200578,0.306161,0.22356,0.126246,0.0906005,0.0107903,0.0290444,-0.0091502,-0.0154007,-0.0296625
8.73,0.200578,0.306161,0.22356,0.126246,0.0906005,0.0107903,0.0290444,-0.0091502,-0.0154007,-0.0296625
8.735,0.200578,0.306161,0.22356,0.126246,0.0906005,0.0107903,0.0290444,-0.0091502,-0.0154007,-0.0296625
8.74,0.200578,0.306161,0.22356,0.126246,0.0906005,0.0107903,0.0290444,-0.0091502,-0.0154007,-0.0296625
8.745,0.200578,0.306161,0.22356,0.126246,0.0906005,0.0107903,0.0290444,-0.00915019,-0.0154007,-0.0296625
8.75,0.200578,0.306161,0.22356,0.126246,0.0906005,0.0107904,0.0290444,-0.00915019,-0.0154007,-0.0296625
8.755,0.200578,0.306161,0.22356,0.126246,0.0906005,0.0107904,0.0290444,-0.00915019,-0.0154007,-0.0296625
8.76,0.200578,0.306161,0.22356,0.126246,0.0906005,0.0107904,0.0290444,-0.00915019,-0.0154007,-0.0296625
8.765,0.200578,0.306161,0.22356,0.126246,0.0906005,0.0107904,0.0290444,-0.00915019,-0.0154007,-0.0296625
8.77,0.200578,0.306161,0.22356,0.126246,0.0906006,0.0107904,0.0290444,-0.00915019,-0.0154007,-0.0296625
8.775,0.200578,0.306161,0.22356,0.126246,0.0906006,0.0107904,0.0290444,-0.00915019,-0.0154007,-0.0296625
8.78,0.200578,0.306161,0.22356,0.126246,0.0906006,0.0107904,0.0290444,-0.00915018,-0.0154007,-0.0296625
8.785,0.200578,0.306161,0.22356,0.126246,0.0906006,0.0107904,0.0290444,-0.00915018,-0.0154007,-0.0296625
8.79,0.200578,0.306161,0.22356,0.126246,0.0906006,0.0107904,0.0290444,-0.00915018,-0.0154007,-0.0296625
8.795,0.200578,0.306161,0.22356,0.126246,0.0906006,0.0107904,0.0290444,-0.00915018,-0.0154007,-0.0296625
8.8,0.200578,0.306161,0.22356,0.126246,0.0906006,0.0107904,0.0290444,-0.00915018,-0.0154007,-0.0296625
8.805,0.200578,0.306161,0.22356,0.126246,0.0906006,0.0107904,0.0290444,-0.00915018,-0.0154007,-0.0296625
8.81,0.200578,0.306161,0.22356,0.126246,0.0906006,0.0107904,0.0290444,-0.00915018,-0.0154007,-0.0296625
8.815,0.200578,0.306161,0.22356,0.126246,0.0906006,0.0107904,0.0290444,-0.00915017,-0.0154007,-0.0296625
8.82,0.200578,0.306161,0.22356,0.126246,0.0906006,0.0107904,0.0290444,-0.00915017,-0.0154007,-0.0296625
8.825,0.200578,0.306161,0.22356,0.126246,0.0906006,0.0107904,0.0290444,-0.00915017,-0.0154007,-0.0296625
8.83,0.200578,0.306161,0.22356,0.126246,0.0906006,0.0107904,0.0290444,-0.00915017,-0.0154007,-0.0296625
8.835,0.200578,0.306161,0.22356,0.126247,0.0906006,0.0107904,0.0290444,-0.00915017,-0.0154007,-0.0296625
8.84,0.200578,0.306161,0.22356,0.126247,0.0906006,0.0107904,0.0290444,-0.00915017,-0.0154007,-0.0296625
8.845,0.200578,0.306161,0.22356,0.126247,0.0906006,0.0107904,0.0290444,-0.00915017,-0.0154007,-0.0296625
8.85,0.200578,0.306161,0.22356,0.126247,0.0906006,0.0107904,0.0290444,-0.00915017,-0.0154007,-0.0296625
8.855,0.200578,0.306161,0.22356,0.126247,0.0906006,0.0107904,0.0290444,-0.00915016,-0.0154007,-0.0296625
8.86,0.200578,0.306161,0.22356,0.126247,0.0906006,0.0107904,0.0290444,-0.00915016,-0.0154007,-0.0296625
8.865,0.200578,0.306161,0.22356,0.126247,0.0906006,0.0107904,0.0290444,-0.00915016,-0.0154007,-0.0296625
8.87,0.200578,0.306161,0.22356,0.126247,0.0906006,0.0107904,0.0290444,-0.00915016,-0.0154007,-0.0296625
8.875,0.200578,0.306161,0.22356,0.126247,0.0906006,0.0107904,0.0290444,-0.00915016,-0.0154007,-0.0296625
8.88,0.200578,0.306161,0.22356,0.126247,0.0906006,0.0107904,0.0290444,-0.00915016,-0.0154007,-0.0296625
8.885,0.200578,0.306161,0.22356,0.126247,0.0906006,0.0107904,0.0290444,-0.00915016,-0.0154007,-0.0296625
8.89,0.200578,0.306161,0.22356,0.126247,0.0906006,0.0107904,0.0290444,-0.00915016,-0.0154007,-0.0296625
8.895,0.200578,0.306161,0.22356,0.126247,0.0906006,0.0107904,0.0290444,-0.00915015,-0.0154007,-0.0296625
8.9,0.200578,0.306161,0.22356,0.126247,0.0906006,0.0107904,0.0290444,-0.00915015,-0.0154007,-0.0296625
8.905,0.200578,0.306161,0.22356,0.126247,0.0906006,0.0107904,0.0290444,-0.00915015,-0.0154007,-0.0296625
8.91,0.200578,0.306161,0.22356,0.126247,0.0906006,0.0107904,0.0290444,-0.00915015,-0.0154007,-0.0296625
8.915,0.200578,0.306161,0.22356,0.126247,0.0906006,0.0107904,0.0290445,-0.00915015,-0.0154007,-0.0296625
8.92,0.200578,0.306161,0.22356,0.126247,0.0906006,0.0107904,0.0290445,-0.00915015,-0.0154007,-0.0296625
8.925,0.200578,0.306161,0.22356,0.126247,0.0906007,0.0107904,0.0290445,-0.00915015,-0.0154007,-0.0296625
8.93,0.200578,0.306161,0.22356,0.126247,0.0906007,0.0107904,0.0290445,-0.00915015,-0.0154007,-0.0296625
8.935,0.200578,0.306161,0.22356,0.126247,0.0906007,0.0107904,0.0290445,-0.00915015,-0.0154007,-0.0296625
8.94,0.200578,0.306161,0.22356,0.126247,0.0906007,0.0107904,0.0290445,-0.00915014,-0.0154007,-0.0296625
8.945,0.200578,0.306161,0.22356,0.126247,0.0906007,0.0107904,0.0290445,-0.00915014,-0.0154007,-0.0296625
8.95,0.200578,0.306161,0.22356,0.126247,0.0906007,0.0107904,0.0290445,-0.00915014,-0.0154007,-0.0296625
8.955,0.200578,0.306161,0.22356,0.126247,0.0906007,0.0107904,0.0290445,-0.00915014,-0.0154007,-0.0296625
8.96,0.200578,0.306161,0.22356,0.126247,0.0906007,0.0107904,0.0290445,-0.00915014,-0.0154007,-0.0296625
8.965,0.200578,0.306161,0.22356,0.126247,0.0906007,0.0107904,0.0290445,-0.00915014,-0.0154007,-0.0296625
8.97,0.200578,0.306161,0.22356,0.126247,0.0906007,0.0107904,0.0290445,-0.00915014,-0.0154007,-0.0296625
8.975,0.200578,0.306161,0.22356,0.126247,0.0906007,0.0107904,0.0290445,-0.00915014,-0.0154007,-0.0296625
8.98,0.200578,0.306161,0.22356,0.126247,0.0906007,0.0107904,0.0290445,-0.00915014,-0.0154007,-0.0296625
8.985,0.200578,0.306161,0.22356,0.126247,0.0906007,0.0107904,0.0290445,-0.00915014,-0.0154007,-0.0296625
8.99,0.200578,0.306161,0.22356,0.126247,0.0906007,0.0107904,0.0290445,-0.00915013,-0.0154007,-0.0296625
8.995,0.200578,0.306161,0.22356,0.126247,0.0906007,0.0107904,0.0290445,-0.00915013,-0.0154007,-0.0296625
9,0.200578,0.306161,0.22356,0.126247,0.0906007,0.0107904,0.0290445,-0.00915013,-0.0154007,-0.0296625
9.005,0.200578,0.306161,0.22356,0.126247,0.0906007,0.0107904,0.0290445,-0.00915013,-0.0154007,-0.0296625
9.01,0.200578,0.306161,0.22356,0.126247,0.0906007,0.0107904,0.0290445,-0.00915013,-0.0154007,-0.0296625
9.015,0.200578,0.306161,0.22356,0.126247,0.0906007,0.0107904,0.0290445,-0.00915013,-0.0154007,-0.0296625
9.02,0.200578,0.306161,0.22356,0.126247,0.0906007,0.0107905,0.0290445,-0.00915013,-0.0154007,-0.0296625
9.025,0.200578,0.306161,0.22356,0.126247,0.0906007,0.0107905,0.0290445,-0.00915013,-0.0154007,-0.0296625
9.03,0.200578,0.306161,0.22356,0.126247,0.0906007,0.0107905,0.0290445,-0.00915013,-0.0154007,-0.0296625
9.035,0.200578,0.306161,0.22356,0.126247,0.0906007,0.0107905,0.0290445,-0.00915013,-0.0154007,-0.0296625
9.04,0.200578,0.306161,0.22356,0.126247,0.0906007,0.0107905,0.0290445,-0.00915013,-0.0154007,-0.0296625
9.045,0.200578,0.306161,0.22356,0.126247,0.0906007,0.0107905,0.0290445,-0.00915012,-0.0154007,-0.0296625
9.05,0.200578,0.306161,0.22356,0.126247,0.0906007,0.0107905,0.0290445,-0.00915012,-0.0154007,-0.0296625
9.055,0.200578,0.306161,0.22356,0.126247,0.0906007,0.0107905,0.0290445,-0.00915012,-0.0154007,-0.0296625
9.06,0.200578,0.306161,0.22356,0.126247,0.0906007,0.0107905,0.0290445,-0.00915012,-0.0154007,-0.0296625
9.065,0.200578,0.306161,0.22356,0.126247,0.0906007,0.0107905,0.0290445,-0.00915012,-0.0154007,-0.0296625
9.07,0.200578,0.306161,0.22356,0.126247,0.0906007,0.0107905,0.0290445,-0.00915012,-0.0154007,-0.0296625
9.075,0.200578,0.306161,0.22356,0.126247,0.0906007,0.0107905,0.0290445,-0.00915012,-0.0154007,-0.0296625
9.08,0.200578,0.306161,0.22356,0.126247,0.0906007,0.0107905,0.0290445,-0.00915012,-0.0154006,-0.0296625
9.085,0.200578,0.306161,0.22356,0.126247,0.0906007,0.0107905,0.0290445,-0.00915012,-0.0154006,-0.0296625
9.09,0.200578,0.306161,0.22356,0.126247,0.0906007,0.0107905,0.0290445,-0.00915012,-0.0154006,-0.0296625
9.095,0.200578,0.306161,0.22356,0.126247,0.0906007,0.0107905,0.0290445,-0.00915012,-0.0154006,-0.0296625
9.1,0.200578,0.306161,0.22356,0.126247,0.0906007,0.0107905,0.0290445,-0.00915011,-0.0154006,-0.0296625
9.105,0.200578,0.306161,0.22356,0.126247,0.0906007,0.0107905,0.0290445,-0.00915011,-0.0154006,-0.0296625
9.11,0.200578,0.306161,0.22356,0.126247,0.0906007,0.0107905,0.0290445,-0.00915011,-0.0154006,-0.0296625
9.115,0.200578,0.306161,0.22356,0.126247,0.0906007,0.0107905,0.0290445,-0.00915011,-0.0154006,-0.0296625
9.12,0.200578,0.306161,0.22356,0.126247,0.0906007,0.0107905,0.0290445,-0.00915011,-0.0154006,-0.0296625
9.125,0.200578,0.306161,0.22356,0.126247,0.0906007,0.0107905,0.0290445,-0.00915011,-0.0154006,-0.0296625
9.13,0.200578,0.306161,0.22356,0.126247,0.0906007,0.0107905,0.0290445,-0.00915011,-0.0154006,-0.0296625
9.135,0.200578,0.306161,0.22356,0.126247,0.0906007,0.0107905,0.0290445,-0.00915011,-0.0154006,-0.0296625
9.14,0.200578,0.306161,0.22356,0.126247,0.0906008,0.0107905,0.0290445,-0.00915011,-0.0154006,-0.0296625
9.145,0.200578,0.306161,0.22356,0.126247,0.0906008,0.0107905,0.0290445,-0.00915011,-0.0154006,-0.0296625
9.15,0.200578,0.306161,0.22356,0.126247,0.0906008,0.0107905,0.0290445,-0.00915011,-0.0154006,-0.0296625
9.155,0.200578,0.306161,0.22356,0.126247,0.0906008,0.0107905,0.0290445,-0.00915011,-0.0154006,-0.0296625
9.16,0.200578,0.306161,0.22356,0.126247,0.0906008,0.0107905,0.0290445,-0.00915011,-0.0154006,-0.0296625
9.165,0.200578,0.306161,0.22356,0.126247,0.0906008,0.0107905,0.0290445,-0.0091501,-0.0154006,-0.0296625
9.17,0.200578,0.306161,0.22356,0.126247,0.0906008,0.0107905,0.0290445,-0.0091501,-0.0154006,-0.0296625
9.175,0.200578,0.306161,0.22356,0.126247,0.0906008,0.0107905,0.0290445,-0.0091501,-0.0154006,-0.0296625
9.18,0.200578,0.306161,0.22356,0.126247,0.0906008,0.0107905,0.0290445,-0.0091501,-0.0154006,-0.0296625
9.185,0.200578,0.306161,0.22356,0.126247,0.0906008,0.0107905,0.0290445,-0.0091501,-0.0154006,-0.0296625
9.19,0.200578,0.306161,0.22356,0.126247,0.0906008,0.0107905,0.0290445,-0.0091501,-0.0154006,-0.0296625
9.195,0.200578,0.306161,0.22356,0.126247,0.0906008,0.0107905,0.0290445,-0.0091501,-0.0154006,-0.0296625
9.2,0.200578,0.306161,0.22356,0.126247,0.0906008,0.0107905,0.0290445,-0.0091501,-0.0154006,-0.0296625
9.205,0.200578,0.306161,0.22356,0.126247,0.0906008,0.0107905,0.0290445,-0.0091501,-0.0154006,-0.0296625
9.21,0.200578,0.306161,0.22356,0.126247,0.0906008,0.0107905,0.0290445,-0.0091501,-0.0154006,-0.0296625
9.215,0.200578,0.306161,0.22356,0.126247,0.0906008,0.0107905,0.0290445,-0.0091501,-0.0154006,-0.0296625
9.22,0.200578,0.306161,0.22356,0.126247,0.0906008,0.0107905,0.0290445,-0.0091501,-0.0154006,-0.0296625
9.225,0.200578,0.306161,0.22356,0.126247,0.0906008,0.0107905,0.0290445,-0.0091501,-0.0154006,-0.0296625
9.23,0.200578,0.306161,0.22356,0.126247,0.0906008,0.0107905,0.0290445,-0.0091501,-0.0154006,-0.0296625
9.235,0.200578,0.306161,0.22356,0.126247,0.0906008,0.0107905,0.0290445,-0.0091501,-0.0154006,-0.0296625
9.24,0.200578,0.306161,0.22356,0.126247,0.0906008,0.0107905,0.0290445,-0.00915009,-0.0154006,-0.0296625
9.245,0.200578,0.306161,0.22356,0.126247,0.0906008,0.0107905,0.0290445,-0.00915009,-0.0154006,-0.0296625
9.25,0.200578,0.306161,0.22356,0.126247,0.0906008,0.0107905,0.0290445,-0.00915009,-0.0154006,-0.0296625
9.255,0.200578,0.306161,0.22356,0.126247,0.0906008,0.0107905,0.0290445,-0.00915009,-0.0154006,-0.0296625
9.26,0.200578,0.306161,0.22356,0.126247,0.0906008,0.0107905,0.0290445,-0.00915009,-0.0154006,-0.0296625
9.265,0.200578,0.306161,0.22356,0.126247,0.0906008,0.0107905,0.0290445,-0.00915009,-0.0154006,-0.0296625
9.27,0.200578,0.306161,0.22356,0.126247,0.0906008,0.0107905,0.0290445,-0.00915009,-0.0154006,-0.0296625
9.275,0.200578,0.306161,0.22356,0.126247,0.0906008,0.0107905,0.0290445,-0.00915009,-0.0154006,-0.0296625
9.28,0.200578,0.306161,0.22356,0.126247,0.0906008,0.0107905,0.0290445,-0.00915009,-0.0154006,-0.0296625
9.285,0.200578,0.306161,0.22356,0.126247,0.0906008,0.0107905,0.0290445,-0.00915009,-0.0154006,-0.0296625
9.29,0.200578,0.306161,0.22356,0.126247,0.0906008,0.0107905,0.0290445,-0.00915009,-0.0154006,-0.0296625
9.295,0.200578,0.306161,0.22356,0.126247,0.0906008,0.0107905,0.0290445,-0.00915009,-0.0154006,-0.0296625
9.3,0.200578,0.306161,0.22356,0.126247,0.0906008,0.0107905,0.0290445,-0.00915009,-0.0154006,-0.0296625
9.305,0.200578,0.306161,0.22356,0.126247,0.0906008,0.0107905,0.0290445,-0.00915009,-0.0154006,-0.0296625
9.31,0.200578,0.306161,0.22356,0.126247,0.0906008,0.0107905,0.0290445,-0.00915009,-0.0154006,-0.0296625
9.315,0.200578,0.306161,0.22356,0.126247,0.0906008,0.0107905,0.0290445,-0.00915009,-0.0154006,-0.0296625
9.32,0.200578,0.306161,0.22356,0.126247,0.0906008,0.0107905,0.0290445,-0.00915008,-0.0154006,-0.0296625
9.325,0.200578,0.306161,0.22356,0.126247,0.0906008,0.0107905,0.0290445,-0.00915008,-0.0154006,-0.0296625
9.33,0.200578,0.306161,0.22356,0.126247,0.0906008,0.0107905,0.0290445,-0.00915008,-0.0154006,-0.0296625
9.335,0.200578,0.306161,0.22356,0.126247,0.0906008,0.0107905,0.0290445,-0.00915008,-0.0154006,-0.0296625
9.34,0.200578,0.306161,0.22356,0.126247,0.0906008,0.0107905,0.0290445,-0.00915008,-0.0154006,-0.0296625
9.345,0.200578,0.306161,0.22356,0.126247,0.0906008,0.0107905,0.0290445,-0.00915008,-0.0154006,-0.0296625
9.35,0.200578,0.306161,0.22356,0.126247,0.0906008,0.0107905,0.0290445,-0.00915008,-0.0154006,-0.0296625
9.355,0.200578,0.306161,0.22356,0.126247,0.0906008,0.0107905,0.0290445,-0.00915008,-0.0154006,-0.0296625
9.36,0.200578,0.306161,0.22356,0.126247,0.0906008,0.0107905,0.0290445,-0.00915008,-0.0154006,-0.0296625
9.365,0.200578,0.306161,0.22356,0.126247,0.0906008,0.0107905,0.0290445,-0.00915008,-0.0154006,-0.0296625
9.37,0.200578,0.306161,0.22356,0.126247,0.0906008,0.0107905,0.0290445,-0.00915008,-0.0154006,-0.0296625
9.375,0.200578,0.306161,0.22356,0.126247,0.0906008,0.0107905,0.0290445,-0.00915008,-0.0154006,-0.0296625
9.38,0.200578,0.306161,0.22356,0.126247,0.0906008,0.0107905,0.0290445,-0.00915008,-0.0154006,-0.0296625
9.385,0.200578,0.306161,0.22356,0.126247,0.0906008,0.0107905,0.0290445,-0.00915008,-0.0154006,-0.0296625
9.39,0.200578,0.306161,0.22356,0.126247,0.0906008,0.0107905,0.0290445,-0.00915008,-0.0154006,-0.0296625
9.395,0.200578,0.306161,0.22356,0.126247,0.0906008,0.0107905,0.0290445,-0.00915008,-0.0154006,-0.0296625
9.4,0.200578,0.306161,0.22356,0.126247,0.0906008,0.0107905,0.0290445,-0.00915008,-0.0154006,-0.0296625
9.405,0.200578,0.306161,0.22356,0.126247,0.0906008,0.0107905,0.0290445,-0.00915008,-0.0154006,-0.0296625
9.41,0.200578,0.306161,0.22356,0.126247,0.0906008,0.0107905,0.0290445,-0.00915008,-0.0154006,-0.0296625
9.415,0.200578,0.306161,0.22356,0.126247,0.0906008,0.0107905,0.0290446,-0.00915007,-0.0154006,-0.0296625
9.42,0.200578,0.306161,0.22356,0.126247,0.0906008,0.0107905,0.0290446,-0.00915007,-0.0154006,-0.0296625
9.425,0.200578,0.306161,0.22356,0.126247,0.0906008,0.0107905,0.0290446,-0.00915007,-0.0154006,-0.0296625
9.43,0.200578,0.306161,0.22356,0.126247,0.0906008,0.0107905,0.0290446,-0.00915007,-0.0154006,-0.0296625
9.435,0.200578,0.306161,0.22356,0.126247,0.0906008,0.0107905,0.0290446,-0.00915007,-0.0154006,-0.0296625
9.44,0.200578,0.306161,0.22356,0.126247,0.0906008,0.0107905,0.0290446,-0.00915007,-0.0154006,-0.0296625
9.445,0.200578,0.306161,0.22356,0.126247,0.0906008,0.0107905,0.0290446,-0.00915007,-0.0154006,-0.0296625
9.45,0.200578,0.306161,0.22356,0.126247,0.0906008,0.0107905,0.0290446,-0.00915007,-0.0154006,-0.0296625
9.455,0.200578,0.306161,0.22356,0.126247,0.0906008,0.0107905,0.0290446,-0.00915007,-0.0154006,-0.0296625
9.46,0.200578,0.306161,0.22356,0.126247,0.0906008,0.0107905,0.0290446,-0.00915007,-0.0154006,-0.0296625
9.465,0.200578,0.306161,0.22356,0.126247,0.0906008,0.0107905,0.0290446,-0.00915007,-0.0154006,-0.0296625
9.47,0.200578,0.306161,0.22356,0.126247,0.0906008,0.0107905,0.0290446,-0.00915007,-0.0154006,-0.0296625
9.475,0.200578,0.306161,0.22356,0.126247,0.0906008,0.0107905,0.0290446,-0.00915007,-0.0154006,-0.0296625
9.48,0.200578,0.306161,0.22356,0.126247,0.0906009,0.0107905,0.0290446,-0.00915007,-0.0154006,-0.0296625
9.485,0.200578,0.306161,0.22356,0.126247,0.0906009,0.0107905,0.0290446,-0.00915007,-0.0154006,-0.0296625
9.49,0.200578,0.306161,0.22356,0.126247,0.0906009,0.0107905,0.0290446,-0.00915007,-0.0154006,-0.0296625
9.495,0.200578,0.306161,0.22356,0.126247,0.0906009,0.0107905,0.0290446,-0.00915007,-0.0154006,-0.0296625
9.5,0.200578,0.306161,0.22356,0.126247,0.0906009,0.0107905,0.0290446,-0.00915007,-0.0154006,-0.0296625
9.505,0.200578,0.306161,0.22356,0.126247,0.0906009,0.0107905,0.0290446,-0.00915007,-0.0154006,-0.0296625
9.51,0.200578,0.306161,0.22356,0.126247,0.0906009,0.0107905,0.0290446,-0.00915007,-0.0154006,-0.0296625
9.515,0.200578,0.306161,0.22356,0.126247,0.0906009,0.0107905,0.0290446,-0.00915007,-0.0154006,-0.0296625
9.52,0.200578,0.306161,0.22356,0.126247,0.0906009,0.0107906,0.0290446,-0.00915007,-0.0154006,-0.0296625
9.525,0.200578,0.306161,0.22356,0.126247,0.0906009,0.0107906,0.0290446,-0.00915007,-0.0154006,-0.0296625
9.53,0.200578,0.306161,0.22356,0.126247,0.0906009,0.0107906,0.0290446,-0.00915006,-0.0154006,-0.0296625
9.535,0.200578,0.306161,0.22356,0.126247,0.0906009,0.0107906,0.0290446,-0.00915006,-0.0154006,-0.0296625
9.54,0.200578,0.306161,0.22356,0.126247,0.0906009,0.0107906,0.0290446,-0.00915006,-0.0154006,-0.0296625
9.545,0.200578,0.306161,0.22356,0.126247,0.0906009,0.0107906,0.0290446,-0.00915006,-0.0154006,-0.0296625
9.55,0.200578,0.306161,0.22356,0.126247,0.0906009,0.0107906,0.0290446,-0.00915006,-0.0154006,-0.0296625
9.555,0.200578,0.306161,0.22356,0.126247,0.0906009,0.0107906,0.0290446,-0.00915006,-0.0154006,-0.0296625
9.56,0.200578,0.306161,0.22356,0.126247,0.0906009,0.0107906,0.0290446,-0.00915006,-0.0154006,-0.0296625
9.565,0.200578,0.306161,0.22356,0.126247,0.0906009,0.0107906,0.0290446,-0.00915006,-0.0154006,-0.0296625
9.57,0.200578,0.306161,0.22356,0.126247,0.0906009,0.0107906,0.0290446,-0.00915006,-0.0154006,-0.0296625
9.575,0.200578,0.306161,0.22356,0.126247,0.0906009,0.0107906,0.0290446,-0.00915006,-0.0154006,-0.0296625
9.58,0.200578,0.306161,0.22356,0.126247,0.0906009,0.0107906,0.0290446,-0.00915006,-0.0154006,-0.0296625
9.585,0.200578,0.306161,0.22356,0.126247,0.0906009,0.0107906,0.0290446,-0.00915006,-0.0154006,-0.0296625
9.59,0.200578,0.306161,0.22356,0.126247,0.0906009,0.0107906,0.0290446,-0.00915006,-0.0154006,-0.0296625
9.595,0.200578,0.306161,0.22356,0.126247,0.0906009,0.0107906,0.0290446,-0.00915006,-0.0154006,-0.0296625
9.6,0.200578,0.306161,0.22356,0.126247,0.0906009,0.0107906,0.0290446,-0.00915006,-0.0154006,-0.0296625
9.605,0.200578,0.306161,0.22356,0.126247,0.0906009,0.0107906,0.0290446,-0.00915006,-0.0154006,-0.0296625
9.61,0.200578,0.306161,0.22356,0.126247,0.0906009,0.0107906,0.0290446,-0.00915006,-0.0154006,-0.0296625
9.615,0.200578,0.306161,0.22356,0.126247,0.0906009,0.0107906,0.0290446,-0.00915006,-0.0154006,-0.0296625
9.62,0.200578,0.306161,0.22356,0.126247,0.0906009,0.0107906,0.0290446,-0.00915006,-0.0154006,-0.0296625
9.625,0.200578,0.306161,0.22356,0.126247,0.0906009,0.0107906,0.0290446,-0.00915006,-0.0154006,-0.0296625
9.63,0.200578,0.306161,0.22356,0.126247,0.0906009,0.0107906,0.0290446,-0.00915006,-0.0154006,-0.0296625
9.635,0.200578,0.306161,0.22356,0.126247,0.0906009,0.0107906,0.0290446,-0.00915006,-0.0154006,-0.0296625
9.64,0.200578,0.306161,0.22356,0.126247,0.0906009,0.0107906,0.0290446,-0.00915006,-0.0154006,-0.0296625
9.645,0.200578,0.306161,0.22356,0.126247,0.0906009,0.0107906,0.0290446,-0.00915006,-0.0154006,-0.0296625
9.65,0.200578,0.306161,0.22356,0.126247,0.0906009,0.0107906,0.0290446,-0.00915006,-0.0154006,-0.0296625
9.655,0.200578,0.306161,0.22356,0.126247,0.0906009,0.0107906,0.0290446,-0.00915006,-0.0154006,-0.0296625
9.66,0.200578,0.306161,0.22356,0.126247,0.0906009,0.0107906,0.0290446,-0.00915006,-0.0154006,-0.0296625
9.665,0.200578,0.306161,0.22356,0.126247,0.0906009,0.0107906,0.0290446,-0.00915006,-0.0154006,-0.0296625
9.67,0.200578,0.306161,0.22356,0.126247,0.0906009,0.0107906,0.0290446,-0.00915005,-0.0154006,-0.0296625
9.675,0.200578,0.306161,0.22356,0.126247,0.0906009,0.0107906,0.0290446,-0.00915005,-0.0154006,-0.0296625
9.68,0.200578,0.306161,0.22356,0.126247,0.0906009,0.0107906,0.0290446,-0.00915005,-0.0154006,-0.0296625
9.685,0.200578,0.306161,0.22356,0.126247,0.0906009,0.0107906,0.0290446,-0.00915005,-0.0154006,-0.0296625
9.69,0.200578,0.306161,0.22356,0.126247,0.0906009,0.0107906,0.0290446,-0.00915005,-0.0154006,-0.0296625
9.695,0.200578,0.306161,0.22356,0.126247,0.0906009,0.0107906,0.0290446,-0.00915005,-0.0154006,-0.0296625
9.7,0.200578,0.306161,0.22356,0.126247,0.0906009,0.0107906,0.0290446,-0.00915005,-0.0154006,-0.0296625
9.705,0.200578,0.306161,0.22356,0.126247,0.0906009,0.0107906,0.0290446,-0.00915005,-0.0154006,-0.0296625
9.71,0.200578,0.306161,0.22356,0.126247,0.0906009,0.0107906,0.0290446,-0.00915005,-0.0154006,-0.0296625
9.715,0.200578,0.306161,0.22356,0.126247,0.0906009,0.0107906,0.0290446,-0.00915005,-0.0154006,-0.0296625
9.72,0.200578,0.306161,0.22356,0.126247,0.0906009,0.0107906,0.0290446,-0.00915005,-0.0154006,-0.0296625
9.725,0.200578,0.306161,0.22356,0.126247,0.0906009,0.0107906,0.0290446,-0.00915005,-0.0154006,-0.0296625
9.73,0.200578,0.306161,0.22356,0.126247,0.0906009,0.0107906,0.0290446,-0.00915005,-0.0154006,-0.0296625
9.735,0.200578,0.306161,0.22356,0.126247,0.0906009,0.0107906,0.0290446,-0.00915005,-0.0154006,-0.0296625
9.74,0.200578,0.306161,0.22356,0.126247,0.0906009,0.0107906,0.0290446,-0.00915005,-0.0154006,-0.0296625
9.745,0.200578,0.306161,0.22356,0.126247,0.0906009,0.0107906,0.0290446,-0.00915005,-0.0154006,-0.0296625
9.75,0.200578,0.306161,0.22356,0.126247,0.0906009,0.0107906,0.0290446,-0.00915005,-0.0154006,-0.0296625
9.755,0.200578,0.306161,0.22356,0.126247,0.0906009,0.0107906,0.0290446,-0.00915005,-0.0154006,-0.0296625
9.76,0.200578,0.306161,0.22356,0.126247,0.0906009,0.0107906,0.0290446,-0.00915005,-0.0154006,-0.0296625
9.765,0.200578,0.306161,0.22356,0.126247,0.0906009,0.0107906,0.0290446,-0.00915005,-0.0154006,-0.0296625
9.77,0.200578,0.306161,0.22356,0.126247,0.0906009,0.0107906,0.0290446,-0.00915005,-0.0154006,-0.0296625
9.775,0.200578,0.306161,0.22356,0.126247,0.0906009,0.0107906,0.0290446,-0.00915005,-0.0154006,-0.0296625
9.78,0.200578,0.306161,0.22356,0.126247,0.0906009,0.0107906,0.0290446,-0.00915005,-0.0154006,-0.0296625
9.785,0.200578,0.306161,0.22356,0.126247,0.0906009,0.0107906,0.0290446,-0.00915005,-0.0154006,-0.0296625
9.79,0.200578,0.306161,0.22356,0.126247,0.0906009,0.0107906,0.0290446,-0.00915005,-0.0154006,-0.0296625
9.795,0.200578,0.306161,0.22356,0.126247,0.0906009,0.0107906,0.0290446,-0.00915005,-0.0154006,-0.0296625
9.8,0.200578,0.306161,0.22356,0.126247,0.0906009,0.0107906,0.0290446,-0.00915005,-0.0154006,-0.0296625
9.805,0.200578,0.306161,0.22356,0.126247,0.0906009,0.0107906,0.0290446,-0.00915005,-0.0154006,-0.0296625
9.81,0.200578,0.306161,0.22356,0.126247,0.0906009,0.0107906,0.0290446,-0.00915005,-0.0154006,-0.0296625
9.815,0.200578,0.306161,0.22356,0.126247,0.0906009,0.0107906,0.0290446,-0.00915005,-0.0154006,-0.0296625
9.82,0.200578,0.306161,0.22356,0.126247,0.0906009,0.0107906,0.0290446,-0.00915005,-0.0154006,-0.0296625
9.825,0.200578,0.306161,0.22356,0.126247,0.0906009,0.0107906,0.0290446,-0.00915005,-0.0154006,-0.0296625
9.83,0.200578,0.306161,0.22356,0.126247,0.0906009,0.0107906,0.0290446,-0.00915005,-0.0154006,-0.0296625
9.835,0.200578,0.306161,0.22356,0.126247,0.0906009,0.0107906,0.0290446,-0.00915005,-0.0154006,-0.0296625
9.84,0.200578,0.306161,0.22356,0.126247,0.0906009,0.0107906,0.0290446,-0.00915005,-0.0154006,-0.0296625
9.845,0.200578,0.306161,0.22356,0.126247,0.0906009,0.0107906,0.0290446,-0.00915005,-0.0154006,-0.0296625
9.85,0.200578,0.306161,0.22356,0.126247,0.0906009,0.0107906,0.0290446,-0.00915005,-0.0154006,-0.0296625
9.855,0.200578,0.306161,0.22356,0.126247,0.0906009,0.0107906,0.0290446,-0.00915005,-0.0154006,-0.0296625
9.86,0.200578,0.306161,0.22356,0.126247,0.0906009,0.0107906,0.0290446,-0.00915004,-0.0154006,-0.0296625
9.865,0.200578,0.306161,0.22356,0.126247,0.0906009,0.0107906,0.0290446,-0.00915004,-0.0154006,-0.0296625
9.87,0.200578,0.306161,0.22356,0.126247,0.0906009,0.0107906,0.0290446,-0.00915004,-0.0154006,-0.0296625
9.875,0.200578,0.306161,0.22356,0.126247,0.0906009,0.0107906,0.0290446,-0.00915004,-0.0154006,-0.0296625
9.88,0.200578,0.306161,0.22356,0.126247,0.0906009,0.0107906,0.0290446,-0.00915004,-0.0154006,-0.0296625
9.885,0.200578,0.306161,0.22356,0.126247,0.0906009,0.0107906,0.0290446,-0.00915004,-0.0154006,-0.0296625
9.89,0.200578,0.306161,0.22356,0.126247,0.0906009,0.0107906,0.0290446,-0.00915004,-0.0154006,-0.0296625
9.895,0.200578,0.306161,0.22356,0.126247,0.0906009,0.0107906,0.0290446,-0.00915004,-0.0154006,-0.0296625
9.9,0.200578,0.306161,0.22356,0.126247,0.0906009,0.0107906,0.0290446,-0.00915004,-0.0154006,-0.0296625
9.905,0.200578,0.306161,0.22356,0.126247,0.0906009,0.0107906,0.0290446,-0.00915004,-0.0154006,-0.0296625
9.91,0.200578,0.306161,0.22356,0.126247,0.0906009,0.0107906,0.0290446,-0.00915004,-0.0154006,-0.0296625
9.915,0.200578,0.306161,0.22356,0.126247,0.0906009,0.0107906,0.0290446,-0.00915004,-0.0154006,-0.0296625
9.92,0.200578,0.306161,0.22356,0.126247,0.0906009,0.0107906,0.0290446,-0.00915004,-0.0154006,-0.0296625
9.925,0.200578,0.306161,0.22356,0.126247,0.0906009,0.0107906,0.0290446,-0.00915004,-0.0154006,-0.0296625
9.93,0.200578,0.306161,0.22356,0.126247,0.0906009,0.0107906,0.0290446,-0.00915004,-0.0154006,-0.0296625
9.935,0.200578,0.306161,0.22356,0.126247,0.0906009,0.0107906,0.0290446,-0.00915004,-0.0154006,-0.0296625
9.94,0.200578,0.306161,0.22356,0.126247,0.0906009,0.0107906,0.0290446,-0.00915004,-0.0154006,-0.0296625
9.945,0.200578,0.306161,0.22356,0.126247,0.0906009,0.0107906,0.0290446,-0.00915004,-0.0154006,-0.0296625
9.95,0.200578,0.306161,0.22356,0.126247,0.0906009,0.0107906,0.0290446,-0.00915004,-0.0154006,-0.0296625
9.955,0.200578,0.306161,0.22356,0.126247,0.0906009,0.0107906,0.0290446,-0.00915004,-0.0154006,-0.0296625
9.96,0.200578,0.306161,0.22356,0.126247,0.0906009,0.0107906,0.0290446,-0.00915004,-0.0154006,-0.0296625
9.965,0.200578,0.306161,0.22356,0.126247,0.0906009,0.0107906,0.0290446,-0.00915004,-0.0154006,-0.0296625
9.97,0.200578,0.306161,0.22356,0.126247,0.0906009,0.0107906,0.0290446,-0.00915004,-0.0154006,-0.0296625
9.975,0.200578,0.306161,0.22356,0.126247,0.0906009,0.0107906,0.0290446,-0.00915004,-0.0154006,-0.0296625
9.98,0.200578,0.306161,0.22356,0.126247,0.0906009,0.0107906,0.0290446,-0.00915004,-0.0154006,-0.0296625
9.985,0.200578,0.306161,0.22356,0.126247,0.0906009,0.0107906,0.0290446,-0.00915004,-0.0154006,-0.0296625
9.99,0.200578,0.306161,0.22356,0.126247,0.0906009,0.0107906,0.0290446,-0.00915004,-0.0154006,-0.0296625
9.995,0.200578,0.306161,0.22356,0.126247,0.0906009,0.0107906,0.0290446,-0.00915004,-0.0154006,-0.0296625
10,0.200578,0.306161,0.22356,0.126247,0.0906009,0.0107906,0.0290446,-0.00915004,-0.0154006,-0.0296625
