0,0,0,0,0,0,0,0,0,0,0
0.005,0.0179469,-0.0151544,0.0149367,-0.0125409,0.0102768,-0.00699125,0.00449579,-0.002838,0.00173041,-0.00111497
0.01,0.0308412,-0.025572,0.0243446,-0.0195242,0.0149894,-0.00931267,0.00534178,-0.00290144,0.00146512,-0.000780298
0.015,0.040655,-0.0331085,0.0304442,-0.0232932,0.0166767,-0.00933275,0.00461251,-0.00196842,0.000636228,-0.000125844
0.02,0.0485054,-0.0388157,0.034491,-0.0251599,0.0167266,-0.00829152,0.00333175,-0.000853525,-0.00014954,0.000396023
0.025,0.0550447,-0.043307,0.037212,-0.0258715,0.0159006,-0.00682568,0.00197516,0.00011718,-0.000695324,0.000669671
0.03,0.0606672,-0.0469524,0.0390411,-0.0258636,0.0146211,-0.00525562,0.000744544,0.000846905,-0.000984173,0.000720222
0.035,0.0656208,-0.0499837,0.0402466,-0.0253979,0.0131254,-0.00373798,-0.000289579,0.00133661,-0.0010644,0.000615839
0.04,0.0700678,-0.0525521,0.0410004,-0.0246367,0.0115493,-0.0023451,-0.00111648,0.00162245,-0.000997909,0.000425248
0.045,0.0741186,-0.0547599,0.0414172,-0.0236837,0.00997082,-0.00110613,-0.00175063,0.00174815,-0.000839962,0.000202858
0.05,0.0778512,-0.056679,0.0415759,-0.0226074,0.00843539,-2.81161e-05,-0.00221544,0.00175413,-0.000633388,-1.37396e-05
0.055,0.0813224,-0.0583616,0.0415323,-0.0214539,0.0069687,0.000892948,-0.00253602,0.00167418,-0.000408744,-0.000201534
0.06,0.0845747,-0.0598464,0.0413272,-0.0202552,0.00558475,0.00166644,-0.00273616,0.00153518,-0.00018646,-0.000348599
0.065,0.0876409,-0.0611629,0.0409909,-0.0190335,0.00429034,0.00230406,-0.00283718,0.00135802,2.06841e-05,-0.000450766
0.07,0.0905466,-0.0623342,0.0405465,-0.017805,0.00308782,0.00281824,-0.00285777,0.00115868,0.000205398,-0.000508924
0.075,0.0933121,-0.0633787,0.0400117,-0.016581,0.00197678,0.00322125,-0.00281407,0.000949297,0.000364185,-0.000527003
0.08,0.0959541,-0.064311,0.0394008,-0.0153699,0.00095517,0.00352482,-0.00271994,0.000738998,0.000496082,-0.000510555
0.085,0.0984864,-0.0651432,0.038725,-0.0141781,1.99605e-05,0.00373989,-0.00258723,0.000534591,0.000601762,-0.00046578
0.09,0.10092,-0.0658854,0.0379933,-0.0130101,-0.000832421,0.00387653,-0.00242606,0.000341076,0.00068291,-0.000398903
0.095,0.103266,-0.0665461,0.0372134,-0.0118695,-0.0016058,0.00394396,-0.00224503,0.000162039,0.000741791,-0.000315792
0.1,0.10553,-0.0671325,0.0363915,-0.0107587,-0.00230407,0.00395056,-0.00205146,-4.47474e-08,0.000780969,-0.000221734
0.105,0.107722,-0.0676506,0.0355328,-0.00967993,-0.00293111,0.00390395,-0.00185155,-0.000143582,0.000803112,-0.000121332
0.11,0.109846,-0.0681059,0.0346419,-0.00863461,-0.00349066,0.00381101,-0.00165051,-0.00026768,0.000810875,-1.84743e-05
0.115,0.111909,-0.068503,0.0337226,-0.00762395,-0.00398636,0.00367799,-0.00145275,-0.000372011,0.000806819,8.3655e-05
0.12,0.113915,-0.0688458,0.0327781,-0.00664885,-0.00442166,0.00351054,-0.00126193,-0.000456697,0.000793367,0.000182531
0.125,0.115868,-0.0691381,0.0318114,-0.00570999,-0.00479987,0.00331381,-0.00108111,-0.000522224,0.000772776,0.000276233
0.13,0.117772,-0.069383,0.0308251,-0.00480793,-0.00512412,0.00309244,-0.000912776,-0.000569365,0.000747124,0.000363374
0.135,0.11963,-0.0695832,0.0298213,-0.00394305,-0.00539739,0.0028507,-0.000758956,-0.000599127,0.000718303,0.000443042
0.14,0.121445,-0.0697413,0.028802,-0.00311565,-0.00562252,0.00259243,-0.000621257,-0.000612696,0.000688022,0.000514728
0.145,0.12322,-0.0698596,0.0277691,-0.00232597,-0.0058022,0.00232119,-0.000500923,-0.000611399,0.000657807,0.000578265
0.15,0.124958,-0.0699401,0.026724,-0.00157414,-0.005939,0.0020402,-0.000398878,-0.000596665,0.000629008,0.000633775
0.155,0.12666,-0.0699845,0.0256683,-0.000860275,-0.00603539,0.00175242,-0.000315763,-0.000570003,0.000602804,0.000681611
0.16,0.128328,-0.0699946,0.0246033,-0.000184436,-0.00609371,0.00146059,-0.000251973,-0.000532969,0.000580208,0.000722314
0.165,0.129965,-0.0699717,0.0235301,0.000453353,-0.00611622,0.0011672,-0.00020768,-0.000487148,0.000562076,0.00075657
0.17,0.131571,-0.0699174,0.02245,0.00105309,-0.00610511,0.000874569,-0.000182861,-0.000434135,0.000549111,0.00078517
0.175,0.133149,-0.0698327,0.0213639,0.00161481,-0.00606246,0.000584812,-0.000177319,-0.000375521,0.000541872,0.000808983
0.18,0.134699,-0.0697189,0.0202729,0.00213856,-0.00599031,0.000299892,-0.0001907,-0.000312873,0.000540779,0.00082892
0.185,0.136223,-0.0695769,0.0191778,0.0026244,-0.00589063,2.16162e-05,-0.00022251,-0.000247727,0.000546117,0.000845916
0.19,0.137722,-0.0694077,0.0180796,0.00307241,-0.00576533,-0.000248351,-0.000272128,-0.000181578,0.000558047,0.000860903
0.195,0.139197,-0.0692122,0.0169791,0.00348269,-0.00561629,-0.000508476,-0.000338824,-0.000115866,0.000576611,0.000874795
0.2,0.140649,-0.0689912,0.015877,0.00385536,-0.00544533,-0.000757353,-0.000421762,-5.19701e-05,0.000601733,0.00088847
0.205,0.142079,-0.0687454,0.0147742,0.00419054,-0.00525423,-0.000993691,-0.000520018,8.79747e-06,0.000633234,0.000902755
0.21,0.143487,-0.0684755,0.0136715,0.00448836,-0.00504475,-0.00121631,-0.000632586,6.52001e-05,0.000670831,0.000918419
0.215,0.144875,-0.0681822,0.0125695,0.004749,-0.00481862,-0.00142415,-0.000758386,0.000116082,0.000714149,0.000936162
0.22,0.146242,-0.067866,0.0114691,0.00497261,-0.00457752,-0.00161624,-0.000896274,0.000160371,0.000762725,0.000956602
0.225,0.147591,-0.0675276,0.0103709,0.00515939,-0.00432314,-0.00179171,-0.00104505,0.000197087,0.000816015,0.000980278
0.23,0.14892,-0.0671674,0.00927562,0.00530954,-0.00405712,-0.0019498,-0.00120346,0.000225344,0.000873403,0.00100764
0.235,0.150231,-0.0667859,0.00818404,0.00542329,-0.00378109,-0.00208985,-0.00137022,0.000244352,0.000934207,0.00103904
0.24,0.151525,-0.0663837,0.00709684,0.00550088,-0.00349665,-0.00221128,-0.00154399,0.000253422,0.000997686,0.00107475
0.245,0.152801,-0.0659611,0.00601471,0.00554258,-0.00320541,-0.00231361,-0.00172342,0.000251968,0.00106305,0.00111493
0.25,0.15406,-0.0655186,0.00493836,0.00554868,-0.00290894,-0.00239646,-0.00190714,0.00023951,0.00112947,0.00115966
0.255,0.155303,-0.0650567,0.0038685,0.0055195,-0.00260879,-0.00245954,-0.00209375,0.000215673,0.00119607,0.00120891
0.26,0.15653,-0.0645756,0.00280582,0.00545537,-0.0023065,-0.00250265,-0.00228185,0.000180189,0.00126196,0.00126258
0.265,0.157741,-0.0640758,0.00175103,0.00535667,-0.0020036,-0.00252568,-0.00247003,0.000132901,0.00132624,0.00132046
0.27,0.158936,-0.0635577,0.000704844,0.0052238,-0.00170158,-0.00252863,-0.00265692,7.37583e-05,0.00138798,0.00138226
0.275,0.160116,-0.0630215,-0.000332044,0.00505718,-0.00140194,-0.00251157,-0.00284112,2.81883e-06,0.00144627,0.00144762
0.28,0.161281,-0.0624677,-0.00135892,0.00485727,-0.00110613,-0.00247467,-0.00302127,-7.9752e-05,0.00150018,0.00151608
0.285,0.162432,-0.0618966,-0.00237509,0.00462457,-0.000815601,-0.0024182,-0.00319604,-0.000173683,0.00154884,0.00158712
0.29,0.163568,-0.0613086,-0.00337983,0.00435961,-0.000531759,-0.0023425,-0.00336412,-0.000278598,0.00159136,0.00166015
0.295,0.16469,-0.0607039,-0.00437244,0.00406295,-0.000255998,-0.00224801,-0.00352427,-0.000394021,0.00162691,0.00173453
0.3,0.165798,-0.0600828,-0.00535221,0.00373519,1.03214e-05,-0.00213527,-0.00367525,-0.000519375,0.0016547,0.00180956
0.305,0.166891,-0.0594458,-0.00631845,0.00337698,0.00026587,-0.0020049,-0.00381592,-0.00065399,0.00167398,0.00188449
0.31,0.167972,-0.0587931,-0.00727044,0.00298898,0.000509352,-0.0018576,-0.00394518,-0.000797104,0.00168406,0.00195853
0.315,0.169038,-0.0581251,-0.00820751,0.00257192,0.000739508,-0.00169415,-0.004062,-0.000947869,0.00168433,0.00203088
0.32,0.170092,-0.057442,-0.00912895,0.00212654,0.000955118,-0.00151544,-0.00416542,-0.00110535,0.00167422,0.0021007
0.325,0.171132,-0.0567443,-0.0100341,0.00165365,0.00115501,-0.00132239,-0.00425456,-0.00126856,0.00165326,0.00216714
0.33,0.172159,-0.0560321,-0.0109222,0.00115406,0.00133804,-0.00111605,-0.00432864,-0.0014364,0.00162106,0.00222935
0.335,0.173173,-0.0553058,-0.0117928,0.000628653,0.00150314,-0.000897505,-0.00438695,-0.00160775,0.00157733,0.00228648
0.34,0.174175,-0.0545658,-0.012645,7.83368e-05,0.00164928,-0.000667926,-0.00442889,-0.00178143,0.00152184,0.0023377
0.345,0.175163,-0.0538123,-0.0134782,-0.000495943,0.00177548,-0.000428544,-0.00445395,-0.00195618,0.0014545,0.00238219
0.35,0.176139,-0.0530458,-0.014292,-0.0010932,0.00188082,-0.000180651,-0.00446174,-0.00213075,0.00137528,0.00241919
0.355,0.177103,-0.0522664,-0.0150855,-0.00171242,0.00196446,7.44057e-05,-0.00445197,-0.00230382,0.0012843,0.00244794
0.36,0.178054,-0.0514745,-0.0158582,-0.00235255,0.00202559,0.00033523,-0.00442445,-0.00247407,0.00118174,0.00246775
0.365,0.178993,-0.0506705,-0.0166097,-0.00301251,0.00206351,0.000600379,-0.00437912,-0.00264018,0.00106792,0.002478
0.37,0.17992,-0.0498546,-0.0173392,-0.00369116,0.00207756,0.000868376,-0.00431603,-0.00280081,0.00094325,0.00247811
0.375,0.180835,-0.0490273,-0.0180462,-0.00438738,0.00206716,0.00113771,-0.00423534,-0.00295463,0.000808244,0.00246757
0.38,0.181737,-0.0481887,-0.0187304,-0.00509997,0.00203181,0.00140685,-0.00413734,-0.00310035,0.000663529,0.00244599
0.385,0.182628,-0.0473393,-0.0193911,-0.00582776,0.00197108,0.00167423,-0.00402243,-0.00323668,0.000509826,0.002413
0.39,0.183507,-0.0464794,-0.0200279,-0.0065695,0.00188463,0.0019383,-0.00389112,-0.00336241,0.000347958,0.00236838
0.395,0.184375,-0.0456092,-0.0206405,-0.00732397,0.00177219,0.0021975,-0.00374404,-0.00347635,0.000178836,0.00231196
0.4,0.185231,-0.0447292,-0.0212283,-0.0080899,0.00163359,0.00245026,-0.00358194,-0.00357738,3.46175e-06,0.00224371
0.405,0.186075,-0.0438397,-0.021791,-0.00886603,0.00146871,0.00269503,-0.00340566,-0.00366446,-0.000177085,0.00216366
0.41,0.186908,-0.0429409,-0.0223284,-0.00965106,0.00127755,0.0029303,-0.00321615,-0.00373661,-0.00036165,0.00207198
0.415,0.18773,-0.0420332,-0.02284,-0.0104437,0.00106017,0.00315456,-0.00301448,-0.00379297,-0.000549016,0.00196892
0.42,0.188541,-0.041117,-0.0233256,-0.0112427,0.000816718,0.00336636,-0.00280178,-0.00383276,-0.000737907,0.00185486
0.425,0.18934,-0.0401925,-0.023785,-0.0120466,0.000547437,0.00356427,-0.00257929,-0.0038553,-0.000927004,0.00173027
0.43,0.190129,-0.0392601,-0.0242179,-0.0128543,0.00025264,0.00374694,-0.00234833,-0.00386004,-0.00111495,0.00159574
0.435,0.190907,-0.0383201,-0.0246243,-0.0136645,-6.72754e-05,0.00391306,-0.00211028,-0.00384654,-0.00130036,0.00145194
0.44,0.191674,-0.0373728,-0.0250039,-0.0144758,-0.000411833,0.0040614,-0.0018666,-0.00381451,-0.00148185,0.00129967
0.445,0.19243,-0.0364186,-0.0253566,-0.0152869,-0.00078048,0.00419079,-0.0016188,-0.00376377,-0.001658,0.00113979
0.45,0.193177,-0.0354577,-0.0256824,-0.0160967,-0.00117259,0.00430015,-0.00136843,-0.00369428,-0.00182745,0.000973275
0.455,0.193912,-0.0344905,-0.0259813,-0.0169039,-0.00158746,0.00438849,-0.00111709,-0.00360615,-0.00198882,0.000801177
0.46,0.194638,-0.0335173,-0.0262532,-0.0177072,-0.00202432,0.0044549,-0.000866403,-0.00349962,-0.00214078,0.000624619
0.465,0.195354,-0.0325384,-0.0264982,-0.0185055,-0.00248235,0.00449856,-0.00061801,-0.00337508,-0.00228205,0.000444796
0.47,0.196059,-0.0315541,-0.0267163,-0.0192976,-0.00296065,0.00451879,-0.000373558,-0.00323307,-0.0024114,0.000262958
0.475,0.196755,-0.0305647,-0.0269076,-0.0200823,-0.00345828,0.00451496,-0.000134692,-0.00307427,-0.00252769,8.04064e-05
0.48,0.197441,-0.0295705,-0.0270723,-0.0208587,-0.00397422,0.0044866,9.69547e-05,-0.00289948,-0.00262985,-0.000101522
0.485,0.198118,-0.0285718,-0.0272105,-0.0216255,-0.00450744,0.00443331,0.000319775,-0.00270967,-0.00271689,-0.000281462
0.49,0.198785,-0.0275688,-0.0273224,-0.0223818,-0.00505685,0.00435483,0.000532197,-0.00250591,-0.00278794,-0.000458034
0.495,0.199443,-0.026562,-0.0274081,-0.0231266,-0.00562131,0.004251,0.000732689,-0.00228943,-0.00284225,-0.000629856
0.5,0.200091,-0.0255515,-0.027468,-0.0238589,-0.00619967,0.00412178,0.000919778,-0.00206155,-0.00287918,-0.000795554
0.505,0.200731,-0.0245377,-0.0275022,-0.0245778,-0.00679075,0.00396723,0.00109205,-0.00182372,-0.00289823,-0.000953779
0.51,0.201362,-0.0235207,-0.027511,-0.0252825,-0.00739334,0.00378755,0.00124817,-0.00157748,-0.00289902,-0.00110321
0.515,0.201984,-0.022501,-0.0274948,-0.0259721,-0.00800621,0.00358302,0.00138688,-0.00132447,-0.00288134,-0.00124259
0.52,0.202597,-0.0214787,-0.0274538,-0.0266459,-0.00862813,0.00335405,0.00150701,-0.00106641,-0.00284511,-0.0013707
0.525,0.203203,-0.0204542,-0.0273883,-0.0273031,-0.00925787,0.00310113,0.00160749,-0.000805107,-0.0027904,-0.00148642
0.53,0.203799,-0.0194276,-0.0272988,-0.0279431,-0.0098942,0.00282488,0.00168735,-0.000542396,-0.00271744,-0.00158868
0.535,0.204388,-0.0183992,-0.0271855,-0.0285653,-0.0105359,0.00252599,0.00174572,-0.000280178,-0.00262662,-0.00167653
0.54,0.204968,-0.0173694,-0.0270489,-0.029169,-0.0111817,0.00220525,0.00178185,-2.03812e-05,-0.00251848,-0.00174914
0.545,0.205541,-0.0163383,-0.0268893,-0.0297538,-0.0118304,0.00186354,0.00179511,0.000235049,-0.00239371,-0.00180575
0.55,0.206106,-0.0153061,-0.0267071,-0.0303191,-0.0124809,0.00150179,0.00178499,0.000484163,-0.00225316,-0.00184578
0.555,0.206663,-0.0142732,-0.0265027,-0.0308645,-0.0131319,0.00112104,0.00175109,0.000725021,-0.0020978,-0.00186874
0.56,0.207213,-0.0132397,-0.0262764,-0.0313897,-0.0137824,0.000722353,0.00169314,0.000955709,-0.00192877,-0.0018743
0.565,0.207756,-0.012206,-0.0260289,-0.0318942,-0.0144313,0.000306875,0.00161099,0.00117435,-0.00174732,-0.00186228
0.57,0.208291,-0.0111721,-0.0257603,-0.0323777,-0.0150774,-0.000124215,0.00150462,0.00137912,-0.00155484,-0.00183264
0.575,0.208819,-0.0101384,-0.0254712,-0.03284,-0.0157197,-0.000569699,0.00137411,0.00156827,-0.00135283,-0.00178549
0.58,0.20934,-0.0091051,-0.025162,-0.0332809,-0.0163574,-0.00102833,0.00121967,0.00174013,-0.00114287,-0.0017211
0.585,0.209854,-0.00807238,-0.024833,-0.0337001,-0.0169894,-0.00149884,0.00104162,0.00189309,-0.000926675,-0.00163991
0.59,0.210362,-0.0070405,-0.0244848,-0.0340975,-0.0176147,-0.00197994,0.000840391,0.0020257,-0.000706007,-0.00154249
0.595,0.210863,-0.00600966,-0.0241177,-0.034473,-0.0182327,-0.00247035,0.000616513,0.00213659,-0.000482706,-0.00142958
0.6,0.211357,-0.0049801,-0.0237322,-0.0348264,-0.0188424,-0.0029688,0.000370613,0.00222451,-0.000258665,-0.00130205
0.605,0.211845,-0.00395202,-0.0233287,-0.0351577,-0.0194431,-0.00347401,0.000103407,0.00228837,-3.58144e-05,-0.00116092
0.61,0.212327,-0.00292565,-0.0229075,-0.0354669,-0.0200341,-0.00398474,-0.000184306,0.00232722,0.000183893,-0.00100735
0.615,0.212802,-0.0019012,-0.0224692,-0.0357538,-0.0206147,-0.00449976,-0.000491653,0.00234022,0.000398496,-0.000842612
0.62,0.213272,-0.000878891,-0.0220141,-0.0360186,-0.0211844,-0.00501791,-0.000817695,0.00232674,0.000606038,-0.000668111
0.625,0.213736,0.000141059,-0.0215426,-0.0362611,-0.0217424,-0.00553802,-0.00116144,0.00228628,0.000804586,-0.000485346
0.63,0.214194,0.00115843,-0.0210552,-0.0364815,-0.0222883,-0.006059,-0.00152183,0.00221849,0.000992246,-0.000295914
0.635,0.214646,0.00217302,-0.0205523,-0.0366797,-0.0228216,-0.00657982,-0.0018978,0.00212321,0.00116717,-0.000101493
0.64,0.215092,0.0031846,-0.0200342,-0.0368559,-0.0233418,-0.00709947,-0.00228823,0.00200043,0.00132758,9.61715e-05
0.645,0.215533,0.00419296,-0.0195013,-0.03701,-0.0238486,-0.00761702,-0.00269198,0.00185029,0.00147178,0.000295279
0.65,0.215968,0.00519788,-0.0189542,-0.0371421,-0.0243414,-0.00813161,-0.0031079,0.00167311,0.00159817,0.000493992
0.655,0.216398,0.00619916,-0.018393,-0.0372522,-0.0248201,-0.00864243,-0.00353486,0.00146934,0.00170522,0.000690446
0.66,0.216823,0.00719656,-0.0178184,-0.0373405,-0.0252841,-0.00914874,-0.00397169,0.00123961,0.00179157,0.00088277
0.665,0.217243,0.00818988,-0.0172306,-0.0374071,-0.0257333,-0.00964986,-0.00441728,0.000984662,0.00185594,0.0010691
0.67,0.217657,0.00917891,-0.01663,-0.0374518,-0.0261673,-0.0101452,-0.00487052,0.000705381,0.00189721,0.00124759
0.675,0.218067,0.0101634,-0.0160171,-0.037475,-0.026586,-0.0106342,-0.00533031,0.00040278,0.00191439,0.00141643
0.68,0.218471,0.0111432,-0.0153922,-0.0374765,-0.0269889,-0.0111163,-0.0057956,7.79863e-05,0.00190663,0.00157387
0.685,0.218871,0.0121181,-0.0147558,-0.0374564,-0.0273759,-0.0115912,-0.0062654,-0.00026777,0.00187325,0.00171821
0.69,0.219265,0.0130878,-0.0141083,-0.0374149,-0.0277468,-0.0120585,-0.00673873,-0.000633167,0.00181371,0.00184785
0.695,0.219655,0.0140522,-0.01345,-0.037352,-0.0281013,-0.0125179,-0.00721468,-0.0010168,0.00172764,0.00196125
0.7,0.22004,0.015011,-0.0127815,-0.0372678,-0.0284391,-0.012969,-0.00769238,-0.00141719,0.00161481,0.00205698
0.705,0.22042,0.015964,-0.012103,-0.0371622,-0.0287602,-0.0134118,-0.00817103,-0.00183283,0.00147515,0.00213376
0.71,0.220796,0.0169111,-0.0114151,-0.0370354,-0.0290642,-0.0138459,-0.00864985,-0.00226212,0.00130877,0.00219036
0.715,0.221167,0.017852,-0.0107182,-0.0368875,-0.0293509,-0.0142713,-0.00912817,-0.00270348,0.0011159,0.00222575
0.72,0.221534,0.0187866,-0.0100128,-0.0367185,-0.02962,-0.0146877,-0.00960534,-0.00315529,0.000896923,0.00223899
0.725,0.221896,0.0197145,-0.0092992,-0.0365285,-0.0298714,-0.0150952,-0.0100808,-0.00361592,0.000652366,0.00222929
0.73,0.222253,0.0206358,-0.00857802,-0.0363176,-0.0301048,-0.0154936,-0.0105539,-0.00408376,0.000382883,0.002196
0.735,0.222607,0.0215501,-0.00784968,-0.0360859,-0.0303199,-0.0158829,-0.0110244,-0.0045572,8.92542e-05,0.00213864
0.74,0.222955,0.0224573,-0.00711468,-0.0358335,-0.0305164,-0.0162629,-0.0114916,-0.00503469,-0.000227628,0.00205685
0.745,0.2233,0.0233571,-0.00637353,-0.0355605,-0.0306942,-0.0166336,-0.0119554,-0.0055147,-0.000566767,0.00195043
0.75,0.22364,0.0242495,-0.00562673,-0.0352671,-0.0308529,-0.0169949,-0.0124152,-0.00599574,-0.000927072,0.00181932
0.755,0.223976,0.0251343,-0.0048748,-0.0349534,-0.0309922,-0.0173468,-0.0128709,-0.00647639,-0.00130737,0.00166361
0.76,0.224308,0.0260113,-0.00411828,-0.0346197,-0.0311119,-0.0176891,-0.0133222,-0.0069553,-0.00170643,0.00148352
0.765,0.224636,0.0268803,-0.00335771,-0.034266,-0.0312116,-0.0180217,-0.0137687,-0.00743118,-0.00212293,0.00127941
0.77,0.22496,0.0277412,-0.00259364,-0.0338927,-0.0312912,-0.0183444,-0.0142105,-0.00790281,-0.00255553,0.00105175
0.775,0.225279,0.0285938,-0.00182664,-0.0335001,-0.0313503,-0.0186571,-0.0146471,-0.00836906,-0.00300285,0.000801156
0.78,0.225595,0.0294381,-0.00105727,-0.0330883,-0.0313888,-0.0189597,-0.0150785,-0.00882889,-0.00346348,0.000528334
0.785,0.225907,0.0302738,-0.000286096,-0.0326577,-0.0314062,-0.0192517,-0.0155045,-0.00928132,-0.003936,0.000234102
0.79,0.226215,0.0311009,0.000486288,-0.0322086,-0.0314024,-0.0195331,-0.0159249,-0.00972548,-0.00441898,-8.06326e-05
0.795,0.226519,0.0319192,0.00125931,-0.0317415,-0.0313772,-0.0198035,-0.0163396,-0.0101606,-0.004911,-0.000414878
0.8,0.226819,0.0327286,0.00203237,-0.0312567,-0.0313304,-0.0200625,-0.0167484,-0.0105859,-0.00541067,-0.000767569
0.805,0.227115,0.0335291,0.0028049,-0.0307547,-0.0312617,-0.02031,-0.017151,-0.0110008,-0.00591661,-0.00113758
0.81,0.227408,0.0343206,0.0035763,-0.0302359,-0.0311711,-0.0205454,-0.0175474,-0.0114047,-0.00642748,-0.00152373
0.815,0.227698,0.0351029,0.00434599,-0.0297008,-0.0310585,-0.0207684,-0.0179372,-0.0117971,-0.00694197,-0.0019248
0.82,0.227983,0.035876,0.00511341,-0.02915,-0.0309237,-0.0209786,-0.0183203,-0.0121778,-0.00745884,-0.00233953
0.825,0.228266,0.0366398,0.00587797,-0.0285841,-0.0307667,-0.0211755,-0.0186963,-0.0125461,-0.00797688,-0.00276665
0.83,0.228545,0.0373944,0.00663911,-0.0280037,-0.0305875,-0.0213587,-0.019065,-0.012902,-0.00849493,-0.00320487
0.835,0.22882,0.0381396,0.00739628,-0.0274093,-0.0303862,-0.0215277,-0.019426,-0.0132452,-0.0090119,-0.0036529
0.84,0.229093,0.0388754,0.00814895,-0.0268017,-0.0301629,-0.0216821,-0.0197791,-0.0135754,-0.00952676,-0.00410945
0.845,0.229362,0.0396019,0.00889659,-0.0261814,-0.0299176,-0.0218213,-0.0201238,-0.0138926,-0.0100385,-0.00457325
0.85,0.229628,0.0403189,0.00963867,-0.0255494,-0.0296506,-0.021945,-0.0204597,-0.0141966,-0.0105463,-0.00504304
0.855,0.22989,0.0410266,0.0103747,-0.0249062,-0.029362,-0.0220527,-0.0207864,-0.0144873,-0.0110492,-0.0055176
0.86,0.23015,0.0417249,0.0111043,-0.0242527,-0.0290523,-0.0221439,-0.0211034,-0.0147647,-0.0115465,-0.00599572
0.865,0.230407,0.0424139,0.0118268,-0.0235895,-0.0287217,-0.0222183,-0.0214103,-0.0150287,-0.0120374,-0.00647624
0.87,0.230661,0.0430935,0.012542,-0.0229176,-0.0283706,-0.0222753,-0.0217066,-0.0152793,-0.0125213,-0.00695804
0.875,0.230913,0.043764,0.0132494,-0.0222376,-0.0279995,-0.0223147,-0.0219918,-0.0155164,-0.0129974,-0.00744004
0.88,0.231161,0.0444252,0.0139486,-0.0215505,-0.0276088,-0.0223361,-0.0222652,-0.01574,-0.0134652,-0.00792121
0.885,0.231407,0.0450773,0.0146393,-0.0208569,-0.0271991,-0.0223392,-0.0225265,-0.0159502,-0.0139243,-0.00840054
0.89,0.231651,0.0457203,0.015321,-0.0201578,-0.026771,-0.0223238,-0.0227751,-0.0161468,-0.014374,-0.00887711
0.895,0.231891,0.0463545,0.0159936,-0.019454,-0.0263251,-0.0222896,-0.0230104,-0.0163299,-0.0148138,-0.00935002
0.9,0.23213,0.0469797,0.0166568,-0.0187463,-0.0258622,-0.0222365,-0.023232,-0.0164993,-0.0152435,-0.00981841
0.905,0.232366,0.0475963,0.0173102,-0.0180354,-0.0253828,-0.0221643,-0.0234393,-0.016655,-0.0156625,-0.0102815
0.91,0.2326,0.0482042,0.0179537,-0.0173223,-0.0248878,-0.0220731,-0.0236317,-0.016797,-0.0160705,-0.0107385
0.915,0.232831,0.0488037,0.0185871,-0.0166077,-0.0243781,-0.0219627,-0.023809,-0.0169252,-0.0164671,-0.0111887
0.92,0.233061,0.0493948,0.0192102,-0.0158923,-0.0238543,-0.0218333,-0.0239705,-0.0170395,-0.016852,-0.0116314
0.925,0.233288,0.0499777,0.0198229,-0.015177,-0.0233174,-0.0216849,-0.0241158,-0.0171398,-0.0172247,-0.012066
0.93,0.233513,0.0505525,0.0204251,-0.0144625,-0.0227683,-0.0215177,-0.0242447,-0.0172261,-0.0175851,-0.0124919
0.935,0.233737,0.0511195,0.0210166,-0.0137495,-0.0222079,-0.021332,-0.0243567,-0.0172981,-0.0179328,-0.0129086
0.94,0.233958,0.0516787,0.0215975,-0.0130387,-0.021637,-0.021128,-0.0244515,-0.0173559,-0.0182674,-0.0133154
0.945,0.234178,0.0522304,0.0221677,-0.0123308,-0.0210567,-0.020906,-0.0245289,-0.0173993,-0.0185888,-0.0137118
0.95,0.234395,0.0527747,0.0227273,-0.0116265,-0.0204678,-0.0206665,-0.0245886,-0.0174282,-0.0188965,-0.0140975
0.955,0.234612,0.0533118,0.0232762,-0.0109263,-0.0198714,-0.0204098,-0.0246305,-0.0174425,-0.0191903,-0.0144718
0.96,0.234826,0.0538419,0.0238145,-0.0102308,-0.0192684,-0.0201365,-0.0246546,-0.0174423,-0.0194699,-0.0148345
0.965,0.235039,0.0543651,0.0243423,-0.00954072,-0.0186597,-0.019847,-0.0246606,-0.0174274,-0.019735,-0.015185
0.97,0.23525,0.0548817,0.0248596,-0.00885643,-0.0180463,-0.019542,-0.0246487,-0.0173978,-0.0199854,-0.0155229
0.975,0.23546,0.0553919,0.0253666,-0.00817847,-0.017429,-0.019222,-0.0246188,-0.0173535,-0.0202208,-0.0158479
0.98,0.235669,0.0558958,0.0258635,-0.0075073,-0.016809,-0.0188877,-0.0245711,-0.0172945,-0.0204409,-0.0161595
0.985,0.235876,0.0563937,0.0263504,-0.00684334,-0.0161869,-0.0185397,-0.0245057,-0.0172209,-0.0206455,-0.0164576
0.99,0.236081,0.0568857,0.0268274,-0.00618699,-0.0155638,-0.0181788,-0.0244229,-0.0171327,-0.0208345,-0.0167416
0.995,0.236286,0.057372,0.0272948,-0.00553861,-0.0149405,-0.0178057,-0.0243228,-0.0170302,-0.0210075,-0.0170113
1,0.236489,0.0578529,0.0277528,-0.00489851,-0.0143179,-0.0174211,-0.0242059,-0.0169133,-0.0211643,-0.0172664
1.005,0.236691,0.0583285,0.0282016,-0.00426698,-0.0136967,-0.0170257,-0.0240724,-0.0167824,-0.0213049,-0.0175066
1.01,0.236892,0.058799,0.0286414,-0.00364429,-0.0130777,-0.0166204,-0.0239227,-0.0166376,-0.0214291,-0.0177317
1.015,0.237092,0.0592647,0.0290726,-0.00303065,-0.0124618,-0.0162058,-0.0237573,-0.0164792,-0.0215368,-0.0179414
1.02,0.23729,0.0597257,0.0294953,-0.00242625,-0.0118496,-0.0157828,-0.0235767,-0.0163076,-0.0216278,-0.0181355
1.025,0.237488,0.0601821,0.0299098,-0.00183126,-0.0112417,-0.015352,-0.0233813,-0.016123,-0.0217022,-0.0183138
1.03,0.237685,0.0606343,0.0303165,-0.0012458,-0.010639,-0.0149144,-0.0231717,-0.0159258,-0.0217599,-0.0184762
1.035,0.23788,0.0610823,0.0307156,-0.000669967,-0.010042,-0.0144706,-0.0229485,-0.0157165,-0.0218009,-0.0186224
1.04,0.238075,0.0615264,0.0311074,-0.000103834,-0.0094512,-0.0140213,-0.0227121,-0.0154955,-0.0218253,-0.0187525
1.045,0.238269,0.0619667,0.0314922,0.000452556,-0.00886726,-0.0135674,-0.0224633,-0.0152633,-0.0218332,-0.0188663
1.05,0.238462,0.0624035,0.0318704,0.00099919,-0.00829067,-0.0131094,-0.0222026,-0.0150204,-0.0218247,-0.0189638
1.055,0.238654,0.0628368,0.0322422,0.00153608,-0.00772189,-0.0126482,-0.0219307,-0.0147673,-0.0217999,-0.019045
1.06,0.238845,0.0632668,0.032608,0.00206325,-0.00716137,-0.0121843,-0.0216482,-0.0145046,-0.0217591,-0.0191099
1.065,0.239035,0.0636937,0.0329681,0.00258077,-0.0066095,-0.0117184,-0.0213557,-0.0142329,-0.0217026,-0.0191585
1.07,0.239225,0.0641177,0.0333229,0.00308871,-0.00606667,-0.0112512,-0.0210538,-0.0139528,-0.0216305,-0.0191911
1.075,0.239413,0.0645388,0.0336725,0.00358718,-0.00553319,-0.0107832,-0.0207433,-0.0136648,-0.0215433,-0.0192076
1.08,0.239601,0.0649573,0.0340175,0.0040763,-0.00500937,-0.010315,-0.0204246,-0.0133696,-0.0214412,-0.0192083
1.085,0.239789,0.0653732,0.034358,0.00455621,-0.00449547,-0.0098472,-0.0200985,-0.0130678,-0.0213247,-0.0191934
1.09,0.239975,0.0657867,0.0346944,0.00502705,-0.00399171,-0.00938027,-0.0197656,-0.0127601,-0.0211942,-0.0191632
1.095,0.24016,0.0661979,0.0350271,0.00548902,-0.00349831,-0.00891473,-0.0194265,-0.0124471,-0.0210501,-0.0191178
1.1,0.240345,0.066607,0.0353562,0.00594229,-0.00301541,-0.00845103,-0.0190817,-0.0121293,-0.020893,-0.0190577
1.105,0.240529,0.0670139,0.0356823,0.00638708,-0.00254315,-0.00798964,-0.0187318,-0.0118074,-0.0207233,-0.0189833
1.11,0.240713,0.0674189,0.0360054,0.00682359,-0.00208165,-0.00753095,-0.0183775,-0.011482,-0.0205415,-0.0188947
1.115,0.240895,0.067822,0.036326,0.00725206,-0.00163097,-0.00707538,-0.0180192,-0.0111537,-0.0203482,-0.0187926
1.12,0.241077,0.0682233,0.0366443,0.00767272,-0.00119116,-0.00662327,-0.0176574,-0.010823,-0.0201439,-0.0186773
1.125,0.241258,0.0686229,0.0369606,0.00808584,-0.000762238,-0.00617498,-0.0172928,-0.0104905,-0.0199293,-0.0185494
1.13,0.241438,0.0690208,0.0372752,0.00849167,-0.000344203,-0.00573083,-0.0169257,-0.0101568,-0.0197049,-0.0184092
1.135,0.241618,0.0694171,0.0375884,0.00889048,6.29779e-05,-0.00529111,-0.0165566,-0.00982231,-0.0194713,-0.0182573
1.14,0.241796,0.0698118,0.0379003,0.00928254,0.000459362,-0.0048561,-0.0161861,-0.00948754,-0.0192291,-0.0180942
1.145,0.241974,0.0702051,0.0382112,0.00966815,0.000845029,-0.00442604,-0.0158145,-0.00915296,-0.0189788,-0.0179205
1.15,0.242151,0.0705969,0.0385214,0.0100476,0.00122008,-0.00400118,-0.0154422,-0.008819,-0.0187212,-0.0177368
1.155,0.242327,0.0709873,0.0388311,0.0104211,0.00158464,-0.00358171,-0.0150697,-0.00848608,-0.0184568,-0.0175435
1.16,0.242503,0.0713762,0.0391405,0.0107891,0.00193885,-0.00316784,-0.0146974,-0.00815457,-0.0181861,-0.0173414
1.165,0.242677,0.0717638,0.0394498,0.0111518,0.00228288,-0.00275973,-0.0143255,-0.00782485,-0.0179098,-0.0171308
1.17,0.242851,0.07215,0.0397592,0.0115096,0.00261691,-0.00235754,-0.0139546,-0.00749724,-0.0176284,-0.0169126
1.175,0.243023,0.0725348,0.0400688,0.0118626,0.00294114,-0.00196141,-0.0135848,-0.00717205,-0.0173425,-0.0166871
1.18,0.243195,0.0729183,0.0403788,0.0122113,0.00325579,-0.00157146,-0.0132166,-0.00684957,-0.0170526,-0.0164549
1.185,0.243366,0.0733003,0.0406894,0.0125559,0.00356109,-0.00118778,-0.0128502,-0.00653006,-0.0167592,-0.0162168
1.19,0.243536,0.073681,0.0410007,0.0128968,0.0038573,-0.000810466,-0.0124859,-0.00621375,-0.0164629,-0.0159731
1.195,0.243705,0.0740602,0.0413128,0.0132342,0.00414467,-0.000439584,-0.012124,-0.00590087,-0.0161642,-0.0157245
1.2,0.243872,0.074438,0.0416258,0.0135684,0.00442349,-7.51862e-05,-0.0117648,-0.0055916,-0.0158635,-0.0154715
1.205,0.244039,0.0748144,0.0419398,0.0138998,0.00469404,0.000282689,-0.0114085,-0.00528613,-0.0155612,-0.0152145
1.21,0.244205,0.0751892,0.0422549,0.0142285,0.00495662,0.00063402,-0.0110553,-0.00498462,-0.0152578,-0.0149542
1.215,0.24437,0.0755625,0.0425711,0.014555,0.00521155,0.000978801,-0.0107055,-0.00468721,-0.0149538,-0.014691
1.22,0.244534,0.0759342,0.0428886,0.0148794,0.00545914,0.00131704,-0.0103593,-0.00439402,-0.0146495,-0.0144254
1.225,0.244697,0.0763043,0.0432073,0.015202,0.00569972,0.00164877,-0.0100168,-0.00410516,-0.0143453,-0.0141578
1.23,0.244858,0.0766727,0.0435273,0.0155231,0.00593363,0.00197401,-0.0096783,-0.00382075,-0.0140415,-0.0138886
1.235,0.245019,0.0770394,0.0438486,0.015843,0.0061612,0.00229283,-0.00934393,-0.00354085,-0.0137385,-0.0136183
1.24,0.245178,0.0774043,0.0441712,0.0161618,0.00638278,0.0026053,-0.00901383,-0.00326556,-0.0134366,-0.0133473
1.245,0.245337,0.0777674,0.0444951,0.0164799,0.00659871,0.00291149,-0.00868815,-0.00299493,-0.013136,-0.0130759
1.25,0.245494,0.0781287,0.0448202,0.0167973,0.00680935,0.0032115,-0.00836702,-0.00272902,-0.0128372,-0.0128046
1.255,0.24565,0.0784879,0.0451465,0.0171144,0.00701505,0.00350544,-0.00805055,-0.00246788,-0.0125403,-0.0125335
1.26,0.245805,0.0788452,0.0454741,0.0174313,0.00721616,0.00379343,-0.00773884,-0.00221154,-0.0122456,-0.0122631
1.265,0.245958,0.0792005,0.0458027,0.0177482,0.00741303,0.00407561,-0.00743196,-0.00196003,-0.0119533,-0.0119937
1.27,0.246111,0.0795536,0.0461325,0.0180652,0.007606,0.00435212,-0.00713,-0.00171338,-0.0116637,-0.0117255
1.275,0.246262,0.0799046,0.0464632,0.0183826,0.00779543,0.00462311,-0.00683301,-0.0014716,-0.0113769,-0.0114588
1.28,0.246413,0.0802533,0.0467948,0.0187005,0.00798164,0.00488876,-0.00654102,-0.00123469,-0.0110931,-0.0111938
1.285,0.246562,0.0805998,0.0471273,0.019019,0.00816497,0.00514924,-0.00625406,-0.00100267,-0.0108125,-0.0109307
1.29,0.24671,0.080944,0.0474605,0.0193382,0.00834575,0.00540474,-0.00597214,-0.000775519,-0.0105354,-0.0106699
1.295,0.246856,0.0812858,0.0477944,0.0196582,0.0085243,0.00565546,-0.00569525,-0.000553223,-0.0102617,-0.0104114
1.3,0.247002,0.0816251,0.0481287,0.0199791,0.00870093,0.00590158,-0.00542338,-0.000335762,-0.00999168,-0.0101555
1.305,0.247146,0.0819619,0.0484635,0.020301,0.00887594,0.00614333,-0.00515649,-0.000123107,-0.00972547,-0.00990227
1.31,0.247289,0.0822963,0.0487986,0.020624,0.00904962,0.00638091,-0.00489453,8.47817e-05,-0.00946316,-0.00965196
1.315,0.247431,0.082628,0.0491338,0.0209481,0.00922224,0.00661454,-0.00463744,0.000287948,-0.00920488,-0.00940469
1.32,0.247572,0.0829571,0.049469,0.0212733,0.00939409,0.00684445,-0.00438513,0.000486448,-0.0089507,-0.0091606
1.325,0.247712,0.0832836,0.0498042,0.0215998,0.0095654,0.00707085,-0.00413754,0.000680342,-0.00870072,-0.0089198
1.33,0.24785,0.0836073,0.0501392,0.0219274,0.00973644,0.00729396,-0.00389454,0.000869702,-0.00845502,-0.00868241
1.335,0.247988,0.0839283,0.0504738,0.0222561,0.00990741,0.00751402,-0.00365604,0.00105461,-0.00821365,-0.00844853
1.34,0.248124,0.0842465,0.0508079,0.0225861,0.0100786,0.00773125,-0.0034219,0.00123515,-0.00797668,-0.00821827
1.345,0.248259,0.0845619,0.0511414,0.0229172,0.0102501,0.00794586,-0.003192,0.00141143,-0.00774414,-0.00799171
1.35,0.248393,0.0848745,0.0514742,0.0232495,0.0104221,0.00815808,-0.00296619,0.00158354,-0.00751607,-0.00776892
1.355,0.248526,0.0851842,0.051806,0.0235829,0.0105949,0.00836812,-0.00274432,0.00175161,-0.00729249,-0.00754997
1.36,0.248658,0.085491,0.0521368,0.0239173,0.0107686,0.0085762,-0.00252624,0.00191576,-0.00707341,-0.00733493
1.365,0.248789,0.0857948,0.0524665,0.0242527,0.0109433,0.0087825,-0.00231177,0.00207612,-0.00685883,-0.00712384
1.37,0.248918,0.0860958,0.0527949,0.024589,0.0111191,0.00898724,-0.00210076,0.00223283,-0.00664875,-0.00691674
1.375,0.249047,0.0863938,0.0531218,0.0249262,0.0112963,0.00919061,-0.00189303,0.00238604,-0.00644313,-0.00671366
1.38,0.249175,0.0866888,0.0534473,0.0252642,0.0114748,0.00939279,-0.0016884,0.0025359,-0.00624194,-0.00651464
1.385,0.249301,0.0869809,0.053771,0.0256029,0.0116548,0.00959395,-0.0014867,0.00268258,-0.00604515,-0.00631968
1.39,0.249427,0.08727,0.054093,0.0259422,0.0118363,0.00979427,-0.00128775,0.00282623,-0.00585269,-0.0061288
1.395,0.249551,0.0875561,0.054413,0.026282,0.0120195,0.00999391,-0.00109136,0.00296703,-0.0056645,-0.00594198
1.4,0.249675,0.0878393,0.0547311,0.0266222,0.0122043,0.010193,-0.000897368,0.00310515,-0.0054805,-0.00575921
1.405,0.249797,0.0881194,0.055047,0.0269627,0.0123908,0.0103917,-0.000705586,0.00324077,-0.00530061,-0.00558048
1.41,0.249919,0.0883966,0.0553607,0.0273035,0.0125791,0.0105901,-0.000515844,0.00337407,-0.00512473,-0.00540575
1.415,0.25004,0.0886708,0.055672,0.0276443,0.0127691,0.0107884,-0.000327972,0.00350524,-0.00495274,-0.00523499
1.42,0.250159,0.088942,0.055981,0.0279851,0.0129608,0.0109867,-0.000141803,0.00363444,-0.00478454,-0.00506814
1.425,0.250278,0.0892103,0.0562874,0.0283258,0.0131543,0.011185,4.28246e-05,0.00376187,-0.00462,-0.00490515
1.43,0.250396,0.0894757,0.0565912,0.0286662,0.0133495,0.0113835,0.000226066,0.00388771,-0.00445899,-0.00474594
1.435,0.250513,0.0897381,0.0568922,0.0290063,0.0135464,0.0115822,0.000408072,0.00401212,-0.00430137,-0.00459045
1.44,0.25063,0.0899977,0.0571906,0.0293459,0.013745,0.0117813,0.000588986,0.00413529,-0.00414698,-0.00443859
1.445,0.250745,0.0902543,0.0574861,0.0296849,0.0139452,0.0119807,0.000768946,0.00425738,-0.00399569,-0.00429026
1.45,0.25086,0.0905081,0.0577786,0.0300232,0.014147,0.0121805,0.000948081,0.00437855,-0.00384733,-0.00414538
1.455,0.250973,0.0907591,0.0580682,0.0303606,0.0143503,0.0123809,0.00112652,0.00449898,-0.00370174,-0.00400382
1.46,0.251086,0.0910073,0.0583548,0.0306971,0.0145551,0.0125818,0.00130436,0.0046188,-0.00355875,-0.00386548
1.465,0.251199,0.0912527,0.0586383,0.0310325,0.0147613,0.0127832,0.00148173,0.00473817,-0.0034182,-0.00373024
1.47,0.25131,0.0914954,0.0589187,0.0313668,0.0149688,0.0129852,0.00165873,0.00485722,-0.00327992,-0.00359797
1.475,0.251421,0.0917354,0.0591959,0.0316998,0.0151775,0.0131878,0.00183544,0.00497608,-0.00314373,-0.00346854
1.48,0.25153,0.0919727,0.0594699,0.0320313,0.0153874,0.013391,0.00201194,0.00509488,-0.00300948,-0.00334182
1.485,0.25164,0.0922074,0.0597406,0.0323613,0.0155984,0.0135948,0.00218833,0.00521372,-0.00287699,-0.00321767
1.49,0.251748,0.0924395,0.0600081,0.0326898,0.0158103,0.0137992,0.00236468,0.00533271,-0.00274609,-0.00309595
1.495,0.251856,0.0926691,0.0602723,0.0330164,0.0160232,0.0140043,0.00254103,0.00545194,-0.00261662,-0.00297651
1.5,0.251963,0.0928961,0.0605332,0.0333413,0.0162368,0.0142099,0.00271746,0.00557151,-0.00248843,-0.00285921
1.505,0.252069,0.0931207,0.0607908,0.0336642,0.0164511,0.0144161,0.00289401,0.00569147,-0.00236135,-0.0027439
1.51,0.252175,0.0933429,0.0610451,0.0339851,0.016666,0.0146229,0.00307073,0.00581191,-0.00223523,-0.00263045
1.515,0.25228,0.0935627,0.0612961,0.0343038,0.0168814,0.0148302,0.00324766,0.00593288,-0.00210993,-0.0025187
1.52,0.252384,0.0937802,0.0615437,0.0346203,0.0170971,0.015038,0.00342483,0.00605443,-0.0019853,-0.00240851
1.525,0.252488,0.0939954,0.0617881,0.0349346,0.0173131,0.0152463,0.00360228,0.0061766,-0.00186122,-0.00229974
1.53,0.252591,0.0942084,0.0620291,0.0352464,0.0175293,0.0154551,0.00378001,0.00629942,-0.00173755,-0.00219226
1.535,0.252694,0.0944193,0.0622669,0.0355558,0.0177455,0.0156642,0.00395805,0.00642291,-0.00161418,-0.00208593
1.54,0.252796,0.094628,0.0625015,0.0358626,0.0179616,0.0158737,0.00413642,0.00654711,-0.00149099,-0.00198062
1.545,0.252897,0.0948346,0.0627328,0.0361668,0.0181775,0.0160835,0.00431513,0.00667201,-0.00136788,-0.00187621
1.55,0.252998,0.0950392,0.0629609,0.0364683,0.0183932,0.0162936,0.00449417,0.00679761,-0.00124476,-0.00177256
1.555,0.253098,0.0952418,0.0631859,0.036767,0.0186084,0.0165039,0.00467356,0.00692393,-0.00112152,-0.00166958
1.56,0.253198,0.0954425,0.0634077,0.037063,0.0188231,0.0167144,0.00485328,0.00705095,-0.000998093,-0.00156715
1.565,0.253297,0.0956413,0.0636265,0.037356,0.0190372,0.016925,0.00503334,0.00717866,-0.000874402,-0.00146516
1.57,0.253395,0.0958383,0.0638422,0.0376462,0.0192505,0.0171357,0.00521372,0.00730704,-0.000750378,-0.00136352
1.575,0.253493,0.0960336,0.064055,0.0379334,0.019463,0.0173464,0.00539442,0.00743608,-0.000625965,-0.00126214
1.58,0.253591,0.096227,0.0642649,0.0382175,0.0196746,0.0175571,0.00557542,0.00756574,-0.000501108,-0.00116093
1.585,0.253688,0.0964189,0.0644718,0.0384987,0.0198851,0.0177676,0.00575669,0.007696,-0.000375764,-0.00105981
1.59,0.253784,0.0966091,0.064676,0.0387767,0.0200944,0.0179779,0.00593823,0.00782684,-0.000249894,-0.000958715
1.595,0.25388,0.0967977,0.0648774,0.0390517,0.0203025,0.018188,0.00612,0.00795821,-0.000123466,-0.000857577
1.6,0.253975,0.0969847,0.0650762,0.0393235,0.0205092,0.0183979,0.00630198,0.00809009,3.54633e-06,-0.000756338
1.605,0.25407,0.0971703,0.0652723,0.0395922,0.0207145,0.0186073,0.00648414,0.00822243,0.000131162,-0.000654944
1.61,0.254164,0.0973544,0.0654658,0.0398578,0.0209183,0.0188163,0.00666645,0.0083552,0.000259396,-0.000553349
1.615,0.254258,0.0975371,0.0656569,0.0401201,0.0211204,0.0190248,0.00684888,0.00848836,0.000388257,-0.000451512
1.62,0.254351,0.0977184,0.0658456,0.0403794,0.0213209,0.0192327,0.00703139,0.00862186,0.000517751,-0.000349398
1.625,0.254444,0.0978984,0.0660319,0.0406355,0.0215195,0.01944,0.00721393,0.00875567,0.000647877,-0.000246977
1.63,0.254536,0.0980771,0.0662159,0.0408884,0.0217163,0.0196466,0.00739648,0.00888975,0.000778631,-0.000144225
1.635,0.254627,0.0982546,0.0663978,0.0411382,0.0219112,0.0198524,0.00757898,0.00902404,0.000910005,-4.11211e-05
1.64,0.254718,0.0984308,0.0665775,0.0413849,0.0221041,0.0200573,0.00776138,0.00915851,0.00104199,6.23496e-05
1.645,0.254809,0.0986058,0.0667552,0.0416284,0.022295,0.0202613,0.00794365,0.00929311,0.00117456,0.000166198
1.65,0.254899,0.0987797,0.0669309,0.041869,0.0224837,0.0204643,0.00812573,0.00942779,0.00130772,0.000270432
1.655,0.254989,0.0989524,0.0671047,0.0421064,0.0226703,0.0206663,0.00830757,0.00956251,0.00144142,0.000375054
1.66,0.255077,0.0991241,0.0672767,0.0423409,0.0228547,0.0208671,0.00848912,0.00969723,0.00157566,0.000480064
1.665,0.255166,0.0992946,0.0674469,0.0425724,0.0230368,0.0210668,0.00867032,0.00983189,0.00171041,0.000585459
1.67,0.255254,0.0994641,0.0676154,0.042801,0.0232167,0.0212652,0.00885111,0.00996645,0.00184563,0.000691233
1.675,0.255341,0.0996326,0.0677823,0.0430267,0.0233942,0.0214622,0.00903144,0.0101009,0.0019813,0.000797378
1.68,0.255428,0.0998001,0.0679476,0.0432496,0.0235694,0.0216579,0.00921125,0.0102351,0.00211738,0.000903881
1.685,0.255514,0.0999666,0.0681115,0.0434697,0.0237423,0.0218522,0.00939048,0.010369,0.00225385,0.00101073
1.69,0.2556,0.100132,0.0682739,0.043687,0.0239128,0.0220449,0.00956907,0.0105027,0.00239066,0.00111791
1.695,0.255685,0.100297,0.068435,0.0439017,0.0240809,0.0222361,0.00974697,0.010636,0.00252777,0.0012254
1.7,0.25577,0.10046,0.0685948,0.0441138,0.0242467,0.0224257,0.0099241,0.010769,0.00266516,0.00133318
1.705,0.255854,0.100623,0.0687534,0.0443233,0.02441,0.0226137,0.0101004,0.0109015,0.00280277,0.00144123
1.71,0.255937,0.100785,0.0689108,0.0445303,0.024571,0.0228,0.0102758,0.0110334,0.00294057,0.00154954
1.715,0.25602,0.100946,0.0690671,0.0447349,0.0247296,0.0229845,0.0104503,0.0111649,0.00307851,0.00165806
1.72,0.256102,0.101106,0.0692223,0.0449371,0.0248859,0.0231673,0.0106238,0.0112957,0.00321655,0.00176679
1.725,0.256184,0.101265,0.0693765,0.0451371,0.0250399,0.0233483,0.0107963,0.0114259,0.00335463,0.00187568
1.73,0.256265,0.101423,0.0695297,0.0453347,0.0251915,0.0235275,0.0109676,0.0115554,0.00349272,0.00198472
1.735,0.256346,0.10158,0.069682,0.0455302,0.0253408,0.0237048,0.0111378,0.0116841,0.00363076,0.00209387
1.74,0.256426,0.101737,0.0698334,0.0457236,0.0254879,0.0238803,0.0113068,0.0118121,0.0037687,0.00220311
1.745,0.256505,0.101892,0.069984,0.0459149,0.0256328,0.0240539,0.0114745,0.0119392,0.0039065,0.00231239
1.75,0.256584,0.102047,0.0701338,0.0461043,0.0257755,0.0242255,0.011641,0.0120653,0.00404409,0.00242169
1.755,0.256662,0.102201,0.0702828,0.0462917,0.025916,0.0243953,0.011806,0.0121906,0.00418144,0.00253097
1.76,0.25674,0.102354,0.070431,0.0464773,0.0260545,0.0245631,0.0119697,0.0123149,0.00431848,0.00264021
1.765,0.256817,0.102506,0.0705786,0.046661,0.0261909,0.0247291,0.012132,0.0124381,0.00445516,0.00274935
1.77,0.256894,0.102658,0.0707255,0.0468431,0.0263252,0.0248931,0.0122928,0.0125602,0.00459143,0.00285836
1.775,0.256969,0.102808,0.0708717,0.0470235,0.0264577,0.0250551,0.0124521,0.0126813,0.00472723,0.00296722
1.78,0.257045,0.102957,0.0710174,0.0472022,0.0265882,0.0252153,0.0126098,0.0128011,0.00486252,0.00307586
1.785,0.257119,0.103106,0.0711624,0.0473794,0.0267168,0.0253736,0.0127661,0.0129198,0.00499723,0.00318427
1.79,0.257193,0.103254,0.0713068,0.0475552,0.0268436,0.02553,0.0129207,0.0130373,0.00513131,0.0032924
1.795,0.257267,0.103401,0.0714506,0.0477294,0.0269687,0.0256845,0.0130738,0.0131535,0.00526471,0.0034002
1.8,0.25734,0.103547,0.0715939,0.0479023,0.0270921,0.0258372,0.0132253,0.0132684,0.00539738,0.00350763
1.805,0.257412,0.103692,0.0717366,0.0480739,0.0272138,0.025988,0.0133751,0.0133821,0.00552926,0.00361466
1.81,0.257484,0.103836,0.0718788,0.0482441,0.027334,0.026137,0.0135233,0.0134944,0.00566031,0.00372125
1.815,0.257555,0.103979,0.0720204,0.0484131,0.0274526,0.0262843,0.0136699,0.0136053,0.00579048,0.00382734
1.82,0.257625,0.104122,0.0721615,0.048581,0.0275698,0.0264298,0.0138148,0.0137149,0.00591972,0.00393291
1.825,0.257695,0.104263,0.0723021,0.0487476,0.0276855,0.0265736,0.0139582,0.0138231,0.00604798,0.00403791
1.83,0.257764,0.104404,0.0724421,0.0489132,0.0277999,0.0267156,0.0140998,0.0139299,0.00617522,0.00414229
1.835,0.257833,0.104543,0.0725817,0.0490777,0.0279129,0.026856,0.0142399,0.0140354,0.0063014,0.00424603
1.84,0.257901,0.104682,0.0727207,0.0492412,0.0280247,0.0269948,0.0143783,0.0141394,0.00642649,0.00434908
1.845,0.257968,0.104819,0.0728591,0.0494037,0.0281353,0.027132,0.0145151,0.014242,0.00655044,0.0044514
1.85,0.258035,0.104956,0.072997,0.0495652,0.0282448,0.0272676,0.0146503,0.0143433,0.00667322,0.00455296
1.855,0.258102,0.105092,0.0731344,0.0497258,0.0283531,0.0274017,0.0147839,0.0144431,0.0067948,0.00465372
1.86,0.258167,0.105227,0.0732712,0.0498854,0.0284604,0.0275343,0.014916,0.0145416,0.00691515,0.00475364
1.865,0.258232,0.10536,0.0734075,0.0500443,0.0285667,0.0276654,0.0150465,0.0146387,0.00703424,0.00485271
1.87,0.258297,0.105493,0.0735432,0.0502022,0.0286721,0.0277952,0.0151755,0.0147345,0.00715205,0.00495087
1.875,0.258361,0.105625,0.0736783,0.0503594,0.0287765,0.0279235,0.0153029,0.0148289,0.00726857,0.00504812
1.88,0.258425,0.105756,0.0738128,0.0505157,0.0288802,0.0280505,0.0154289,0.014922,0.00738378,0.00514441
1.885,0.258487,0.105885,0.0739466,0.0506713,0.028983,0.0281761,0.0155534,0.0150138,0.00749765,0.00523973
1.89,0.25855,0.106014,0.0740799,0.0508261,0.029085,0.0283005,0.0156764,0.0151044,0.00761018,0.00533404
1.895,0.258611,0.106142,0.0742125,0.0509802,0.0291863,0.0284237,0.0157981,0.0151937,0.00772137,0.00542735
1.9,0.258673,0.106268,0.0743445,0.0511336,0.0292869,0.0285456,0.0159184,0.0152817,0.0078312,0.00551961
1.905,0.258733,0.106394,0.0744758,0.0512862,0.0293869,0.0286664,0.0160372,0.0153686,0.00793968,0.00561082
1.91,0.258794,0.106519,0.0746064,0.0514381,0.0294862,0.028786,0.0161548,0.0154542,0.0080468,0.00570097
1.915,0.258853,0.106642,0.0747363,0.0515894,0.029585,0.0289045,0.0162711,0.0155388,0.00815256,0.00579004
1.92,0.258912,0.106765,0.0748655,0.0517399,0.0296833,0.029022,0.016386,0.0156222,0.00825698,0.00587803
1.925,0.258971,0.106886,0.074994,0.0518898,0.029781,0.0291384,0.0164998,0.0157045,0.00836006,0.00596492
1.93,0.259029,0.107007,0.0751217,0.052039,0.0298783,0.0292538,0.0166123,0.0157858,0.00846181,0.00605072
1.935,0.259086,0.107126,0.0752486,0.0521875,0.0299751,0.0293683,0.0167236,0.015866,0.00856225,0.00613542
1.94,0.259143,0.107244,0.0753748,0.0523353,0.0300715,0.0294818,0.0168337,0.0159453,0.00866138,0.00621902
1.945,0.2592,0.107362,0.0755001,0.0524825,0.0301674,0.0295944,0.0169427,0.0160236,0.00875922,0.00630153
1.95,0.259256,0.107478,0.0756246,0.052629,0.030263,0.0297061,0.0170506,0.016101,0.00885579,0.00638295
1.955,0.259311,0.107593,0.0757482,0.0527748,0.0303583,0.029817,0.0171575,0.0161774,0.00895111,0.00646328
1.96,0.259366,0.107707,0.0758711,0.05292,0.0304532,0.0299271,0.0172633,0.016253,0.0090452,0.00654253
1.965,0.259421,0.10782,0.075993,0.0530644,0.0305478,0.0300363,0.017368,0.0163278,0.00913808,0.00662072
1.97,0.259475,0.107932,0.076114,0.0532082,0.030642,0.0301448,0.0174718,0.0164018,0.00922977,0.00669785
1.975,0.259529,0.108043,0.0762342,0.0533512,0.030736,0.0302526,0.0175746,0.0164749,0.0093203,0.00677393
1.98,0.259582,0.108153,0.0763534,0.0534936,0.0308297,0.0303597,0.0176765,0.0165473,0.0094097,0.00684899
1.985,0.259635,0.108262,0.0764717,0.0536352,0.0309232,0.030466,0.0177775,0.016619,0.00949798,0.00692302
1.99,0.259687,0.10837,0.076589,0.0537761,0.0310164,0.0305717,0.0178776,0.01669,0.00958517,0.00699606
1.995,0.259739,0.108477,0.0767054,0.0539163,0.0311093,0.0306768,0.0179768,0.0167604,0.00967131,0.00706812
2,0.25979,0.108583,0.0768208,0.0540557,0.031202,0.0307812,0.0180753,0.01683,0.0097564,0.00713921
2.005,0.259841,0.108688,0.0769352,0.0541944,0.0312944,0.030885,0.0181729,0.0168991,0.0098405,0.00720936
2.01,0.259892,0.108792,0.0770486,0.0543323,0.0313866,0.0309883,0.0182698,0.0169676,0.00992361,0.00727858
2.015,0.259942,0.108895,0.0771611,0.0544694,0.0314785,0.031091,0.0183659,0.0170355,0.0100058,0.00734689
2.02,0.259992,0.108996,0.0772725,0.0546057,0.0315702,0.0311931,0.0184613,0.0171028,0.010087,0.00741432
2.025,0.260041,0.109097,0.0773829,0.0547411,0.0316617,0.0312947,0.018556,0.0171697,0.0101673,0.00748088
2.03,0.26009,0.109197,0.0774922,0.0548758,0.0317529,0.0313958,0.01865,0.017236,0.0102468,0.0075466
2.035,0.260138,0.109296,0.0776006,0.0550096,0.0318438,0.0314964,0.0187434,0.0173019,0.0103254,0.0076115
2.04,0.260187,0.109394,0.0777079,0.0551425,0.0319345,0.0315965,0.0188361,0.0173673,0.0104032,0.00767559
2.045,0.260234,0.109492,0.0778142,0.0552746,0.0320249,0.0316962,0.0189283,0.0174322,0.0104803,0.0077389
2.05,0.260282,0.109588,0.0779194,0.0554058,0.032115,0.0317953,0.0190198,0.0174968,0.0105565,0.00780146
2.055,0.260329,0.109683,0.0780236,0.0555361,0.0322049,0.031894,0.0191108,0.0175609,0.010632,0.00786328
2.06,0.260375,0.109777,0.0781268,0.0556654,0.0322944,0.0319923,0.0192013,0.0176246,0.0107068,0.00792438
2.065,0.260422,0.109871,0.0782289,0.0557939,0.0323836,0.0320901,0.0192912,0.017688,0.0107809,0.00798479
2.07,0.260468,0.109964,0.0783299,0.0559214,0.0324725,0.0321875,0.0193807,0.0177511,0.0108544,0.00804453
2.075,0.260513,0.110055,0.07843,0.056048,0.0325611,0.0322844,0.0194696,0.0178138,0.0109272,0.00810361
2.08,0.260559,0.110146,0.078529,0.0561736,0.0326492,0.032381,0.019558,0.0178762,0.0109994,0.00816207
2.085,0.260603,0.110236,0.0786269,0.0562982,0.0327371,0.032477,0.019646,0.0179383,0.011071,0.00821991
2.09,0.260648,0.110325,0.0787239,0.0564218,0.0328245,0.0325727,0.0197336,0.018,0.011142,0.00827717
2.095,0.260692,0.110414,0.0788198,0.0565445,0.0329115,0.0326679,0.0198206,0.0180616,0.0112125,0.00833385
2.1,0.260736,0.110501,0.0789147,0.0566661,0.0329982,0.0327627,0.0199073,0.0181228,0.0112825,0.00838999
2.105,0.26078,0.110588,0.0790087,0.0567868,0.0330844,0.0328571,0.0199936,0.0181838,0.0113519,0.00844559
2.11,0.260823,0.110674,0.0791016,0.0569064,0.0331701,0.032951,0.0200794,0.0182446,0.0114209,0.00850069
2.115,0.260866,0.11076,0.0791935,0.057025,0.0332554,0.0330445,0.0201648,0.0183051,0.0114895,0.00855529
2.12,0.260909,0.110844,0.0792845,0.0571425,0.0333402,0.0331376,0.0202499,0.0183654,0.0115575,0.00860943
2.125,0.260951,0.110928,0.0793745,0.0572591,0.0334245,0.0332302,0.0203345,0.0184255,0.0116252,0.0086631
2.13,0.260993,0.111011,0.0794636,0.0573746,0.0335083,0.0333223,0.0204188,0.0184853,0.0116925,0.00871634
2.135,0.261035,0.111093,0.0795517,0.057489,0.0335916,0.033414,0.0205027,0.018545,0.0117593,0.00876916
2.14,0.261076,0.111175,0.0796389,0.0576024,0.0336743,0.0335052,0.0205862,0.0186044,0.0118258,0.00882158
2.145,0.261117,0.111256,0.0797251,0.0577148,0.0337565,0.0335959,0.0206693,0.0186636,0.011892,0.00887361
2.15,0.261158,0.111336,0.0798105,0.0578261,0.0338381,0.0336862,0.020752,0.0187227,0.0119578,0.00892528
2.155,0.261198,0.111415,0.079895,0.0579364,0.0339191,0.0337759,0.0208344,0.0187815,0.0120232,0.00897659
2.16,0.261239,0.111494,0.0799786,0.0580456,0.0339996,0.0338652,0.0209164,0.0188402,0.0120884,0.00902756
2.165,0.261279,0.111572,0.0800613,0.0581538,0.0340794,0.0339539,0.020998,0.0188986,0.0121533,0.0090782
2.17,0.261318,0.11165,0.0801432,0.0582609,0.0341586,0.0340422,0.0210792,0.0189569,0.0122178,0.00912854
2.175,0.261358,0.111727,0.0802243,0.058367,0.0342372,0.0341299,0.02116,0.019015,0.0122821,0.00917857
2.18,0.261397,0.111803,0.0803045,0.0584721,0.0343151,0.034217,0.0212404,0.0190728,0.0123462,0.00922832
2.185,0.261435,0.111879,0.080384,0.0585761,0.0343924,0.0343036,0.0213204,0.0191305,0.0124099,0.0092778
2.19,0.261474,0.111954,0.0804626,0.0586791,0.0344691,0.0343897,0.0214,0.0191879,0.0124734,0.00932702
2.195,0.261512,0.112028,0.0805405,0.0587811,0.034545,0.0344752,0.0214792,0.0192451,0.0125367,0.00937598
2.2,0.26155,0.112102,0.0806177,0.0588821,0.0346203,0.0345601,0.021558,0.0193021,0.0125997,0.0094247
2.205,0.261588,0.112176,0.0806941,0.0589821,0.0346949,0.0346445,0.0216363,0.0193589,0.0126625,0.00947319
2.21,0.261625,0.112248,0.0807697,0.0590811,0.0347689,0.0347283,0.0217143,0.0194154,0.012725,0.00952146
2.215,0.261662,0.112321,0.0808447,0.0591791,0.0348421,0.0348114,0.0217917,0.0194717,0.0127873,0.00956951
2.22,0.261699,0.112392,0.080919,0.0592761,0.0349146,0.034894,0.0218688,0.0195277,0.0128494,0.00961735
2.225,0.261735,0.112463,0.0809926,0.0593722,0.0349865,0.034976,0.0219454,0.0195835,0.0129113,0.00966498
2.23,0.261772,0.112534,0.0810655,0.0594673,0.0350576,0.0350573,0.0220215,0.019639,0.0129729,0.00971241
2.235,0.261808,0.112604,0.0811378,0.0595615,0.0351281,0.0351381,0.0220972,0.0196942,0.0130343,0.00975965
2.24,0.261843,0.112674,0.0812094,0.0596547,0.0351978,0.0352182,0.0221724,0.0197492,0.0130954,0.00980669
2.245,0.261879,0.112743,0.0812804,0.059747,0.0352668,0.0352977,0.0222471,0.0198038,0.0131563,0.00985355
2.25,0.261914,0.112811,0.0813509,0.0598384,0.0353351,0.0353766,0.0223213,0.0198582,0.013217,0.00990022
2.255,0.261949,0.112879,0.0814207,0.0599289,0.0354028,0.0354548,0.0223951,0.0199122,0.0132774,0.0099467
2.26,0.261984,0.112947,0.0814899,0.0600185,0.0354697,0.0355324,0.0224683,0.0199659,0.0133376,0.009993
2.265,0.262018,0.113014,0.0815586,0.0601072,0.0355359,0.0356093,0.022541,0.0200193,0.0133975,0.0100391
2.27,0.262052,0.11308,0.0816267,0.060195,0.0356014,0.0356856,0.0226133,0.0200723,0.0134572,0.010085
2.275,0.262086,0.113146,0.0816943,0.060282,0.0356662,0.0357612,0.022685,0.020125,0.0135165,0.0101308
2.28,0.262119,0.113212,0.0817614,0.0603682,0.0357303,0.0358362,0.0227562,0.0201774,0.0135757,0.0101763
2.285,0.262153,0.113277,0.0818279,0.0604536,0.0357938,0.0359106,0.0228268,0.0202294,0.0136345,0.0102217
2.29,0.262186,0.113342,0.0818939,0.0605381,0.0358565,0.0359843,0.022897,0.020281,0.0136931,0.0102669
2.295,0.262219,0.113406,0.0819594,0.0606219,0.0359186,0.0360573,0.0229666,0.0203322,0.0137513,0.0103118
2.3,0.262251,0.11347,0.0820245,0.0607048,0.03598,0.0361297,0.0230356,0.0203831,0.0138093,0.0103566
2.305,0.262283,0.113533,0.0820891,0.060787,0.0360408,0.0362014,0.0231041,0.0204335,0.0138669,0.0104011
2.31,0.262315,0.113596,0.0821532,0.0608685,0.0361008,0.0362725,0.0231721,0.0204836,0.0139243,0.0104455
2.315,0.262347,0.113658,0.0822168,0.0609492,0.0361603,0.0363429,0.0232395,0.0205333,0.0139813,0.0104896
2.32,0.262379,0.11372,0.08228,0.0610292,0.0362191,0.0364127,0.0233064,0.0205826,0.0140379,0.0105335
2.325,0.26241,0.113781,0.0823428,0.0611084,0.0362773,0.0364818,0.0233727,0.0206314,0.0140943,0.0105772
2.33,0.262441,0.113842,0.0824051,0.061187,0.0363348,0.0365503,0.0234384,0.0206799,0.0141503,0.0106207
2.335,0.262472,0.113903,0.082467,0.0612649,0.0363917,0.0366182,0.0235036,0.0207279,0.0142059,0.0106639
2.34,0.262502,0.113963,0.0825285,0.0613421,0.0364481,0.0366854,0.0235682,0.0207755,0.0142612,0.0107069
2.345,0.262532,0.114023,0.0825896,0.0614186,0.0365038,0.0367519,0.0236323,0.0208227,0.0143161,0.0107496
2.35,0.262562,0.114082,0.0826502,0.0614945,0.0365589,0.0368179,0.0236958,0.0208694,0.0143706,0.0107921
2.355,0.262592,0.114141,0.0827105,0.0615698,0.0366135,0.0368832,0.0237587,0.0209158,0.0144248,0.0108343
2.36,0.262621,0.114199,0.0827704,0.0616444,0.0366675,0.0369479,0.0238211,0.0209617,0.0144786,0.0108763
2.365,0.262651,0.114257,0.0828299,0.0617184,0.036721,0.0370119,0.0238829,0.0210071,0.014532,0.010918
2.37,0.26268,0.114315,0.082889,0.0617919,0.0367739,0.0370754,0.0239442,0.0210522,0.0145849,0.0109594
2.375,0.262708,0.114372,0.0829477,0.0618647,0.0368263,0.0371382,0.0240049,0.0210968,0.0146375,0.0110005
2.38,0.262737,0.114429,0.0830061,0.061937,0.0368781,0.0372004,0.024065,0.021141,0.0146897,0.0110414
2.385,0.262765,0.114485,0.083064,0.0620087,0.0369295,0.0372621,0.0241246,0.0211847,0.0147414,0.011082
2.39,0.262793,0.114541,0.0831216,0.0620799,0.0369803,0.0373231,0.0241836,0.021228,0.0147928,0.0111222
2.395,0.262821,0.114596,0.0831789,0.0621505,0.0370307,0.0373836,0.024242,0.0212709,0.0148437,0.0111622
2.4,0.262848,0.114651,0.0832357,0.0622206,0.0370806,0.0374434,0.0242999,0.0213134,0.0148942,0.0112019
2.405,0.262876,0.114705,0.0832922,0.0622901,0.03713,0.0375028,0.0243573,0.0213554,0.0149443,0.0112413
2.41,0.262903,0.114759,0.0833483,0.0623592,0.037179,0.0375615,0.0244141,0.021397,0.0149939,0.0112803
2.415,0.26293,0.114813,0.0834041,0.0624277,0.0372275,0.0376197,0.0244704,0.0214382,0.0150431,0.0113191
2.42,0.262956,0.114866,0.0834595,0.0624957,0.0372756,0.0376773,0.0245261,0.0214789,0.0150919,0.0113575
2.425,0.262982,0.114919,0.0835146,0.0625633,0.0373233,0.0377344,0.0245813,0.0215193,0.0151403,0.0113956
2.43,0.263009,0.114972,0.0835692,0.0626304,0.0373706,0.037791,0.0246359,0.0215592,0.0151882,0.0114334
2.435,0.263034,0.115024,0.0836236,0.062697,0.0374174,0.0378471,0.0246901,0.0215987,0.0152356,0.0114709
2.44,0.26306,0.115075,0.0836775,0.0627631,0.0374639,0.0379026,0.0247437,0.0216378,0.0152827,0.0115081
2.445,0.263086,0.115126,0.0837311,0.0628287,0.03751,0.0379576,0.0247968,0.0216765,0.0153293,0.0115449
2.45,0.263111,0.115177,0.0837844,0.062894,0.0375557,0.0380121,0.0248494,0.0217148,0.0153754,0.0115814
2.455,0.263136,0.115227,0.0838372,0.0629587,0.0376011,0.0380662,0.0249014,0.0217527,0.0154211,0.0116176
2.46,0.263161,0.115277,0.0838897,0.063023,0.0376461,0.0381197,0.024953,0.0217902,0.0154664,0.0116534
2.465,0.263185,0.115327,0.0839419,0.0630869,0.0376908,0.0381728,0.0250041,0.0218273,0.0155112,0.0116889
2.47,0.26321,0.115376,0.0839937,0.0631504,0.0377351,0.0382254,0.0250547,0.0218641,0.0155556,0.0117241
2.475,0.263234,0.115424,0.0840451,0.0632134,0.0377791,0.0382776,0.0251049,0.0219004,0.0155996,0.0117589
2.48,0.263258,0.115473,0.0840961,0.0632759,0.0378228,0.0383293,0.0251545,0.0219364,0.0156431,0.0117934
2.485,0.263281,0.11552,0.0841468,0.0633381,0.0378662,0.0383806,0.0252037,0.0219721,0.0156862,0.0118276
2.49,0.263305,0.115568,0.0841971,0.0633998,0.0379093,0.0384314,0.0252525,0.0220073,0.0157289,0.0118614
2.495,0.263328,0.115615,0.084247,0.0634612,0.0379521,0.0384818,0.0253007,0.0220422,0.0157711,0.0118949
2.5,0.263351,0.115661,0.0842966,0.0635221,0.0379946,0.0385318,0.0253486,0.0220768,0.015813,0.0119281
2.505,0.263374,0.115708,0.0843458,0.0635826,0.0380368,0.0385814,0.025396,0.022111,0.0158544,0.0119609
2.51,0.263397,0.115753,0.0843946,0.0636426,0.0380787,0.0386306,0.025443,0.0221449,0.0158953,0.0119934
2.515,0.26342,0.115799,0.084443,0.0637023,0.0381203,0.0386794,0.0254895,0.0221784,0.0159359,0.0120256
2.52,0.263442,0.115844,0.0844911,0.0637616,0.0381617,0.0387278,0.0255357,0.0222117,0.0159761,0.0120575
2.525,0.263464,0.115888,0.0845388,0.0638204,0.0382028,0.0387758,0.0255814,0.0222446,0.0160158,0.012089
2.53,0.263486,0.115933,0.0845861,0.0638789,0.0382437,0.0388235,0.0256267,0.0222772,0.0160552,0.0121202
2.535,0.263508,0.115977,0.084633,0.0639369,0.0382843,0.0388708,0.0256717,0.0223095,0.0160941,0.0121511
2.54,0.263529,0.11602,0.0846796,0.0639946,0.0383246,0.0389177,0.0257162,0.0223414,0.0161327,0.0121816
2.545,0.263551,0.116063,0.0847257,0.0640518,0.0383647,0.0389643,0.0257604,0.0223731,0.0161709,0.0122119
2.55,0.263572,0.116106,0.0847715,0.0641087,0.0384046,0.0390105,0.0258042,0.0224046,0.0162087,0.0122418
2.555,0.263593,0.116148,0.0848169,0.0641651,0.0384442,0.0390564,0.0258477,0.0224357,0.0162461,0.0122715
2.56,0.263614,0.11619,0.084862,0.0642211,0.0384835,0.039102,0.0258908,0.0224666,0.0162832,0.0123008
2.565,0.263635,0.116231,0.0849066,0.0642768,0.0385226,0.0391472,0.0259335,0.0224972,0.0163199,0.0123298
2.57,0.263655,0.116273,0.0849509,0.064332,0.0385615,0.0391921,0.0259759,0.0225275,0.0163563,0.0123585
2.575,0.263676,0.116313,0.0849948,0.0643868,0.0386002,0.0392367,0.026018,0.0225576,0.0163923,0.0123869
2.58,0.263696,0.116354,0.0850383,0.0644413,0.0386386,0.039281,0.0260597,0.0225874,0.0164279,0.0124151
2.585,0.263716,0.116394,0.0850814,0.0644953,0.0386767,0.0393249,0.0261011,0.022617,0.0164632,0.0124429
2.59,0.263736,0.116434,0.0851242,0.0645489,0.0387147,0.0393686,0.0261422,0.0226464,0.0164982,0.0124705
2.595,0.263755,0.116473,0.0851665,0.0646021,0.0387524,0.0394119,0.026183,0.0226755,0.0165328,0.0124978
2.6,0.263775,0.116512,0.0852085,0.064655,0.0387898,0.039455,0.0262234,0.0227044,0.0165672,0.0125248
2.605,0.263794,0.116551,0.0852501,0.0647074,0.038827,0.0394977,0.0262636,0.0227331,0.0166012,0.0125515
2.61,0.263814,0.116589,0.0852914,0.0647594,0.038864,0.0395402,0.0263034,0.0227616,0.0166349,0.012578
2.615,0.263833,0.116627,0.0853323,0.064811,0.0389008,0.0395823,0.026343,0.0227899,0.0166683,0.0126042
2.62,0.263852,0.116665,0.0853728,0.0648622,0.0389373,0.0396242,0.0263823,0.0228179,0.0167015,0.0126302
2.625,0.26387,0.116702,0.0854129,0.064913,0.0389736,0.0396657,0.0264213,0.0228458,0.0167343,0.0126559
2.63,0.263889,0.116739,0.0854527,0.0649634,0.0390097,0.039707,0.02646,0.0228734,0.0167669,0.0126814
2.635,0.263907,0.116776,0.085492,0.0650134,0.0390455,0.039748,0.0264984,0.0229009,0.0167991,0.0127066
2.64,0.263926,0.116812,0.0855311,0.065063,0.0390811,0.0397888,0.0265366,0.0229282,0.0168312,0.0127316
2.645,0.263944,0.116848,0.0855698,0.0651122,0.0391164,0.0398292,0.0265745,0.0229553,0.0168629,0.0127564
2.65,0.263962,0.116884,0.0856081,0.065161,0.0391515,0.0398694,0.0266121,0.0229822,0.0168944,0.0127809
2.655,0.26398,0.116919,0.085646,0.0652094,0.0391864,0.0399093,0.0266494,0.0230089,0.0169256,0.0128053
2.66,0.263997,0.116954,0.0856836,0.0652574,0.039221,0.0399489,0.0266865,0.0230355,0.0169566,0.0128294
2.665,0.264015,0.116989,0.0857209,0.065305,0.0392554,0.0399883,0.0267234,0.0230619,0.0169874,0.0128533
2.67,0.264032,0.117024,0.0857578,0.0653522,0.0392896,0.0400273,0.02676,0.0230881,0.0170179,0.0128769
2.675,0.26405,0.117058,0.0857943,0.065399,0.0393235,0.0400661,0.0267963,0.0231141,0.0170482,0.0129004
2.68,0.264067,0.117092,0.0858306,0.0654454,0.0393571,0.0401047,0.0268324,0.02314,0.0170782,0.0129237
2.685,0.264084,0.117125,0.0858664,0.0654914,0.0393905,0.040143,0.0268682,0.0231657,0.017108,0.0129468
2.69,0.264101,0.117159,0.085902,0.065537,0.0394237,0.040181,0.0269038,0.0231913,0.0171377,0.0129697
2.695,0.264118,0.117192,0.0859372,0.0655822,0.0394566,0.0402187,0.0269391,0.0232166,0.0171671,0.0129924
2.7,0.264134,0.117224,0.0859721,0.0656271,0.0394893,0.0402562,0.0269742,0.0232419,0.0171962,0.013015
2.705,0.264151,0.117257,0.0860066,0.0656715,0.0395217,0.0402934,0.0270091,0.0232669,0.0172252,0.0130373
2.71,0.264167,0.117289,0.0860409,0.0657155,0.0395538,0.0403303,0.0270437,0.0232918,0.017254,0.0130595
2.715,0.264183,0.117321,0.0860748,0.0657592,0.0395858,0.040367,0.0270781,0.0233166,0.0172826,0.0130816
2.72,0.2642,0.117353,0.0861084,0.0658025,0.0396174,0.0404034,0.0271122,0.0233411,0.017311,0.0131034
2.725,0.264216,0.117384,0.0861417,0.0658453,0.0396488,0.0404395,0.0271461,0.0233656,0.0173391,0.0131251
2.73,0.264231,0.117415,0.0861747,0.0658878,0.03968,0.0404754,0.0271798,0.0233898,0.0173671,0.0131466
2.735,0.264247,0.117446,0.0862074,0.06593,0.0397109,0.040511,0.0272133,0.023414,0.017395,0.013168
2.74,0.264263,0.117477,0.0862398,0.0659717,0.0397415,0.0405463,0.0272465,0.0234379,0.0174226,0.0131892
2.745,0.264278,0.117507,0.0862719,0.0660131,0.0397719,0.0405814,0.0272794,0.0234617,0.01745,0.0132103
2.75,0.264294,0.117537,0.0863037,0.0660541,0.039802,0.0406162,0.0273122,0.0234854,0.0174773,0.0132312
2.755,0.264309,0.117567,0.0863353,0.0660947,0.0398319,0.0406508,0.0273447,0.0235089,0.0175043,0.013252
2.76,0.264324,0.117597,0.0863665,0.0661349,0.0398615,0.0406851,0.027377,0.0235322,0.0175312,0.0132726
2.765,0.264339,0.117626,0.0863975,0.0661748,0.0398909,0.0407191,0.027409,0.0235554,0.017558,0.0132931
2.77,0.264354,0.117655,0.0864282,0.0662144,0.03992,0.0407528,0.0274408,0.0235784,0.0175845,0.0133134
2.775,0.264369,0.117684,0.0864586,0.0662535,0.0399488,0.0407863,0.0274724,0.0236013,0.0176109,0.0133336
2.78,0.264383,0.117713,0.0864888,0.0662924,0.0399774,0.0408196,0.0275038,0.023624,0.0176371,0.0133537
2.785,0.264398,0.117741,0.0865187,0.0663308,0.0400058,0.0408526,0.0275349,0.0236466,0.0176631,0.0133736
2.79,0.264412,0.11777,0.0865483,0.0663689,0.0400338,0.0408853,0.0275658,0.023669,0.0176889,0.0133934
2.795,0.264427,0.117798,0.0865777,0.0664067,0.0400617,0.0409177,0.0275965,0.0236913,0.0177146,0.0134131
2.8,0.264441,0.117825,0.0866068,0.0664441,0.0400892,0.0409499,0.0276269,0.0237134,0.0177401,0.0134326
2.805,0.264455,0.117853,0.0866357,0.0664812,0.0401166,0.0409818,0.0276572,0.0237353,0.0177655,0.013452
2.81,0.264469,0.11788,0.0866644,0.066518,0.0401436,0.0410135,0.0276871,0.0237571,0.0177907,0.0134713
2.815,0.264483,0.117908,0.0866928,0.0665544,0.0401704,0.0410449,0.0277169,0.0237787,0.0178157,0.0134905
2.82,0.264497,0.117934,0.086721,0.0665905,0.040197,0.041076,0.0277464,0.0238002,0.0178405,0.0135095
2.825,0.26451,0.117961,0.0867489,0.0666263,0.0402233,0.0411069,0.0277757,0.0238215,0.0178652,0.0135284
2.83,0.264524,0.117988,0.0867766,0.0666617,0.0402494,0.0411375,0.0278048,0.0238427,0.0178897,0.0135471
2.835,0.264537,0.118014,0.0868041,0.0666969,0.0402752,0.0411679,0.0278337,0.0238636,0.0179141,0.0135658
2.84,0.26455,0.11804,0.0868314,0.0667317,0.0403008,0.041198,0.0278623,0.0238845,0.0179382,0.0135843
2.845,0.264564,0.118066,0.0868584,0.0667662,0.0403262,0.0412278,0.0278907,0.0239052,0.0179623,0.0136027
2.85,0.264577,0.118092,0.0868852,0.0668004,0.0403513,0.0412574,0.0279189,0.0239257,0.0179861,0.013621
2.855,0.26459,0.118117,0.0869118,0.0668344,0.0403762,0.0412868,0.0279468,0.023946,0.0180098,0.0136391
2.86,0.264603,0.118142,0.0869382,0.066868,0.0404008,0.0413158,0.0279745,0.0239662,0.0180333,0.0136571
2.865,0.264615,0.118167,0.0869644,0.0669013,0.0404252,0.0413447,0.028002,0.0239862,0.0180567,0.013675
2.87,0.264628,0.118192,0.0869904,0.0669343,0.0404494,0.0413733,0.0280293,0.0240061,0.0180798,0.0136928
2.875,0.26464,0.118217,0.0870162,0.0669671,0.0404733,0.0414016,0.0280563,0.0240258,0.0181028,0.0137105
2.88,0.264653,0.118242,0.0870418,0.0669996,0.0404971,0.0414297,0.0280831,0.0240453,0.0181257,0.013728
2.885,0.264665,0.118266,0.0870672,0.0670317,0.0405206,0.0414575,0.0281097,0.0240647,0.0181484,0.0137454
2.89,0.264678,0.11829,0.0870924,0.0670637,0.0405439,0.0414851,0.028136,0.0240839,0.0181709,0.0137627
2.895,0.26469,0.118314,0.0871174,0.0670953,0.0405669,0.0415124,0.0281622,0.024103,0.0181932,0.0137799
2.9,0.264702,0.118338,0.0871422,0.0671267,0.0405898,0.0415395,0.0281881,0.0241219,0.0182154,0.0137969
2.905,0.264714,0.118361,0.0871668,0.0671578,0.0406124,0.0415664,0.0282138,0.0241406,0.0182374,0.0138138
2.91,0.264726,0.118385,0.0871912,0.0671887,0.0406349,0.041593,0.0282393,0.0241592,0.0182593,0.0138306
2.915,0.264737,0.118408,0.0872155,0.0672192,0.0406571,0.0416194,0.0282645,0.0241776,0.0182809,0.0138473
2.92,0.264749,0.118431,0.0872395,0.0672496,0.0406791,0.0416456,0.0282895,0.0241959,0.0183024,0.0138638
2.925,0.26476,0.118454,0.0872634,0.0672797,0.0407009,0.0416715,0.0283144,0.0242139,0.0183238,0.0138803
2.93,0.264772,0.118476,0.0872871,0.0673095,0.0407226,0.0416972,0.028339,0.0242319,0.0183449,0.0138966
2.935,0.264783,0.118499,0.0873107,0.0673391,0.040744,0.0417226,0.0283633,0.0242496,0.0183659,0.0139127
2.94,0.264795,0.118521,0.087334,0.0673685,0.0407652,0.0417479,0.0283875,0.0242672,0.0183867,0.0139288
2.945,0.264806,0.118543,0.0873572,0.0673976,0.0407863,0.0417729,0.0284115,0.0242847,0.0184074,0.0139447
2.95,0.264817,0.118565,0.0873802,0.0674265,0.0408071,0.0417977,0.0284352,0.024302,0.0184279,0.0139605
2.955,0.264828,0.118587,0.087403,0.0674552,0.0408278,0.0418222,0.0284587,0.0243191,0.0184482,0.0139762
2.96,0.264839,0.118608,0.0874256,0.0674836,0.0408483,0.0418466,0.0284821,0.0243361,0.0184683,0.0139918
2.965,0.264849,0.11863,0.0874481,0.0675118,0.0408686,0.0418707,0.0285052,0.0243529,0.0184883,0.0140072
2.97,0.26486,0.118651,0.0874704,0.0675398,0.0408888,0.0418946,0.0285281,0.0243695,0.0185081,0.0140225
2.975,0.264871,0.118672,0.0874926,0.0675675,0.0409087,0.0419184,0.0285508,0.024386,0.0185278,0.0140377
2.98,0.264881,0.118693,0.0875146,0.0675951,0.0409285,0.0419419,0.0285733,0.0244024,0.0185472,0.0140527
2.985,0.264892,0.118713,0.0875364,0.0676224,0.0409482,0.0419652,0.0285956,0.0244186,0.0185665,0.0140677
2.99,0.264902,0.118734,0.087558,0.0676495,0.0409676,0.0419883,0.0286177,0.0244347,0.0185857,0.0140825
2.995,0.264912,0.118754,0.0875795,0.0676764,0.0409869,0.0420112,0.0286396,0.0244506,0.0186046,0.0140971
3,0.264922,0.118774,0.0876008,0.0677031,0.0410061,0.0420339,0.0286614,0.0244663,0.0186234,0.0141117
3.005,0.264933,0.118794,0.087622,0.0677296,0.0410251,0.0420564,0.0286829,0.0244819,0.018642,0.0141261
3.01,0.264943,0.118814,0.087643,0.0677559,0.0410439,0.0420787,0.0287042,0.0244974,0.0186605,0.0141404
3.015,0.264952,0.118834,0.0876638,0.0677819,0.0410626,0.0421008,0.0287254,0.0245127,0.0186788,0.0141546
3.02,0.264962,0.118853,0.0876845,0.0678078,0.0410811,0.0421227,0.0287463,0.0245279,0.0186969,0.0141687
3.025,0.264972,0.118873,0.087705,0.0678335,0.0410995,0.0421445,0.0287671,0.024543,0.0187149,0.0141826
3.03,0.264982,0.118892,0.0877253,0.0678589,0.0411177,0.042166,0.0287877,0.0245579,0.0187327,0.0141964
3.035,0.264991,0.118911,0.0877455,0.0678842,0.0411358,0.0421874,0.0288081,0.0245726,0.0187504,0.0142101
3.04,0.265001,0.11893,0.0877655,0.0679093,0.0411537,0.0422086,0.0288283,0.0245873,0.0187679,0.0142236
3.045,0.26501,0.118949,0.0877854,0.0679342,0.0411716,0.0422296,0.0288484,0.0246018,0.0187852,0.0142371
3.05,0.265019,0.118967,0.0878051,0.0679589,0.0411892,0.0422504,0.0288683,0.0246161,0.0188024,0.0142504
3.055,0.265029,0.118986,0.0878247,0.0679834,0.0412067,0.0422711,0.028888,0.0246304,0.0188194,0.0142636
3.06,0.265038,0.119004,0.0878441,0.0680077,0.0412241,0.0422916,0.0289075,0.0246445,0.0188362,0.0142767
3.065,0.265047,0.119022,0.0878633,0.0680319,0.0412414,0.0423119,0.0289269,0.0246585,0.018853,0.0142896
3.07,0.265056,0.11904,0.0878824,0.0680558,0.0412585,0.0423321,0.0289461,0.0246723,0.0188695,0.0143025
3.075,0.265065,0.119058,0.0879014,0.0680796,0.0412755,0.0423521,0.0289651,0.0246861,0.0188859,0.0143152
3.08,0.265074,0.119075,0.0879202,0.0681032,0.0412924,0.0423719,0.028984,0.0246997,0.0189022,0.0143278
3.085,0.265083,0.119093,0.0879388,0.0681266,0.0413091,0.0423916,0.0290027,0.0247132,0.0189183,0.0143403
3.09,0.265091,0.11911,0.0879573,0.0681498,0.0413258,0.0424111,0.0290212,0.0247266,0.0189342,0.0143527
3.095,0.2651,0.119127,0.0879756,0.0681728,0.0413423,0.0424305,0.0290396,0.0247398,0.0189501,0.014365
3.1,0.265109,0.119144,0.0879938,0.0681957,0.0413586,0.0424497,0.0290579,0.024753,0.0189657,0.0143771
3.105,0.265117,0.119161,0.0880118,0.0682184,0.0413749,0.0424687,0.029076,0.024766,0.0189813,0.0143891
3.11,0.265126,0.119178,0.0880297,0.0682409,0.041391,0.0424876,0.0290939,0.0247789,0.0189967,0.0144011
3.115,0.265134,0.119195,0.0880474,0.0682632,0.041407,0.0425063,0.0291117,0.0247918,0.0190119,0.0144129
3.12,0.265142,0.119211,0.088065,0.0682854,0.0414229,0.0425249,0.0291293,0.0248045,0.019027,0.0144246
3.125,0.26515,0.119227,0.0880824,0.0683074,0.0414387,0.0425434,0.0291468,0.0248171,0.019042,0.0144362
3.13,0.265159,0.119244,0.0880997,0.0683292,0.0414543,0.0425617,0.0291642,0.0248295,0.0190569,0.0144477
3.135,0.265167,0.11926,0.0881168,0.0683508,0.0414699,0.0425798,0.0291814,0.0248419,0.0190716,0.0144591
3.14,0.265175,0.119275,0.0881338,0.0683723,0.0414853,0.0425979,0.0291985,0.0248542,0.0190862,0.0144704
3.145,0.265183,0.119291,0.0881507,0.0683936,0.0415006,0.0426157,0.0292154,0.0248664,0.0191007,0.0144815
3.15,0.26519,0.119307,0.0881674,0.0684147,0.0415158,0.0426335,0.0292322,0.0248785,0.019115,0.0144926
3.155,0.265198,0.119322,0.0881839,0.0684357,0.0415309,0.0426511,0.0292489,0.0248905,0.0191292,0.0145036
3.16,0.265206,0.119338,0.0882004,0.0684565,0.0415459,0.0426685,0.0292654,0.0249024,0.0191433,0.0145145
3.165,0.265214,0.119353,0.0882166,0.0684771,0.0415607,0.0426859,0.0292818,0.0249142,0.0191573,0.0145253
3.17,0.265221,0.119368,0.0882328,0.0684975,0.0415755,0.0427031,0.029298,0.0249259,0.0191711,0.014536
3.175,0.265229,0.119383,0.0882487,0.0685178,0.0415901,0.0427201,0.0293142,0.0249375,0.0191848,0.0145466
3.18,0.265236,0.119398,0.0882646,0.068538,0.0416046,0.042737,0.0293302,0.024949,0.0191985,0.0145571
3.185,0.265244,0.119413,0.0882803,0.0685579,0.0416191,0.0427538,0.0293461,0.0249604,0.0192119,0.0145675
3.19,0.265251,0.119427,0.0882959,0.0685777,0.0416334,0.0427705,0.0293618,0.0249718,0.0192253,0.0145778
3.195,0.265259,0.119442,0.0883113,0.0685974,0.0416476,0.0427871,0.0293774,0.024983,0.0192386,0.014588
3.2,0.265266,0.119456,0.0883266,0.0686168,0.0416617,0.0428035,0.029393,0.0249942,0.0192518,0.0145981
3.205,0.265273,0.11947,0.0883418,0.0686361,0.0416757,0.0428198,0.0294083,0.0250053,0.0192648,0.0146082
3.21,0.26528,0.119484,0.0883568,0.0686553,0.0416895,0.0428359,0.0294236,0.0250162,0.0192778,0.0146182
3.215,0.265287,0.119498,0.0883718,0.0686743,0.0417033,0.042852,0.0294388,0.0250272,0.0192906,0.014628
3.22,0.265294,0.119512,0.0883865,0.0686931,0.041717,0.0428679,0.0294538,0.025038,0.0193033,0.0146378
3.225,0.265301,0.119526,0.0884012,0.0687118,0.0417305,0.0428837,0.0294687,0.0250487,0.019316,0.0146475
3.23,0.265308,0.119539,0.0884157,0.0687303,0.041744,0.0428993,0.0294835,0.0250594,0.0193285,0.0146572
3.235,0.265315,0.119553,0.0884301,0.0687487,0.0417573,0.0429149,0.0294982,0.02507,0.0193409,0.0146667
3.24,0.265322,0.119566,0.0884443,0.0687669,0.0417706,0.0429303,0.0295128,0.0250805,0.0193532,0.0146762
3.245,0.265329,0.11958,0.0884585,0.068785,0.0417837,0.0429456,0.0295272,0.0250909,0.0193655,0.0146855
3.25,0.265335,0.119593,0.0884725,0.0688029,0.0417968,0.0429608,0.0295416,0.0251012,0.0193776,0.0146949
3.255,0.265342,0.119606,0.0884864,0.0688206,0.0418097,0.0429759,0.0295558,0.0251115,0.0193896,0.0147041
3.26,0.265349,0.119619,0.0885001,0.0688382,0.0418225,0.0429908,0.02957,0.0251217,0.0194016,0.0147132
3.265,0.265355,0.119632,0.0885138,0.0688556,0.0418352,0.0430056,0.029584,0.0251318,0.0194134,0.0147223
3.27,0.265362,0.119644,0.0885273,0.0688729,0.0418479,0.0430204,0.0295979,0.0251418,0.0194252,0.0147313
3.275,0.265368,0.119657,0.0885407,0.0688901,0.0418604,0.043035,0.0296117,0.0251518,0.0194368,0.0147403
3.28,0.265374,0.119669,0.088554,0.0689071,0.0418728,0.0430495,0.0296254,0.0251617,0.0194484,0.0147491
3.285,0.265381,0.119682,0.0885672,0.068924,0.0418851,0.0430638,0.029639,0.0251715,0.0194599,0.0147579
3.29,0.265387,0.119694,0.0885803,0.0689407,0.0418973,0.0430781,0.0296525,0.0251812,0.0194713,0.0147666
3.295,0.265393,0.119706,0.0885932,0.0689572,0.0419094,0.0430922,0.0296659,0.0251909,0.0194826,0.0147753
3.3,0.265399,0.119719,0.088606,0.0689737,0.0419214,0.0431063,0.0296791,0.0252005,0.0194938,0.0147839
3.305,0.265405,0.119731,0.0886188,0.0689899,0.0419333,0.0431202,0.0296923,0.02521,0.019505,0.0147924
3.31,0.265411,0.119742,0.0886314,0.0690061,0.0419451,0.043134,0.0297054,0.0252195,0.019516,0.0148009
3.315,0.265417,0.119754,0.0886439,0.0690221,0.0419568,0.0431477,0.0297184,0.0252289,0.019527,0.0148092
3.32,0.265423,0.119766,0.0886563,0.0690379,0.0419684,0.0431613,0.0297312,0.0252382,0.0195379,0.0148176
3.325,0.265429,0.119778,0.0886686,0.0690537,0.0419799,0.0431748,0.029744,0.0252474,0.0195487,0.0148258
3.33,0.265435,0.119789,0.0886808,0.0690693,0.0419913,0.0431881,0.0297567,0.0252566,0.0195594,0.014834
3.335,0.265441,0.119801,0.0886929,0.0690847,0.0420027,0.0432014,0.0297692,0.0252657,0.0195701,0.0148421
3.34,0.265447,0.119812,0.0887048,0.0691,0.0420139,0.0432145,0.0297817,0.0252747,0.0195806,0.0148502
3.345,0.265453,0.119823,0.0887167,0.0691152,0.042025,0.0432276,0.0297941,0.0252837,0.0195911,0.0148582
3.35,0.265458,0.119834,0.0887285,0.0691303,0.042036,0.0432405,0.0298064,0.0252925,0.0196015,0.0148662
3.355,0.265464,0.119845,0.0887402,0.0691452,0.0420469,0.0432533,0.0298185,0.0253014,0.0196118,0.014874
3.36,0.265469,0.119856,0.0887518,0.06916,0.0420577,0.0432661,0.0298306,0.0253101,0.0196221,0.0148819
3.365,0.265475,0.119867,0.0887633,0.0691747,0.0420685,0.0432787,0.0298426,0.0253188,0.0196322,0.0148896
3.37,0.26548,0.119878,0.0887746,0.0691892,0.0420791,0.0432912,0.0298545,0.0253274,0.0196423,0.0148973
3.375,0.265486,0.119889,0.0887859,0.0692036,0.0420897,0.0433036,0.0298663,0.025336,0.0196523,0.014905
3.38,0.265491,0.119899,0.0887971,0.0692179,0.0421001,0.0433159,0.029878,0.0253444,0.0196623,0.0149126
3.385,0.265497,0.11991,0.0888083,0.0692321,0.0421105,0.0433281,0.0298895,0.0253529,0.0196721,0.0149201
3.39,0.265502,0.11992,0.0888193,0.0692461,0.0421208,0.0433402,0.0299011,0.0253612,0.0196819,0.0149276
3.395,0.265507,0.119931,0.0888302,0.0692601,0.0421309,0.0433522,0.0299125,0.0253695,0.0196916,0.014935
3.4,0.265513,0.119941,0.088841,0.0692739,0.042141,0.0433641,0.0299238,0.0253777,0.0197013,0.0149424
3.405,0.265518,0.119951,0.0888518,0.0692876,0.042151,0.0433759,0.029935,0.0253858,0.0197108,0.0149497
3.41,0.265523,0.119961,0.0888624,0.0693011,0.0421609,0.0433876,0.0299461,0.0253939,0.0197203,0.0149569
3.415,0.265528,0.119971,0.088873,0.0693146,0.0421708,0.0433992,0.0299572,0.0254019,0.0197297,0.0149641
3.42,0.265533,0.119981,0.0888835,0.0693279,0.0421805,0.0434107,0.0299681,0.0254099,0.0197391,0.0149713
3.425,0.265538,0.119991,0.0888939,0.0693412,0.0421902,0.0434221,0.029979,0.0254177,0.0197483,0.0149783
3.43,0.265543,0.120001,0.0889042,0.0693543,0.0421997,0.0434334,0.0299897,0.0254256,0.0197575,0.0149854
3.435,0.265548,0.120011,0.0889145,0.0693673,0.0422092,0.0434446,0.0300004,0.0254333,0.0197666,0.0149923
3.44,0.265553,0.12002,0.0889246,0.0693802,0.0422186,0.0434557,0.030011,0.025441,0.0197757,0.0149993
3.445,0.265558,0.12003,0.0889347,0.069393,0.0422279,0.0434667,0.0300215,0.0254486,0.0197847,0.0150061
3.45,0.265562,0.120039,0.0889447,0.0694057,0.0422372,0.0434776,0.0300319,0.0254562,0.0197936,0.0150129
3.455,0.265567,0.120049,0.0889546,0.0694182,0.0422463,0.0434885,0.0300422,0.0254637,0.0198024,0.0150197
3.46,0.265572,0.120058,0.0889644,0.0694307,0.0422554,0.0434992,0.0300525,0.0254711,0.0198112,0.0150264
3.465,0.265577,0.120067,0.0889741,0.0694431,0.0422644,0.0435098,0.0300626,0.0254785,0.0198199,0.0150331
3.47,0.265581,0.120076,0.0889838,0.0694553,0.0422733,0.0435204,0.0300727,0.0254858,0.0198285,0.0150397
3.475,0.265586,0.120085,0.0889934,0.0694675,0.0422822,0.0435308,0.0300827,0.025493,0.019837,0.0150462
3.48,0.265591,0.120094,0.0890029,0.0694795,0.0422909,0.0435412,0.0300926,0.0255002,0.0198455,0.0150527
3.485,0.265595,0.120103,0.0890124,0.0694915,0.0422996,0.0435515,0.0301024,0.0255073,0.0198539,0.0150592
3.49,0.2656,0.120112,0.0890217,0.0695034,0.0423082,0.0435617,0.0301121,0.0255143,0.0198623,0.0150656
3.495,0.265604,0.120121,0.089031,0.0695151,0.0423168,0.0435718,0.0301217,0.0255213,0.0198705,0.0150719
3.5,0.265608,0.12013,0.0890402,0.0695268,0.0423252,0.0435818,0.0301313,0.0255283,0.0198788,0.0150782
3.505,0.265613,0.120138,0.0890494,0.0695384,0.0423336,0.0435917,0.0301408,0.0255351,0.0198869,0.0150844
3.51,0.265617,0.120147,0.0890585,0.0695498,0.0423419,0.0436016,0.0301502,0.025542,0.019895,0.0150906
3.515,0.265621,0.120155,0.0890675,0.0695612,0.0423502,0.0436114,0.0301595,0.0255487,0.019903,0.0150968
3.52,0.265626,0.120164,0.0890764,0.0695725,0.0423584,0.043621,0.0301687,0.0255554,0.0199109,0.0151028
3.525,0.26563,0.120172,0.0890852,0.0695837,0.0423665,0.0436306,0.0301779,0.0255621,0.0199188,0.0151089
3.53,0.265634,0.120181,0.089094,0.0695948,0.0423745,0.0436402,0.030187,0.0255686,0.0199266,0.0151149
3.535,0.265638,0.120189,0.0891027,0.0696058,0.0423825,0.0436496,0.030196,0.0255752,0.0199343,0.0151208
3.54,0.265642,0.120197,0.0891114,0.0696167,0.0423904,0.0436589,0.0302049,0.0255816,0.019942,0.0151267
3.545,0.265647,0.120205,0.08912,0.0696276,0.0423982,0.0436682,0.0302137,0.025588,0.0199496,0.0151325
3.55,0.265651,0.120213,0.0891285,0.0696383,0.042406,0.0436774,0.0302225,0.0255944,0.0199571,0.0151383
3.555,0.265655,0.120221,0.0891369,0.069649,0.0424137,0.0436865,0.0302312,0.0256007,0.0199646,0.0151441
3.56,0.265659,0.120229,0.0891453,0.0696595,0.0424214,0.0436956,0.0302398,0.0256069,0.019972,0.0151498
3.565,0.265663,0.120237,0.0891536,0.06967,0.042429,0.0437045,0.0302484,0.0256131,0.0199794,0.0151554
3.57,0.265667,0.120245,0.0891618,0.0696804,0.0424365,0.0437134,0.0302568,0.0256193,0.0199867,0.015161
3.575,0.26567,0.120252,0.08917,0.0696907,0.0424439,0.0437222,0.0302652,0.0256253,0.0199939,0.0151665
3.58,0.265674,0.12026,0.0891781,0.069701,0.0424513,0.043731,0.0302736,0.0256314,0.020001,0.015172
3.585,0.265678,0.120267,0.0891861,0.0697111,0.0424587,0.0437396,0.0302818,0.0256373,0.0200081,0.0151775
3.59,0.265682,0.120275,0.0891941,0.0697212,0.0424659,0.0437482,0.03029,0.0256433,0.0200152,0.0151829
3.595,0.265686,0.120282,0.089202,0.0697312,0.0424732,0.0437567,0.0302981,0.0256491,0.0200221,0.0151883
3.6,0.265689,0.12029,0.0892099,0.0697411,0.0424803,0.0437652,0.0303062,0.025655,0.0200291,0.0151936
3.605,0.265693,0.120297,0.0892176,0.0697509,0.0424874,0.0437736,0.0303141,0.0256607,0.0200359,0.0151988
3.61,0.265697,0.120304,0.0892254,0.0697607,0.0424945,0.0437819,0.0303221,0.0256664,0.0200427,0.0152041
3.615,0.2657,0.120312,0.089233,0.0697704,0.0425015,0.0437901,0.0303299,0.0256721,0.0200495,0.0152093
3.62,0.265704,0.120319,0.0892406,0.06978,0.0425084,0.0437983,0.0303377,0.0256777,0.0200561,0.0152144
3.625,0.265708,0.120326,0.0892481,0.0697895,0.0425153,0.0438064,0.0303454,0.0256833,0.0200628,0.0152195
3.63,0.265711,0.120333,0.0892556,0.0697989,0.0425221,0.0438144,0.030353,0.0256888,0.0200693,0.0152245
3.635,0.265715,0.12034,0.089263,0.0698083,0.0425288,0.0438224,0.0303606,0.0256943,0.0200758,0.0152295
3.64,0.265718,0.120347,0.0892703,0.0698176,0.0425356,0.0438303,0.0303681,0.0256997,0.0200823,0.0152345
3.645,0.265722,0.120354,0.0892776,0.0698268,0.0425422,0.0438381,0.0303756,0.0257051,0.0200887,0.0152394
3.65,0.265725,0.12036,0.0892849,0.0698359,0.0425488,0.0438459,0.030383,0.0257105,0.020095,0.0152443
3.655,0.265729,0.120367,0.089292,0.069845,0.0425554,0.0438536,0.0303903,0.0257158,0.0201013,0.0152491
3.66,0.265732,0.120374,0.0892991,0.069854,0.0425619,0.0438613,0.0303976,0.025721,0.0201075,0.0152539
3.665,0.265735,0.12038,0.0893062,0.0698629,0.0425683,0.0438688,0.0304048,0.0257262,0.0201137,0.0152586
3.67,0.265739,0.120387,0.0893131,0.0698718,0.0425747,0.0438764,0.0304119,0.0257314,0.0201198,0.0152633
3.675,0.265742,0.120393,0.0893201,0.0698805,0.0425811,0.0438838,0.030419,0.0257365,0.0201259,0.015268
3.68,0.265745,0.1204,0.0893269,0.0698892,0.0425874,0.0438912,0.030426,0.0257416,0.0201319,0.0152726
3.685,0.265748,0.120406,0.0893338,0.0698979,0.0425936,0.0438986,0.030433,0.0257466,0.0201379,0.0152772
3.69,0.265752,0.120413,0.0893405,0.0699064,0.0425998,0.0439058,0.0304399,0.0257516,0.0201438,0.0152817
3.695,0.265755,0.120419,0.0893472,0.0699149,0.042606,0.0439131,0.0304468,0.0257565,0.0201497,0.0152862
3.7,0.265758,0.120425,0.0893538,0.0699234,0.0426121,0.0439202,0.0304536,0.0257614,0.0201555,0.0152907
3.705,0.265761,0.120431,0.0893604,0.0699317,0.0426181,0.0439273,0.0304603,0.0257663,0.0201612,0.0152951
3.71,0.265764,0.120437,0.089367,0.06994,0.0426241,0.0439344,0.030467,0.0257711,0.0201669,0.0152995
3.715,0.265767,0.120444,0.0893734,0.0699482,0.0426301,0.0439414,0.0304737,0.0257759,0.0201726,0.0153038
3.72,0.26577,0.12045,0.0893798,0.0699564,0.042636,0.0439483,0.0304802,0.0257807,0.0201782,0.0153081
3.725,0.265773,0.120456,0.0893862,0.0699645,0.0426418,0.0439552,0.0304868,0.0257854,0.0201838,0.0153124
3.73,0.265776,0.120461,0.0893925,0.0699725,0.0426476,0.043962,0.0304932,0.02579,0.0201893,0.0153167
3.735,0.265779,0.120467,0.0893988,0.0699804,0.0426534,0.0439688,0.0304997,0.0257947,0.0201948,0.0153209
3.74,0.265782,0.120473,0.089405,0.0699883,0.0426591,0.0439755,0.030506,0.0257993,0.0202002,0.015325
3.745,0.265785,0.120479,0.0894111,0.0699961,0.0426648,0.0439821,0.0305123,0.0258038,0.0202056,0.0153291
3.75,0.265788,0.120485,0.0894172,0.0700039,0.0426704,0.0439887,0.0305186,0.0258084,0.020211,0.0153332
3.755,0.265791,0.12049,0.0894233,0.0700116,0.042676,0.0439953,0.0305248,0.0258128,0.0202163,0.0153373
3.76,0.265794,0.120496,0.0894293,0.0700192,0.0426816,0.0440018,0.030531,0.0258173,0.0202215,0.0153413
3.765,0.265797,0.120502,0.0894352,0.0700268,0.0426871,0.0440082,0.0305371,0.0258217,0.0202267,0.0153453
3.77,0.2658,0.120507,0.0894411,0.0700343,0.0426925,0.0440146,0.0305432,0.0258261,0.0202319,0.0153493
3.775,0.265802,0.120513,0.0894469,0.0700417,0.0426979,0.044021,0.0305492,0.0258304,0.020237,0.0153532
3.78,0.265805,0.120518,0.0894527,0.0700491,0.0427033,0.0440273,0.0305551,0.0258347,0.0202421,0.0153571
3.785,0.265808,0.120523,0.0894585,0.0700564,0.0427086,0.0440335,0.0305611,0.025839,0.0202471,0.0153609
3.79,0.265811,0.120529,0.0894642,0.0700637,0.0427139,0.0440397,0.0305669,0.0258432,0.0202521,0.0153648
3.795,0.265813,0.120534,0.0894698,0.0700708,0.0427191,0.0440458,0.0305727,0.0258474,0.0202571,0.0153685
3.8,0.265816,0.120539,0.0894754,0.070078,0.0427243,0.0440519,0.0305785,0.0258516,0.020262,0.0153723
3.805,0.265819,0.120545,0.089481,0.0700851,0.0427295,0.044058,0.0305843,0.0258558,0.0202669,0.015376
3.81,0.265821,0.12055,0.0894865,0.0700921,0.0427346,0.044064,0.0305899,0.0258599,0.0202717,0.0153797
3.815,0.265824,0.120555,0.0894919,0.070099,0.0427396,0.0440699,0.0305956,0.0258639,0.0202765,0.0153834
3.82,0.265826,0.12056,0.0894973,0.0701059,0.0427446,0.0440758,0.0306012,0.025868,0.0202813,0.015387
3.825,0.265829,0.120565,0.0895027,0.0701127,0.0427496,0.0440816,0.0306067,0.025872,0.020286,0.0153906
3.83,0.265831,0.12057,0.089508,0.0701195,0.0427546,0.0440874,0.0306122,0.025876,0.0202907,0.0153942
3.835,0.265834,0.120575,0.0895133,0.0701262,0.0427595,0.0440932,0.0306177,0.0258799,0.0202953,0.0153978
3.84,0.265836,0.12058,0.0895185,0.0701329,0.0427643,0.0440989,0.0306231,0.0258838,0.0202999,0.0154013
3.845,0.265839,0.120585,0.0895237,0.0701395,0.0427691,0.0441046,0.0306285,0.0258877,0.0203045,0.0154048
3.85,0.265841,0.12059,0.0895288,0.0701461,0.0427739,0.0441102,0.0306338,0.0258915,0.020309,0.0154082
3.855,0.265844,0.120594,0.0895339,0.0701526,0.0427787,0.0441157,0.0306391,0.0258954,0.0203135,0.0154117
3.86,0.265846,0.120599,0.089539,0.070159,0.0427834,0.0441213,0.0306443,0.0258992,0.020318,0.0154151
3.865,0.265849,0.120604,0.089544,0.0701654,0.042788,0.0441267,0.0306495,0.0259029,0.0203224,0.0154185
3.87,0.265851,0.120609,0.0895489,0.0701717,0.0427926,0.0441322,0.0306547,0.0259066,0.0203268,0.0154218
3.875,0.265853,0.120613,0.0895539,0.070178,0.0427972,0.0441376,0.0306598,0.0259103,0.0203311,0.0154251
3.88,0.265856,0.120618,0.0895587,0.0701842,0.0428018,0.0441429,0.0306648,0.025914,0.0203355,0.0154284
3.885,0.265858,0.120622,0.0895636,0.0701904,0.0428063,0.0441482,0.0306699,0.0259176,0.0203397,0.0154317
3.89,0.26586,0.120627,0.0895684,0.0701965,0.0428107,0.0441534,0.0306749,0.0259213,0.020344,0.015435
3.895,0.265863,0.120631,0.0895731,0.0702026,0.0428152,0.0441587,0.0306798,0.0259248,0.0203482,0.0154382
3.9,0.265865,0.120636,0.0895779,0.0702086,0.0428195,0.0441638,0.0306847,0.0259284,0.0203524,0.0154414
3.905,0.265867,0.12064,0.0895825,0.0702146,0.0428239,0.0441689,0.0306896,0.0259319,0.0203565,0.0154445
3.91,0.265869,0.120645,0.0895872,0.0702205,0.0428282,0.044174,0.0306944,0.0259354,0.0203606,0.0154477
3.915,0.265872,0.120649,0.0895918,0.0702264,0.0428325,0.0441791,0.0306992,0.0259389,0.0203647,0.0154508
3.92,0.265874,0.120653,0.0895964,0.0702322,0.0428367,0.0441841,0.030704,0.0259423,0.0203688,0.0154539
3.925,0.265876,0.120658,0.0896009,0.0702379,0.0428409,0.044189,0.0307087,0.0259457,0.0203728,0.015457
3.93,0.265878,0.120662,0.0896054,0.0702437,0.0428451,0.0441939,0.0307133,0.0259491,0.0203768,0.01546
3.935,0.26588,0.120666,0.0896098,0.0702493,0.0428493,0.0441988,0.030718,0.0259525,0.0203807,0.015463
3.94,0.265882,0.12067,0.0896142,0.070255,0.0428534,0.0442036,0.0307226,0.0259558,0.0203847,0.015466
3.945,0.265885,0.120674,0.0896186,0.0702605,0.0428574,0.0442084,0.0307271,0.0259591,0.0203885,0.015469
3.95,0.265887,0.120678,0.089623,0.0702661,0.0428615,0.0442132,0.0307317,0.0259624,0.0203924,0.0154719
3.955,0.265889,0.120682,0.0896273,0.0702715,0.0428654,0.0442179,0.0307361,0.0259656,0.0203962,0.0154748
3.96,0.265891,0.120687,0.0896315,0.070277,0.0428694,0.0442226,0.0307406,0.0259688,0.0204,0.0154777
3.965,0.265893,0.120691,0.0896358,0.0702824,0.0428733,0.0442272,0.030745,0.025972,0.0204038,0.0154806
3.97,0.265895,0.120694,0.08964,0.0702877,0.0428772,0.0442318,0.0307494,0.0259752,0.0204075,0.0154835
3.975,0.265897,0.120698,0.0896441,0.070293,0.0428811,0.0442364,0.0307537,0.0259783,0.0204112,0.0154863
3.98,0.265899,0.120702,0.0896483,0.0702982,0.0428849,0.0442409,0.030758,0.0259815,0.0204149,0.0154891
3.985,0.265901,0.120706,0.0896523,0.0703035,0.0428887,0.0442454,0.0307623,0.0259845,0.0204185,0.0154919
3.99,0.265903,0.12071,0.0896564,0.0703086,0.0428925,0.0442498,0.0307665,0.0259876,0.0204222,0.0154946
3.995,0.265905,0.120714,0.0896604,0.0703137,0.0428962,0.0442542,0.0307707,0.0259906,0.0204257,0.0154974
4,0.265907,0.120718,0.0896644,0.0703188,0.0428999,0.0442586,0.0307748,0.0259937,0.0204293,0.0155001
4.005,0.265908,0.120721,0.0896684,0.0703239,0.0429036,0.0442629,0.030779,0.0259966,0.0204328,0.0155028
4.01,0.26591,0.120725,0.0896723,0.0703289,0.0429072,0.0442672,0.0307831,0.0259996,0.0204363,0.0155055
4.015,0.265912,0.120729,0.0896762,0.0703338,0.0429108,0.0442715,0.0307871,0.0260025,0.0204398,0.0155081
4.02,0.265914,0.120732,0.0896801,0.0703387,0.0429144,0.0442757,0.0307911,0.0260055,0.0204432,0.0155108
4.025,0.265916,0.120736,0.0896839,0.0703436,0.0429179,0.0442799,0.0307951,0.0260083,0.0204467,0.0155134
4.03,0.265918,0.12074,0.0896877,0.0703484,0.0429214,0.044284,0.0307991,0.0260112,0.02045,0.0155159
4.035,0.26592,0.120743,0.0896915,0.0703532,0.0429249,0.0442881,0.030803,0.026014,0.0204534,0.0155185
4.04,0.265921,0.120747,0.0896952,0.070358,0.0429284,0.0442922,0.0308069,0.0260169,0.0204567,0.0155211
4.045,0.265923,0.12075,0.089699,0.0703627,0.0429318,0.0442963,0.0308107,0.0260197,0.02046,0.0155236
4.05,0.265925,0.120754,0.0897026,0.0703673,0.0429352,0.0443003,0.0308145,0.0260224,0.0204633,0.0155261
4.055,0.265927,0.120757,0.0897063,0.070372,0.0429386,0.0443042,0.0308183,0.0260252,0.0204665,0.0155286
4.06,0.265928,0.120761,0.0897099,0.0703766,0.0429419,0.0443082,0.0308221,0.0260279,0.0204698,0.015531
4.065,0.26593,0.120764,0.0897135,0.0703811,0.0429452,0.0443121,0.0308258,0.0260306,0.020473,0.0155335
4.07,0.265932,0.120767,0.0897171,0.0703856,0.0429485,0.044316,0.0308295,0.0260333,0.0204761,0.0155359
4.075,0.265933,0.120771,0.0897206,0.0703901,0.0429518,0.0443198,0.0308332,0.0260359,0.0204793,0.0155383
4.08,0.265935,0.120774,0.0897241,0.0703946,0.042955,0.0443236,0.0308368,0.0260385,0.0204824,0.0155407
4.085,0.265937,0.120777,0.0897276,0.070399,0.0429582,0.0443274,0.0308404,0.0260411,0.0204855,0.015543
4.09,0.265938,0.12078,0.089731,0.0704033,0.0429614,0.0443312,0.030844,0.0260437,0.0204885,0.0155454
4.095,0.26594,0.120784,0.0897344,0.0704077,0.0429645,0.0443349,0.0308475,0.0260463,0.0204916,0.0155477
4.1,0.265942,0.120787,0.0897378,0.070412,0.0429676,0.0443386,0.030851,0.0260488,0.0204946,0.01555
4.105,0.265943,0.12079,0.0897412,0.0704162,0.0429707,0.0443422,0.0308545,0.0260514,0.0204976,0.0155523
4.11,0.265945,0.120793,0.0897445,0.0704205,0.0429738,0.0443458,0.030858,0.0260539,0.0205005,0.0155546
4.115,0.265946,0.120796,0.0897478,0.0704247,0.0429768,0.0443494,0.0308614,0.0260563,0.0205035,0.0155568
4.12,0.265948,0.120799,0.0897511,0.0704288,0.0429799,0.044353,0.0308648,0.0260588,0.0205064,0.015559
4.125,0.26595,0.120802,0.0897544,0.0704329,0.0429828,0.0443565,0.0308681,0.0260612,0.0205092,0.0155612
4.13,0.265951,0.120805,0.0897576,0.070437,0.0429858,0.04436,0.0308715,0.0260636,0.0205121,0.0155634
4.135,0.265953,0.120808,0.0897608,0.0704411,0.0429888,0.0443635,0.0308748,0.026066,0.0205149,0.0155656
4.14,0.265954,0.120811,0.089764,0.0704451,0.0429917,0.044367,0.0308781,0.0260684,0.0205178,0.0155677
4.145,0.265956,0.120814,0.0897671,0.0704491,0.0429946,0.0443704,0.0308813,0.0260708,0.0205205,0.0155699
4.15,0.265957,0.120817,0.0897702,0.0704531,0.0429974,0.0443738,0.0308845,0.0260731,0.0205233,0.015572
4.155,0.265959,0.12082,0.0897733,0.070457,0.0430003,0.0443771,0.0308877,0.0260754,0.020526,0.0155741
4.16,0.26596,0.120823,0.0897764,0.0704609,0.0430031,0.0443805,0.0308909,0.0260777,0.0205288,0.0155762
4.165,0.265962,0.120826,0.0897794,0.0704647,0.0430059,0.0443838,0.0308941,0.02608,0.0205315,0.0155782
4.17,0.265963,0.120829,0.0897825,0.0704686,0.0430087,0.044387,0.0308972,0.0260822,0.0205341,0.0155803
4.175,0.265964,0.120832,0.0897855,0.0704724,0.0430115,0.0443903,0.0309003,0.0260845,0.0205368,0.0155823
4.18,0.265966,0.120835,0.0897884,0.0704761,0.0430142,0.0443935,0.0309033,0.0260867,0.0205394,0.0155843
4.185,0.265967,0.120837,0.0897914,0.0704799,0.0430169,0.0443967,0.0309064,0.0260889,0.020542,0.0155863
4.19,0.265969,0.12084,0.0897943,0.0704836,0.0430196,0.0443999,0.0309094,0.0260911,0.0205446,0.0155883
4.195,0.26597,0.120843,0.0897972,0.0704873,0.0430223,0.044403,0.0309124,0.0260932,0.0205472,0.0155903
4.2,0.265971,0.120845,0.0898001,0.0704909,0.0430249,0.0444061,0.0309153,0.0260954,0.0205497,0.0155922
4.205,0.265973,0.120848,0.0898029,0.0704945,0.0430275,0.0444092,0.0309183,0.0260975,0.0205522,0.0155941
4.21,0.265974,0.120851,0.0898057,0.0704981,0.0430301,0.0444123,0.0309212,0.0260996,0.0205547,0.015596
4.215,0.265975,0.120853,0.0898085,0.0705017,0.0430327,0.0444153,0.0309241,0.0261017,0.0205572,0.0155979
4.22,0.265977,0.120856,0.0898113,0.0705052,0.0430353,0.0444183,0.0309269,0.0261037,0.0205596,0.0155998
4.225,0.265978,0.120859,0.0898141,0.0705087,0.0430378,0.0444213,0.0309298,0.0261058,0.0205621,0.0156017
4.23,0.265979,0.120861,0.0898168,0.0705122,0.0430403,0.0444243,0.0309326,0.0261078,0.0205645,0.0156035
4.235,0.265981,0.120864,0.0898195,0.0705156,0.0430428,0.0444272,0.0309354,0.0261099,0.0205669,0.0156053
4.24,0.265982,0.120866,0.0898222,0.070519,0.0430453,0.0444302,0.0309382,0.0261119,0.0205692,0.0156072
4.245,0.265983,0.120869,0.0898249,0.0705224,0.0430477,0.044433,0.0309409,0.0261139,0.0205716,0.015609
4.25,0.265984,0.120871,0.0898275,0.0705257,0.0430502,0.0444359,0.0309437,0.0261158,0.0205739,0.0156107
4.255,0.265986,0.120874,0.0898301,0.0705291,0.0430526,0.0444388,0.0309464,0.0261178,0.0205762,0.0156125
4.26,0.265987,0.120876,0.0898327,0.0705324,0.043055,0.0444416,0.030949,0.0261197,0.0205785,0.0156143
4.265,0.265988,0.120879,0.0898353,0.0705356,0.0430574,0.0444444,0.0309517,0.0261216,0.0205808,0.015616
4.27,0.265989,0.120881,0.0898378,0.0705389,0.0430597,0.0444472,0.0309543,0.0261235,0.0205831,0.0156177
4.275,0.265991,0.120883,0.0898404,0.0705421,0.0430621,0.0444499,0.0309569,0.0261254,0.0205853,0.0156194
4.28,0.265992,0.120886,0.0898429,0.0705453,0.0430644,0.0444526,0.0309595,0.0261273,0.0205875,0.0156211
4.285,0.265993,0.120888,0.0898454,0.0705485,0.0430667,0.0444553,0.0309621,0.0261292,0.0205897,0.0156228
4.29,0.265994,0.12089,0.0898478,0.0705516,0.043069,0.044458,0.0309647,0.026131,0.0205919,0.0156245
4.295,0.265995,0.120893,0.0898503,0.0705547,0.0430712,0.0444607,0.0309672,0.0261328,0.0205941,0.0156261
4.3,0.265997,0.120895,0.0898527,0.0705578,0.0430735,0.0444633,0.0309697,0.0261346,0.0205962,0.0156278
4.305,0.265998,0.120897,0.0898551,0.0705609,0.0430757,0.0444659,0.0309722,0.0261364,0.0205983,0.0156294
4.31,0.265999,0.120899,0.0898575,0.0705639,0.0430779,0.0444685,0.0309747,0.0261382,0.0206004,0.015631
4.315,0.266,0.120902,0.0898599,0.0705669,0.0430801,0.0444711,0.0309771,0.02614,0.0206025,0.0156326
4.32,0.266001,0.120904,0.0898622,0.0705699,0.0430823,0.0444737,0.0309795,0.0261417,0.0206046,0.0156342
4.325,0.266002,0.120906,0.0898646,0.0705729,0.0430844,0.0444762,0.0309819,0.0261435,0.0206066,0.0156358
4.33,0.266003,0.120908,0.0898669,0.0705758,0.0430866,0.0444787,0.0309843,0.0261452,0.0206087,0.0156373
4.335,0.266004,0.12091,0.0898692,0.0705787,0.0430887,0.0444812,0.0309867,0.0261469,0.0206107,0.0156389
4.34,0.266005,0.120913,0.0898714,0.0705816,0.0430908,0.0444837,0.030989,0.0261486,0.0206127,0.0156404
4.345,0.266007,0.120915,0.0898737,0.0705845,0.0430929,0.0444861,0.0309914,0.0261503,0.0206147,0.0156419
4.35,0.266008,0.120917,0.0898759,0.0705873,0.0430949,0.0444886,0.0309937,0.026152,0.0206167,0.0156434
4.355,0.266009,0.120919,0.0898781,0.0705901,0.043097,0.044491,0.030996,0.0261536,0.0206186,0.0156449
4.36,0.26601,0.120921,0.0898803,0.0705929,0.043099,0.0444934,0.0309982,0.0261553,0.0206206,0.0156464
4.365,0.266011,0.120923,0.0898825,0.0705957,0.043101,0.0444957,0.0310005,0.0261569,0.0206225,0.0156479
4.37,0.266012,0.120925,0.0898846,0.0705984,0.043103,0.0444981,0.0310027,0.0261585,0.0206244,0.0156493
4.375,0.266013,0.120927,0.0898868,0.0706011,0.043105,0.0445004,0.0310049,0.0261601,0.0206263,0.0156508
4.38,0.266014,0.120929,0.0898889,0.0706038,0.043107,0.0445027,0.0310071,0.0261617,0.0206282,0.0156522
4.385,0.266015,0.120931,0.089891,0.0706065,0.0431089,0.044505,0.0310093,0.0261633,0.02063,0.0156536
4.39,0.266016,0.120933,0.0898931,0.0706092,0.0431109,0.0445073,0.0310115,0.0261648,0.0206319,0.015655
4.395,0.266017,0.120935,0.0898952,0.0706118,0.0431128,0.0445096,0.0310136,0.0261664,0.0206337,0.0156564
4.4,0.266018,0.120937,0.0898972,0.0706144,0.0431147,0.0445118,0.0310158,0.0261679,0.0206355,0.0156578
4.405,0.266019,0.120939,0.0898992,0.070617,0.0431166,0.044514,0.0310179,0.0261695,0.0206373,0.0156592
4.41,0.26602,0.120941,0.0899012,0.0706196,0.0431184,0.0445162,0.03102,0.026171,0.0206391,0.0156606
4.415,0.266021,0.120943,0.0899032,0.0706221,0.0431203,0.0445184,0.031022,0.0261725,0.0206409,0.0156619
4.42,0.266022,0.120944,0.0899052,0.0706246,0.0431221,0.0445206,0.0310241,0.026174,0.0206426,0.0156632
4.425,0.266023,0.120946,0.0899072,0.0706271,0.0431239,0.0445227,0.0310261,0.0261754,0.0206444,0.0156646
4.43,0.266024,0.120948,0.0899091,0.0706296,0.0431258,0.0445249,0.0310282,0.0261769,0.0206461,0.0156659
4.435,0.266024,0.12095,0.0899111,0.0706321,0.0431275,0.044527,0.0310302,0.0261784,0.0206478,0.0156672
4.44,0.266025,0.120952,0.089913,0.0706345,0.0431293,0.0445291,0.0310322,0.0261798,0.0206495,0.0156685
4.445,0.266026,0.120953,0.0899149,0.0706369,0.0431311,0.0445311,0.0310341,0.0261812,0.0206512,0.0156698
4.45,0.266027,0.120955,0.0899168,0.0706393,0.0431328,0.0445332,0.0310361,0.0261826,0.0206529,0.0156711
4.455,0.266028,0.120957,0.0899186,0.0706417,0.0431346,0.0445352,0.031038,0.026184,0.0206545,0.0156723
4.46,0.266029,0.120959,0.0899205,0.0706441,0.0431363,0.0445373,0.03104,0.0261854,0.0206562,0.0156736
4.465,0.26603,0.12096,0.0899223,0.0706464,0.043138,0.0445393,0.0310419,0.0261868,0.0206578,0.0156748
4.47,0.266031,0.120962,0.0899242,0.0706487,0.0431397,0.0445413,0.0310438,0.0261882,0.0206594,0.0156761
4.475,0.266032,0.120964,0.089926,0.070651,0.0431414,0.0445432,0.0310456,0.0261896,0.020661,0.0156773
4.48,0.266032,0.120966,0.0899278,0.0706533,0.043143,0.0445452,0.0310475,0.0261909,0.0206626,0.0156785
4.485,0.266033,0.120967,0.0899295,0.0706556,0.0431447,0.0445471,0.0310493,0.0261922,0.0206642,0.0156797
4.49,0.266034,0.120969,0.0899313,0.0706578,0.0431463,0.0445491,0.0310512,0.0261936,0.0206658,0.0156809
4.495,0.266035,0.120971,0.089933,0.0706601,0.0431479,0.044551,0.031053,0.0261949,0.0206673,0.0156821
4.5,0.266036,0.120972,0.0899348,0.0706623,0.0431495,0.0445529,0.0310548,0.0261962,0.0206688,0.0156833
4.505,0.266037,0.120974,0.0899365,0.0706644,0.0431511,0.0445548,0.0310566,0.0261975,0.0206704,0.0156844
4.51,0.266037,0.120975,0.0899382,0.0706666,0.0431527,0.0445566,0.0310584,0.0261988,0.0206719,0.0156856
4.515,0.266038,0.120977,0.0899399,0.0706688,0.0431543,0.0445585,0.0310601,0.0262,0.0206734,0.0156867
4.52,0.266039,0.120979,0.0899416,0.0706709,0.0431558,0.0445603,0.0310619,0.0262013,0.0206749,0.0156879
4.525,0.26604,0.12098,0.0899432,0.070673,0.0431574,0.0445621,0.0310636,0.0262025,0.0206764,0.015689
4.53,0.266041,0.120982,0.0899449,0.0706751,0.0431589,0.0445639,0.0310653,0.0262038,0.0206778,0.0156901
4.535,0.266041,0.120983,0.0899465,0.0706772,0.0431604,0.0445657,0.031067,0.026205,0.0206793,0.0156912
4.54,0.266042,0.120985,0.0899481,0.0706792,0.0431619,0.0445675,0.0310687,0.0262062,0.0206807,0.0156923
4.545,0.266043,0.120986,0.0899497,0.0706813,0.0431634,0.0445692,0.0310704,0.0262074,0.0206821,0.0156934
4.55,0.266044,0.120988,0.0899513,0.0706833,0.0431649,0.044571,0.031072,0.0262086,0.0206836,0.0156945
4.555,0.266044,0.120989,0.0899529,0.0706853,0.0431663,0.0445727,0.0310737,0.0262098,0.020685,0.0156956
4.56,0.266045,0.120991,0.0899545,0.0706873,0.0431678,0.0445744,0.0310753,0.026211,0.0206864,0.0156966
4.565,0.266046,0.120992,0.089956,0.0706893,0.0431692,0.0445761,0.0310769,0.0262122,0.0206877,0.0156977
4.57,0.266047,0.120994,0.0899576,0.0706913,0.0431706,0.0445778,0.0310785,0.0262133,0.0206891,0.0156987
4.575,0.266047,0.120995,0.0899591,0.0706932,0.0431721,0.0445795,0.0310801,0.0262145,0.0206905,0.0156998
4.58,0.266048,0.120997,0.0899606,0.0706951,0.0431735,0.0445811,0.0310817,0.0262156,0.0206918,0.0157008
4.585,0.266049,0.120998,0.0899621,0.070697,0.0431749,0.0445828,0.0310832,0.0262168,0.0206932,0.0157018
4.59,0.26605,0.120999,0.0899636,0.0706989,0.0431762,0.0445844,0.0310848,0.0262179,0.0206945,0.0157028
4.595,0.26605,0.121001,0.0899651,0.0707008,0.0431776,0.044586,0.0310863,0.026219,0.0206958,0.0157038
4.6,0.266051,0.121002,0.0899666,0.0707027,0.043179,0.0445876,0.0310878,0.0262201,0.0206971,0.0157048
4.605,0.266052,0.121004,0.089968,0.0707045,0.0431803,0.0445892,0.0310893,0.0262212,0.0206984,0.0157058
4.61,0.266052,0.121005,0.0899695,0.0707064,0.0431816,0.0445908,0.0310908,0.0262223,0.0206997,0.0157068
4.615,0.266053,0.121006,0.0899709,0.0707082,0.043183,0.0445923,0.0310923,0.0262233,0.020701,0.0157078
4.62,0.266054,0.121008,0.0899723,0.07071,0.0431843,0.0445939,0.0310938,0.0262244,0.0207022,0.0157087
4.625,0.266054,0.121009,0.0899737,0.0707118,0.0431856,0.0445954,0.0310953,0.0262255,0.0207035,0.0157097
4.63,0.266055,0.12101,0.0899751,0.0707135,0.0431869,0.0445969,0.0310967,0.0262265,0.0207047,0.0157106
4.635,0.266056,0.121012,0.0899765,0.0707153,0.0431881,0.0445984,0.0310982,0.0262276,0.0207059,0.0157116
4.64,0.266056,0.121013,0.0899779,0.070717,0.0431894,0.0445999,0.0310996,0.0262286,0.0207072,0.0157125
4.645,0.266057,0.121014,0.0899792,0.0707188,0.0431907,0.0446014,0.031101,0.0262296,0.0207084,0.0157134
4.65,0.266058,0.121015,0.0899806,0.0707205,0.0431919,0.0446029,0.0311024,0.0262306,0.0207096,0.0157144
4.655,0.266058,0.121017,0.0899819,0.0707222,0.0431931,0.0446043,0.0311038,0.0262316,0.0207107,0.0157153
4.66,0.266059,0.121018,0.0899832,0.0707239,0.0431944,0.0446058,0.0311052,0.0262326,0.0207119,0.0157162
4.665,0.26606,0.121019,0.0899846,0.0707255,0.0431956,0.0446072,0.0311065,0.0262336,0.0207131,0.0157171
4.67,0.26606,0.12102,0.0899859,0.0707272,0.0431968,0.0446087,0.0311079,0.0262346,0.0207143,0.0157179
4.675,0.266061,0.121022,0.0899872,0.0707288,0.043198,0.0446101,0.0311092,0.0262356,0.0207154,0.0157188
4.68,0.266061,0.121023,0.0899884,0.0707305,0.0431992,0.0446115,0.0311105,0.0262365,0.0207165,0.0157197
4.685,0.266062,0.121024,0.0899897,0.0707321,0.0432003,0.0446128,0.0311119,0.0262375,0.0207177,0.0157206
4.69,0.266063,0.121025,0.089991,0.0707337,0.0432015,0.0446142,0.0311132,0.0262384,0.0207188,0.0157214
4.695,0.266063,0.121026,0.0899922,0.0707353,0.0432027,0.0446156,0.0311145,0.0262394,0.0207199,0.0157223
4.7,0.266064,0.121028,0.0899935,0.0707369,0.0432038,0.0446169,0.0311158,0.0262403,0.020721,0.0157231
4.705,0.266064,0.121029,0.0899947,0.0707384,0.043205,0.0446183,0.031117,0.0262412,0.0207221,0.0157239
4.71,0.266065,0.12103,0.0899959,0.07074,0.0432061,0.0446196,0.0311183,0.0262421,0.0207232,0.0157248
4.715,0.266066,0.121031,0.0899971,0.0707415,0.0432072,0.0446209,0.0311196,0.026243,0.0207243,0.0157256
4.72,0.266066,0.121032,0.0899983,0.0707431,0.0432083,0.0446222,0.0311208,0.0262439,0.0207253,0.0157264
4.725,0.266067,0.121033,0.0899995,0.0707446,0.0432094,0.0446235,0.031122,0.0262448,0.0207264,0.0157272
4.73,0.266067,0.121034,0.0900007,0.0707461,0.0432105,0.0446248,0.0311233,0.0262457,0.0207274,0.015728
4.735,0.266068,0.121035,0.0900019,0.0707476,0.0432116,0.0446261,0.0311245,0.0262466,0.0207285,0.0157288
4.74,0.266068,0.121037,0.0900031,0.070749,0.0432127,0.0446274,0.0311257,0.0262475,0.0207295,0.0157296
4.745,0.266069,0.121038,0.0900042,0.0707505,0.0432137,0.0446286,0.0311269,0.0262483,0.0207305,0.0157304
4.75,0.26607,0.121039,0.0900053,0.070752,0.0432148,0.0446299,0.0311281,0.0262492,0.0207315,0.0157312
4.755,0.26607,0.12104,0.0900065,0.0707534,0.0432158,0.0446311,0.0311292,0.02625,0.0207325,0.0157319
4.76,0.266071,0.121041,0.0900076,0.0707548,0.0432169,0.0446323,0.0311304,0.0262509,0.0207335,0.0157327
4.765,0.266071,0.121042,0.0900087,0.0707562,0.0432179,0.0446335,0.0311315,0.0262517,0.0207345,0.0157334
4.77,0.266072,0.121043,0.0900098,0.0707576,0.0432189,0.0446347,0.0311327,0.0262525,0.0207355,0.0157342
4.775,0.266072,0.121044,0.0900109,0.070759,0.0432199,0.0446359,0.0311338,0.0262534,0.0207365,0.0157349
4.78,0.266073,0.121045,0.090012,0.0707604,0.0432209,0.0446371,0.031135,0.0262542,0.0207374,0.0157357
4.785,0.266073,0.121046,0.0900131,0.0707618,0.0432219,0.0446383,0.0311361,0.026255,0.0207384,0.0157364
4.79,0.266074,0.121047,0.0900142,0.0707631,0.0432229,0.0446395,0.0311372,0.0262558,0.0207393,0.0157371
4.795,0.266074,0.121048,0.0900152,0.0707645,0.0432239,0.0446406,0.0311383,0.0262566,0.0207403,0.0157378
4.8,0.266075,0.121049,0.0900163,0.0707658,0.0432249,0.0446418,0.0311394,0.0262574,0.0207412,0.0157385
4.805,0.266075,0.12105,0.0900173,0.0707672,0.0432258,0.0446429,0.0311404,0.0262581,0.0207421,0.0157393
4.81,0.266076,0.121051,0.0900183,0.0707685,0.0432268,0.044644,0.0311415,0.0262589,0.0207431,0.01574
4.815,0.266076,0.121052,0.0900194,0.0707698,0.0432277,0.0446451,0.0311426,0.0262597,0.020744,0.0157406
4.82,0.266077,0.121053,0.0900204,0.0707711,0.0432287,0.0446462,0.0311436,0.0262605,0.0207449,0.0157413
4.825,0.266077,0.121054,0.0900214,0.0707723,0.0432296,0.0446473,0.0311447,0.0262612,0.0207458,0.015742
4.83,0.266078,0.121055,0.0900224,0.0707736,0.0432305,0.0446484,0.0311457,0.026262,0.0207466,0.0157427
4.835,0.266078,0.121056,0.0900234,0.0707749,0.0432314,0.0446495,0.0311467,0.0262627,0.0207475,0.0157434
4.84,0.266079,0.121057,0.0900244,0.0707761,0.0432323,0.0446506,0.0311477,0.0262634,0.0207484,0.015744
4.845,0.266079,0.121058,0.0900253,0.0707774,0.0432332,0.0446516,0.0311488,0.0262642,0.0207492,0.0157447
4.85,0.26608,0.121058,0.0900263,0.0707786,0.0432341,0.0446527,0.0311498,0.0262649,0.0207501,0.0157453
4.855,0.26608,0.121059,0.0900273,0.0707798,0.043235,0.0446537,0.0311508,0.0262656,0.020751,0.015746
4.86,0.26608,0.12106,0.0900282,0.070781,0.0432359,0.0446548,0.0311517,0.0262663,0.0207518,0.0157466
4.865,0.266081,0.121061,0.0900292,0.0707822,0.0432368,0.0446558,0.0311527,0.026267,0.0207526,0.0157473
4.87,0.266081,0.121062,0.0900301,0.0707834,0.0432376,0.0446568,0.0311537,0.0262677,0.0207535,0.0157479
4.875,0.266082,0.121063,0.090031,0.0707846,0.0432385,0.0446578,0.0311546,0.0262684,0.0207543,0.0157485
4.88,0.266082,0.121064,0.0900319,0.0707858,0.0432394,0.0446588,0.0311556,0.0262691,0.0207551,0.0157492
4.885,0.266083,0.121065,0.0900328,0.0707869,0.0432402,0.0446598,0.0311565,0.0262698,0.0207559,0.0157498
4.89,0.266083,0.121065,0.0900338,0.0707881,0.043241,0.0446608,0.0311575,0.0262705,0.0207567,0.0157504
4.895,0.266084,0.121066,0.0900346,0.0707892,0.0432419,0.0446618,0.0311584,0.0262711,0.0207575,0.015751
4.9,0.266084,0.121067,0.0900355,0.0707903,0.0432427,0.0446628,0.0311593,0.0262718,0.0207583,0.0157516
4.905,0.266084,0.121068,0.0900364,0.0707915,0.0432435,0.0446637,0.0311602,0.0262725,0.0207591,0.0157522
4.91,0.266085,0.121069,0.0900373,0.0707926,0.0432443,0.0446647,0.0311611,0.0262731,0.0207598,0.0157528
4.915,0.266085,0.12107,0.0900382,0.0707937,0.0432451,0.0446656,0.031162,0.0262738,0.0207606,0.0157534
4.92,0.266086,0.12107,0.090039,0.0707948,0.0432459,0.0446666,0.0311629,0.0262744,0.0207614,0.0157539
4.925,0.266086,0.121071,0.0900399,0.0707958,0.0432467,0.0446675,0.0311638,0.0262751,0.0207621,0.0157545
4.93,0.266086,0.121072,0.0900407,0.0707969,0.0432475,0.0446684,0.0311647,0.0262757,0.0207629,0.0157551
4.935,0.266087,0.121073,0.0900415,0.070798,0.0432483,0.0446693,0.0311656,0.0262763,0.0207636,0.0157557
4.94,0.266087,0.121074,0.0900424,0.070799,0.043249,0.0446702,0.0311664,0.0262769,0.0207643,0.0157562
4.945,0.266088,0.121074,0.0900432,0.0708001,0.0432498,0.0446711,0.0311673,0.0262776,0.0207651,0.0157568
4.95,0.266088,0.121075,0.090044,0.0708011,0.0432505,0.044672,0.0311681,0.0262782,0.0207658,0.0157573
4.955,0.266088,0.121076,0.0900448,0.0708022,0.0432513,0.0446729,0.031169,0.0262788,0.0207665,0.0157579
4.96,0.266089,0.121077,0.0900456,0.0708032,0.043252,0.0446738,0.0311698,0.0262794,0.0207672,0.0157584
4.965,0.266089,0.121077,0.0900464,0.0708042,0.0432528,0.0446746,0.0311706,0.02628,0.0207679,0.015759
4.97,0.26609,0.121078,0.0900472,0.0708052,0.0432535,0.0446755,0.0311715,0.0262806,0.0207686,0.0157595
4.975,0.26609,0.121079,0.090048,0.0708062,0.0432542,0.0446764,0.0311723,0.0262812,0.0207693,0.01576
4.98,0.26609,0.12108,0.0900488,0.0708072,0.043255,0.0446772,0.0311731,0.0262817,0.02077,0.0157606
4.985,0.266091,0.12108,0.0900495,0.0708082,0.0432557,0.0446781,0.0311739,0.0262823,0.0207707,0.0157611
4.99,0.266091,0.121081,0.0900503,0.0708091,0.0432564,0.0446789,0.0311747,0.0262829,0.0207714,0.0157616
4.995,0.266091,0.121082,0.0900511,0.0708101,0.0432571,0.0446797,0.0311755,0.0262835,0.0207721,0.0157621
5,0.266092,0.121082,0.0900518,0.0708111,0.0432578,0.0446805,0.0311762,0.026284,0.0207727,0.0157626
5.005,0.266092,0.121083,0.0900526,0.070812,0.0432585,0.0446813,0.031177,0.0262846,0.0207734,0.0157631
5.01,0.266092,0.121084,0.0900533,0.0708129,0.0432591,0.0446822,0.0311778,0.0262851,0.020774,0.0157636
5.015,0.266093,0.121085,0.090054,0.0708139,0.0432598,0.044683,0.0311785,0.0262857,0.0207747,0.0157641
5.02,0.266093,0.121085,0.0900548,0.0708148,0.0432605,0.0446837,0.0311793,0.0262862,0.0207753,0.0157646
5.025,0.266094,0.121086,0.0900555,0.0708157,0.0432612,0.0446845,0.03118,0.0262868,0.020776,0.0157651
5.03,0.266094,0.121087,0.0900562,0.0708166,0.0432618,0.0446853,0.0311808,0.0262873,0.0207766,0.0157656
5.035,0.266094,0.121087,0.0900569,0.0708175,0.0432625,0.0446861,0.0311815,0.0262879,0.0207772,0.0157661
5.04,0.266095,0.121088,0.0900576,0.0708184,0.0432631,0.0446869,0.0311822,0.0262884,0.0207779,0.0157665
5.045,0.266095,0.121089,0.0900583,0.0708193,0.0432638,0.0446876,0.031183,0.0262889,0.0207785,0.015767
5.05,0.266095,0.121089,0.090059,0.0708202,0.0432644,0.0446884,0.0311837,0.0262894,0.0207791,0.0157675
5.055,0.266096,0.12109,0.0900597,0.0708211,0.0432651,0.0446891,0.0311844,0.0262899,0.0207797,0.0157679
5.06,0.266096,0.121091,0.0900604,0.0708219,0.0432657,0.0446899,0.0311851,0.0262904,0.0207803,0.0157684
5.065,0.266096,0.121091,0.090061,0.0708228,0.0432663,0.0446906,0.0311858,0.026291,0.0207809,0.0157689
5.07,0.266096,0.121092,0.0900617,0.0708236,0.0432669,0.0446913,0.0311865,0.0262915,0.0207815,0.0157693
5.075,0.266097,0.121092,0.0900624,0.0708245,0.0432675,0.044692,0.0311872,0.026292,0.0207821,0.0157698
5.08,0.266097,0.121093,0.090063,0.0708253,0.0432681,0.0446928,0.0311879,0.0262924,0.0207827,0.0157702
5.085,0.266097,0.121094,0.0900637,0.0708261,0.0432687,0.0446935,0.0311885,0.0262929,0.0207833,0.0157707
5.09,0.266098,0.121094,0.0900643,0.0708269,0.0432693,0.0446942,0.0311892,0.0262934,0.0207838,0.0157711
5.095,0.266098,0.121095,0.090065,0.0708278,0.0432699,0.0446949,0.0311899,0.0262939,0.0207844,0.0157715
5.1,0.266098,0.121095,0.0900656,0.0708286,0.0432705,0.0446956,0.0311905,0.0262944,0.020785,0.015772
5.105,0.266099,0.121096,0.0900662,0.0708294,0.0432711,0.0446963,0.0311912,0.0262949,0.0207855,0.0157724
5.11,0.266099,0.121097,0.0900668,0.0708302,0.0432717,0.0446969,0.0311918,0.0262953,0.0207861,0.0157728
5.115,0.266099,0.121097,0.0900675,0.070831,0.0432723,0.0446976,0.0311925,0.0262958,0.0207866,0.0157732
5.12,0.2661,0.121098,0.0900681,0.0708317,0.0432728,0.0446983,0.0311931,0.0262963,0.0207872,0.0157736
5.125,0.2661,0.121098,0.0900687,0.0708325,0.0432734,0.044699,0.0311938,0.0262967,0.0207877,0.0157741
5.13,0.2661,0.121099,0.0900693,0.0708333,0.043274,0.0446996,0.0311944,0.0262972,0.0207882,0.0157745
5.135,0.2661,0.121099,0.0900699,0.070834,0.0432745,0.0447003,0.031195,0.0262976,0.0207888,0.0157749
5.14,0.266101,0.1211,0.0900705,0.0708348,0.0432751,0.0447009,0.0311956,0.0262981,0.0207893,0.0157753
5.145,0.266101,0.121101,0.0900711,0.0708355,0.0432756,0.0447016,0.0311962,0.0262985,0.0207898,0.0157757
5.15,0.266101,0.121101,0.0900717,0.0708363,0.0432761,0.0447022,0.0311968,0.0262989,0.0207904,0.0157761
5.155,0.266102,0.121102,0.0900722,0.070837,0.0432767,0.0447028,0.0311974,0.0262994,0.0207909,0.0157765
5.16,0.266102,0.121102,0.0900728,0.0708378,0.0432772,0.0447035,0.031198,0.0262998,0.0207914,0.0157769
5.165,0.266102,0.121103,0.0900734,0.0708385,0.0432777,0.0447041,0.0311986,0.0263002,0.0207919,0.0157772
5.17,0.266102,0.121103,0.0900739,0.0708392,0.0432783,0.0447047,0.0311992,0.0263007,0.0207924,0.0157776
5.175,0.266103,0.121104,0.0900745,0.0708399,0.0432788,0.0447053,0.0311998,0.0263011,0.0207929,0.015778
5.18,0.266103,0.121104,0.0900751,0.0708406,0.0432793,0.0447059,0.0312004,0.0263015,0.0207934,0.0157784
5.185,0.266103,0.121105,0.0900756,0.0708413,0.0432798,0.0447065,0.0312009,0.0263019,0.0207939,0.0157788
5.19,0.266103,0.121105,0.0900762,0.070842,0.0432803,0.0447071,0.0312015,0.0263023,0.0207944,0.0157791
5.195,0.266104,0.121106,0.0900767,0.0708427,0.0432808,0.0447077,0.0312021,0.0263027,0.0207948,0.0157795
5.2,0.266104,0.121106,0.0900772,0.0708434,0.0432813,0.0447083,0.0312026,0.0263031,0.0207953,0.0157799
5.205,0.266104,0.121107,0.0900778,0.0708441,0.0432818,0.0447089,0.0312032,0.0263035,0.0207958,0.0157802
5.21,0.266104,0.121107,0.0900783,0.0708447,0.0432823,0.0447095,0.0312037,0.0263039,0.0207963,0.0157806
5.215,0.266105,0.121108,0.0900788,0.0708454,0.0432828,0.04471,0.0312043,0.0263043,0.0207967,0.0157809
5.22,0.266105,0.121108,0.0900793,0.0708461,0.0432833,0.0447106,0.0312048,0.0263047,0.0207972,0.0157813
5.225,0.266105,0.121109,0.0900799,0.0708467,0.0432837,0.0447112,0.0312054,0.0263051,0.0207976,0.0157816
5.23,0.266105,0.121109,0.0900804,0.0708474,0.0432842,0.0447117,0.0312059,0.0263055,0.0207981,0.015782
5.235,0.266106,0.12111,0.0900809,0.070848,0.0432847,0.0447123,0.0312064,0.0263059,0.0207985,0.0157823
5.24,0.266106,0.12111,0.0900814,0.0708487,0.0432851,0.0447128,0.0312069,0.0263062,0.020799,0.0157827
5.245,0.266106,0.121111,0.0900819,0.0708493,0.0432856,0.0447134,0.0312075,0.0263066,0.0207994,0.015783
5.25,0.266106,0.121111,0.0900824,0.0708499,0.0432861,0.0447139,0.031208,0.026307,0.0207999,0.0157833
5.255,0.266107,0.121112,0.0900829,0.0708505,0.0432865,0.0447144,0.0312085,0.0263074,0.0208003,0.0157837
5.26,0.266107,0.121112,0.0900834,0.0708512,0.043287,0.044715,0.031209,0.0263077,0.0208007,0.015784
5.265,0.266107,0.121113,0.0900838,0.0708518,0.0432874,0.0447155,0.0312095,0.0263081,0.0208012,0.0157843
5.27,0.266107,0.121113,0.0900843,0.0708524,0.0432878,0.044716,0.03121,0.0263084,0.0208016,0.0157847
5.275,0.266108,0.121114,0.0900848,0.070853,0.0432883,0.0447165,0.0312105,0.0263088,0.020802,0.015785
5.28,0.266108,0.121114,0.0900853,0.0708536,0.0432887,0.044717,0.031211,0.0263092,0.0208024,0.0157853
5.285,0.266108,0.121114,0.0900857,0.0708542,0.0432892,0.0447175,0.0312114,0.0263095,0.0208028,0.0157856
5.29,0.266108,0.121115,0.0900862,0.0708548,0.0432896,0.0447181,0.0312119,0.0263099,0.0208033,0.0157859
5.295,0.266108,0.121115,0.0900866,0.0708553,0.04329,0.0447186,0.0312124,0.0263102,0.0208037,0.0157862
5.3,0.266109,0.121116,0.0900871,0.0708559,0.0432904,0.044719,0.0312129,0.0263105,0.0208041,0.0157865
5.305,0.266109,0.121116,0.0900876,0.0708565,0.0432908,0.0447195,0.0312133,0.0263109,0.0208045,0.0157869
5.31,0.266109,0.121117,0.090088,0.0708571,0.0432913,0.04472,0.0312138,0.0263112,0.0208049,0.0157872
5.315,0.266109,0.121117,0.0900884,0.0708576,0.0432917,0.0447205,0.0312143,0.0263115,0.0208053,0.0157875
5.32,0.26611,0.121117,0.0900889,0.0708582,0.0432921,0.044721,0.0312147,0.0263119,0.0208056,0.0157878
5.325,0.26611,0.121118,0.0900893,0.0708587,0.0432925,0.0447215,0.0312152,0.0263122,0.020806,0.015788
5.33,0.26611,0.121118,0.0900898,0.0708593,0.0432929,0.0447219,0.0312156,0.0263125,0.0208064,0.0157883
5.335,0.26611,0.121119,0.0900902,0.0708598,0.0432933,0.0447224,0.0312161,0.0263128,0.0208068,0.0157886
5.34,0.26611,0.121119,0.0900906,0.0708604,0.0432937,0.0447229,0.0312165,0.0263132,0.0208072,0.0157889
5.345,0.266111,0.121119,0.090091,0.0708609,0.0432941,0.0447233,0.0312169,0.0263135,0.0208075,0.0157892
5.35,0.266111,0.12112,0.0900914,0.0708614,0.0432944,0.0447238,0.0312174,0.0263138,0.0208079,0.0157895
5.355,0.266111,0.12112,0.0900919,0.070862,0.0432948,0.0447242,0.0312178,0.0263141,0.0208083,0.0157898
5.36,0.266111,0.121121,0.0900923,0.0708625,0.0432952,0.0447247,0.0312182,0.0263144,0.0208087,0.01579
5.365,0.266111,0.121121,0.0900927,0.070863,0.0432956,0.0447251,0.0312187,0.0263147,0.020809,0.0157903
5.37,0.266112,0.121121,0.0900931,0.0708635,0.043296,0.0447256,0.0312191,0.026315,0.0208094,0.0157906
5.375,0.266112,0.121122,0.0900935,0.070864,0.0432963,0.044726,0.0312195,0.0263153,0.0208097,0.0157909
5.38,0.266112,0.121122,0.0900939,0.0708645,0.0432967,0.0447264,0.0312199,0.0263156,0.0208101,0.0157911
5.385,0.266112,0.121122,0.0900943,0.070865,0.0432971,0.0447269,0.0312203,0.0263159,0.0208104,0.0157914
5.39,0.266112,0.121123,0.0900947,0.0708655,0.0432974,0.0447273,0.0312207,0.0263162,0.0208108,0.0157917
5.395,0.266112,0.121123,0.0900951,0.070866,0.0432978,0.0447277,0.0312211,0.0263165,0.0208111,0.0157919
5.4,0.266113,0.121124,0.0900954,0.0708665,0.0432981,0.0447281,0.0312215,0.0263168,0.0208115,0.0157922
5.405,0.266113,0.121124,0.0900958,0.070867,0.0432985,0.0447286,0.0312219,0.0263171,0.0208118,0.0157925
5.41,0.266113,0.121124,0.0900962,0.0708675,0.0432988,0.044729,0.0312223,0.0263174,0.0208121,0.0157927
5.415,0.266113,0.121125,0.0900966,0.070868,0.0432992,0.0447294,0.0312227,0.0263176,0.0208125,0.015793
5.42,0.266113,0.121125,0.090097,0.0708684,0.0432995,0.0447298,0.0312231,0.0263179,0.0208128,0.0157932
5.425,0.266114,0.121125,0.0900973,0.0708689,0.0432999,0.0447302,0.0312235,0.0263182,0.0208131,0.0157935
5.43,0.266114,0.121126,0.0900977,0.0708694,0.0433002,0.0447306,0.0312238,0.0263185,0.0208135,0.0157937
5.435,0.266114,0.121126,0.090098,0.0708698,0.0433005,0.044731,0.0312242,0.0263187,0.0208138,0.015794
5.44,0.266114,0.121126,0.0900984,0.0708703,0.0433009,0.0447314,0.0312246,0.026319,0.0208141,0.0157942
5.445,0.266114,0.121127,0.0900988,0.0708707,0.0433012,0.0447318,0.031225,0.0263193,0.0208144,0.0157944
5.45,0.266114,0.121127,0.0900991,0.0708712,0.0433015,0.0447322,0.0312253,0.0263195,0.0208147,0.0157947
5.455,0.266115,0.121127,0.0900995,0.0708716,0.0433019,0.0447325,0.0312257,0.0263198,0.020815,0.0157949
5.46,0.266115,0.121128,0.0900998,0.0708721,0.0433022,0.0447329,0.0312261,0.0263201,0.0208153,0.0157952
5.465,0.266115,0.121128,0.0901002,0.0708725,0.0433025,0.0447333,0.0312264,0.0263203,0.0208157,0.0157954
5.47,0.266115,0.121128,0.0901005,0.070873,0.0433028,0.0447337,0.0312268,0.0263206,0.020816,0.0157956
5.475,0.266115,0.121129,0.0901008,0.0708734,0.0433031,0.044734,0.0312271,0.0263208,0.0208163,0.0157959
5.48,0.266115,0.121129,0.0901012,0.0708738,0.0433034,0.0447344,0.0312275,0.0263211,0.0208166,0.0157961
5.485,0.266116,0.121129,0.0901015,0.0708742,0.0433038,0.0447348,0.0312278,0.0263213,0.0208168,0.0157963
5.49,0.266116,0.12113,0.0901018,0.0708747,0.0433041,0.0447351,0.0312282,0.0263216,0.0208171,0.0157965
5.495,0.266116,0.12113,0.0901022,0.0708751,0.0433044,0.0447355,0.0312285,0.0263218,0.0208174,0.0157968
5.5,0.266116,0.12113,0.0901025,0.0708755,0.0433047,0.0447358,0.0312288,0.0263221,0.0208177,0.015797
5.505,0.266116,0.12113,0.0901028,0.0708759,0.043305,0.0447362,0.0312292,0.0263223,0.020818,0.0157972
5.51,0.266116,0.121131,0.0901031,0.0708763,0.0433053,0.0447365,0.0312295,0.0263226,0.0208183,0.0157974
5.515,0.266116,0.121131,0.0901035,0.0708767,0.0433056,0.0447369,0.0312298,0.0263228,0.0208186,0.0157976
5.52,0.266117,0.121131,0.0901038,0.0708771,0.0433058,0.0447372,0.0312302,0.026323,0.0208189,0.0157978
5.525,0.266117,0.121132,0.0901041,0.0708775,0.0433061,0.0447376,0.0312305,0.0263233,0.0208191,0.015798
5.53,0.266117,0.121132,0.0901044,0.0708779,0.0433064,0.0447379,0.0312308,0.0263235,0.0208194,0.0157983
5.535,0.266117,0.121132,0.0901047,0.0708783,0.0433067,0.0447382,0.0312311,0.0263237,0.0208197,0.0157985
5.54,0.266117,0.121133,0.090105,0.0708787,0.043307,0.0447386,0.0312314,0.026324,0.0208199,0.0157987
5.545,0.266117,0.121133,0.0901053,0.0708791,0.0433073,0.0447389,0.0312318,0.0263242,0.0208202,0.0157989
5.55,0.266117,0.121133,0.0901056,0.0708794,0.0433075,0.0447392,0.0312321,0.0263244,0.0208205,0.0157991
5.555,0.266118,0.121133,0.0901059,0.0708798,0.0433078,0.0447396,0.0312324,0.0263246,0.0208207,0.0157993
5.56,0.266118,0.121134,0.0901062,0.0708802,0.0433081,0.0447399,0.0312327,0.0263249,0.020821,0.0157995
5.565,0.266118,0.121134,0.0901065,0.0708806,0.0433084,0.0447402,0.031233,0.0263251,0.0208213,0.0157997
5.57,0.266118,0.121134,0.0901068,0.0708809,0.0433086,0.0447405,0.0312333,0.0263253,0.0208215,0.0157999
5.575,0.266118,0.121134,0.0901071,0.0708813,0.0433089,0.0447408,0.0312336,0.0263255,0.0208218,0.0158001
5.58,0.266118,0.121135,0.0901073,0.0708817,0.0433092,0.0447411,0.0312339,0.0263257,0.020822,0.0158003
5.585,0.266118,0.121135,0.0901076,0.070882,0.0433094,0.0447414,0.0312342,0.0263259,0.0208223,0.0158005
5.59,0.266119,0.121135,0.0901079,0.0708824,0.0433097,0.0447417,0.0312345,0.0263262,0.0208225,0.0158006
5.595,0.266119,0.121136,0.0901082,0.0708827,0.0433099,0.0447421,0.0312347,0.0263264,0.0208228,0.0158008
5.6,0.266119,0.121136,0.0901085,0.0708831,0.0433102,0.0447424,0.031235,0.0263266,0.020823,0.015801
5.605,0.266119,0.121136,0.0901087,0.0708834,0.0433104,0.0447427,0.0312353,0.0263268,0.0208233,0.0158012
5.61,0.266119,0.121136,0.090109,0.0708838,0.0433107,0.0447429,0.0312356,0.026327,0.0208235,0.0158014
5.615,0.266119,0.121137,0.0901093,0.0708841,0.0433109,0.0447432,0.0312359,0.0263272,0.0208237,0.0158016
5.62,0.266119,0.121137,0.0901095,0.0708845,0.0433112,0.0447435,0.0312361,0.0263274,0.020824,0.0158017
5.625,0.26612,0.121137,0.0901098,0.0708848,0.0433114,0.0447438,0.0312364,0.0263276,0.0208242,0.0158019
5.63,0.26612,0.121137,0.0901101,0.0708851,0.0433117,0.0447441,0.0312367,0.0263278,0.0208244,0.0158021
5.635,0.26612,0.121138,0.0901103,0.0708855,0.0433119,0.0447444,0.031237,0.026328,0.0208247,0.0158023
5.64,0.26612,0.121138,0.0901106,0.0708858,0.0433122,0.0447447,0.0312372,0.0263282,0.0208249,0.0158025
5.645,0.26612,0.121138,0.0901108,0.0708861,0.0433124,0.0447449,0.0312375,0.0263284,0.0208251,0.0158026
5.65,0.26612,0.121138,0.0901111,0.0708864,0.0433126,0.0447452,0.0312378,0.0263285,0.0208254,0.0158028
5.655,0.26612,0.121139,0.0901113,0.0708867,0.0433129,0.0447455,0.031238,0.0263287,0.0208256,0.015803
5.66,0.26612,0.121139,0.0901116,0.0708871,0.0433131,0.0447458,0.0312383,0.0263289,0.0208258,0.0158031
5.665,0.26612,0.121139,0.0901118,0.0708874,0.0433133,0.044746,0.0312385,0.0263291,0.020826,0.0158033
5.67,0.266121,0.121139,0.0901121,0.0708877,0.0433135,0.0447463,0.0312388,0.0263293,0.0208262,0.0158035
5.675,0.266121,0.121139,0.0901123,0.070888,0.0433138,0.0447466,0.031239,0.0263295,0.0208264,0.0158036
5.68,0.266121,0.12114,0.0901126,0.0708883,0.043314,0.0447468,0.0312393,0.0263296,0.0208267,0.0158038
5.685,0.266121,0.12114,0.0901128,0.0708886,0.0433142,0.0447471,0.0312395,0.0263298,0.0208269,0.015804
5.69,0.266121,0.12114,0.090113,0.0708889,0.0433144,0.0447474,0.0312398,0.02633,0.0208271,0.0158041
5.695,0.266121,0.12114,0.0901133,0.0708892,0.0433146,0.0447476,0.03124,0.0263302,0.0208273,0.0158043
5.7,0.266121,0.121141,0.0901135,0.0708895,0.0433149,0.0447479,0.0312403,0.0263304,0.0208275,0.0158044
5.705,0.266121,0.121141,0.0901137,0.0708898,0.0433151,0.0447481,0.0312405,0.0263305,0.0208277,0.0158046
5.71,0.266121,0.121141,0.090114,0.0708901,0.0433153,0.0447484,0.0312407,0.0263307,0.0208279,0.0158048
5.715,0.266122,0.121141,0.0901142,0.0708904,0.0433155,0.0447486,0.031241,0.0263309,0.0208281,0.0158049
5.72,0.266122,0.121141,0.0901144,0.0708907,0.0433157,0.0447489,0.0312412,0.026331,0.0208283,0.0158051
5.725,0.266122,0.121142,0.0901146,0.0708909,0.0433159,0.0447491,0.0312414,0.0263312,0.0208285,0.0158052
5.73,0.266122,0.121142,0.0901149,0.0708912,0.0433161,0.0447493,0.0312417,0.0263314,0.0208287,0.0158054
5.735,0.266122,0.121142,0.0901151,0.0708915,0.0433163,0.0447496,0.0312419,0.0263315,0.0208289,0.0158055
5.74,0.266122,0.121142,0.0901153,0.0708918,0.0433165,0.0447498,0.0312421,0.0263317,0.0208291,0.0158057
5.745,0.266122,0.121142,0.0901155,0.0708921,0.0433167,0.0447501,0.0312424,0.0263319,0.0208293,0.0158058
5.75,0.266122,0.121143,0.0901157,0.0708923,0.0433169,0.0447503,0.0312426,0.026332,0.0208295,0.0158059
5.755,0.266122,0.121143,0.0901159,0.0708926,0.0433171,0.0447505,0.0312428,0.0263322,0.0208297,0.0158061
5.76,0.266123,0.121143,0.0901162,0.0708929,0.0433173,0.0447507,0.031243,0.0263323,0.0208298,0.0158062
5.765,0.266123,0.121143,0.0901164,0.0708931,0.0433175,0.044751,0.0312432,0.0263325,0.02083,0.0158064
5.77,0.266123,0.121143,0.0901166,0.0708934,0.0433177,0.0447512,0.0312434,0.0263327,0.0208302,0.0158065
5.775,0.266123,0.121144,0.0901168,0.0708937,0.0433179,0.0447514,0.0312437,0.0263328,0.0208304,0.0158067
5.78,0.266123,0.121144,0.090117,0.0708939,0.0433181,0.0447516,0.0312439,0.026333,0.0208306,0.0158068
5.785,0.266123,0.121144,0.0901172,0.0708942,0.0433183,0.0447519,0.0312441,0.0263331,0.0208308,0.0158069
5.79,0.266123,0.121144,0.0901174,0.0708944,0.0433184,0.0447521,0.0312443,0.0263333,0.0208309,0.0158071
5.795,0.266123,0.121144,0.0901176,0.0708947,0.0433186,0.0447523,0.0312445,0.0263334,0.0208311,0.0158072
5.8,0.266123,0.121145,0.0901178,0.0708949,0.0433188,0.0447525,0.0312447,0.0263336,0.0208313,0.0158073
5.805,0.266123,0.121145,0.090118,0.0708952,0.043319,0.0447527,0.0312449,0.0263337,0.0208315,0.0158075
5.81,0.266124,0.121145,0.0901182,0.0708954,0.0433192,0.0447529,0.0312451,0.0263339,0.0208316,0.0158076
5.815,0.266124,0.121145,0.0901184,0.0708957,0.0433193,0.0447532,0.0312453,0.026334,0.0208318,0.0158077
5.82,0.266124,0.121145,0.0901185,0.0708959,0.0433195,0.0447534,0.0312455,0.0263341,0.020832,0.0158079
5.825,0.266124,0.121145,0.0901187,0.0708961,0.0433197,0.0447536,0.0312457,0.0263343,0.0208321,0.015808
5.83,0.266124,0.121146,0.0901189,0.0708964,0.0433199,0.0447538,0.0312459,0.0263344,0.0208323,0.0158081
5.835,0.266124,0.121146,0.0901191,0.0708966,0.04332,0.044754,0.0312461,0.0263346,0.0208325,0.0158082
5.84,0.266124,0.121146,0.0901193,0.0708969,0.0433202,0.0447542,0.0312463,0.0263347,0.0208326,0.0158084
5.845,0.266124,0.121146,0.0901195,0.0708971,0.0433204,0.0447544,0.0312465,0.0263348,0.0208328,0.0158085
5.85,0.266124,0.121146,0.0901197,0.0708973,0.0433205,0.0447546,0.0312466,0.026335,0.020833,0.0158086
5.855,0.266124,0.121147,0.0901198,0.0708975,0.0433207,0.0447548,0.0312468,0.0263351,0.0208331,0.0158087
5.86,0.266124,0.121147,0.09012,0.0708978,0.0433209,0.044755,0.031247,0.0263352,0.0208333,0.0158089
5.865,0.266124,0.121147,0.0901202,0.070898,0.043321,0.0447552,0.0312472,0.0263354,0.0208334,0.015809
5.87,0.266125,0.121147,0.0901204,0.0708982,0.0433212,0.0447553,0.0312474,0.0263355,0.0208336,0.0158091
5.875,0.266125,0.121147,0.0901205,0.0708984,0.0433214,0.0447555,0.0312476,0.0263356,0.0208337,0.0158092
5.88,0.266125,0.121147,0.0901207,0.0708987,0.0433215,0.0447557,0.0312477,0.0263358,0.0208339,0.0158093
5.885,0.266125,0.121147,0.0901209,0.0708989,0.0433217,0.0447559,0.0312479,0.0263359,0.020834,0.0158094
5.89,0.266125,0.121148,0.090121,0.0708991,0.0433218,0.0447561,0.0312481,0.026336,0.0208342,0.0158096
5.895,0.266125,0.121148,0.0901212,0.0708993,0.043322,0.0447563,0.0312483,0.0263361,0.0208343,0.0158097
5.9,0.266125,0.121148,0.0901214,0.0708995,0.0433221,0.0447565,0.0312484,0.0263363,0.0208345,0.0158098
5.905,0.266125,0.121148,0.0901215,0.0708997,0.0433223,0.0447566,0.0312486,0.0263364,0.0208346,0.0158099
5.91,0.266125,0.121148,0.0901217,0.0708999,0.0433225,0.0447568,0.0312488,0.0263365,0.0208348,0.01581
5.915,0.266125,0.121148,0.0901219,0.0709001,0.0433226,0.044757,0.031249,0.0263366,0.0208349,0.0158101
5.92,0.266125,0.121149,0.090122,0.0709003,0.0433228,0.0447572,0.0312491,0.0263368,0.0208351,0.0158102
5.925,0.266125,0.121149,0.0901222,0.0709005,0.0433229,0.0447573,0.0312493,0.0263369,0.0208352,0.0158103
5.93,0.266126,0.121149,0.0901224,0.0709008,0.043323,0.0447575,0.0312495,0.026337,0.0208354,0.0158104
5.935,0.266126,0.121149,0.0901225,0.0709009,0.0433232,0.0447577,0.0312496,0.0263371,0.0208355,0.0158105
5.94,0.266126,0.121149,0.0901227,0.0709011,0.0433233,0.0447579,0.0312498,0.0263372,0.0208356,0.0158106
5.945,0.266126,0.121149,0.0901228,0.0709013,0.0433235,0.044758,0.0312499,0.0263373,0.0208358,0.0158108
5.95,0.266126,0.121149,0.090123,0.0709015,0.0433236,0.0447582,0.0312501,0.0263375,0.0208359,0.0158109
5.955,0.266126,0.12115,0.0901231,0.0709017,0.0433238,0.0447584,0.0312503,0.0263376,0.020836,0.015811
5.96,0.266126,0.12115,0.0901233,0.0709019,0.0433239,0.0447585,0.0312504,0.0263377,0.0208362,0.0158111
5.965,0.266126,0.12115,0.0901234,0.0709021,0.043324,0.0447587,0.0312506,0.0263378,0.0208363,0.0158112
5.97,0.266126,0.12115,0.0901236,0.0709023,0.0433242,0.0447588,0.0312507,0.0263379,0.0208364,0.0158113
5.975,0.266126,0.12115,0.0901237,0.0709025,0.0433243,0.044759,0.0312509,0.026338,0.0208366,0.0158114
5.98,0.266126,0.12115,0.0901239,0.0709027,0.0433244,0.0447592,0.031251,0.0263381,0.0208367,0.0158115
5.985,0.266126,0.12115,0.090124,0.0709029,0.0433246,0.0447593,0.0312512,0.0263382,0.0208368,0.0158116
5.99,0.266126,0.121151,0.0901242,0.070903,0.0433247,0.0447595,0.0312513,0.0263384,0.020837,0.0158117
5.995,0.266126,0.121151,0.0901243,0.0709032,0.0433248,0.0447596,0.0312515,0.0263385,0.0208371,0.0158118
6,0.266127,0.121151,0.0901244,0.0709034,0.043325,0.0447598,0.0312516,0.0263386,0.0208372,0.0158118
6.005,0.266127,0.121151,0.0901246,0.0709036,0.0433251,0.0447599,0.0312518,0.0263387,0.0208373,0.0158119
6.01,0.266127,0.121151,0.0901247,0.0709038,0.0433252,0.0447601,0.0312519,0.0263388,0.0208375,0.015812
6.015,0.266127,0.121151,0.0901249,0.0709039,0.0433254,0.0447602,0.031252,0.0263389,0.0208376,0.0158121
6.02,0.266127,0.121151,0.090125,0.0709041,0.0433255,0.0447604,0.0312522,0.026339,0.0208377,0.0158122
6.025,0.266127,0.121151,0.0901251,0.0709043,0.0433256,0.0447605,0.0312523,0.0263391,0.0208378,0.0158123
6.03,0.266127,0.121152,0.0901253,0.0709044,0.0433257,0.0447607,0.0312525,0.0263392,0.0208379,0.0158124
6.035,0.266127,0.121152,0.0901254,0.0709046,0.0433259,0.0447608,0.0312526,0.0263393,0.0208381,0.0158125
6.04,0.266127,0.121152,0.0901255,0.0709048,0.043326,0.044761,0.0312527,0.0263394,0.0208382,0.0158126
6.045,0.266127,0.121152,0.0901257,0.0709049,0.0433261,0.0447611,0.0312529,0.0263395,0.0208383,0.0158127
6.05,0.266127,0.121152,0.0901258,0.0709051,0.0433262,0.0447613,0.031253,0.0263396,0.0208384,0.0158128
6.055,0.266127,0.121152,0.0901259,0.0709053,0.0433263,0.0447614,0.0312531,0.0263397,0.0208385,0.0158128
6.06,0.266127,0.121152,0.090126,0.0709054,0.0433265,0.0447615,0.0312533,0.0263398,0.0208386,0.0158129
6.065,0.266127,0.121152,0.0901262,0.0709056,0.0433266,0.0447617,0.0312534,0.0263399,0.0208387,0.015813
6.07,0.266127,0.121153,0.0901263,0.0709058,0.0433267,0.0447618,0.0312535,0.02634,0.0208388,0.0158131
6.075,0.266127,0.121153,0.0901264,0.0709059,0.0433268,0.0447619,0.0312537,0.02634,0.020839,0.0158132
6.08,0.266128,0.121153,0.0901265,0.0709061,0.0433269,0.0447621,0.0312538,0.0263401,0.0208391,0.0158133
6.085,0.266128,0.121153,0.0901267,0.0709062,0.043327,0.0447622,0.0312539,0.0263402,0.0208392,0.0158134
6.09,0.266128,0.121153,0.0901268,0.0709064,0.0433271,0.0447623,0.031254,0.0263403,0.0208393,0.0158134
6.095,0.266128,0.121153,0.0901269,0.0709065,0.0433273,0.0447625,0.0312542,0.0263404,0.0208394,0.0158135
6.1,0.266128,0.121153,0.090127,0.0709067,0.0433274,0.0447626,0.0312543,0.0263405,0.0208395,0.0158136
6.105,0.266128,0.121153,0.0901271,0.0709068,0.0433275,0.0447627,0.0312544,0.0263406,0.0208396,0.0158137
6.11,0.266128,0.121153,0.0901273,0.070907,0.0433276,0.0447629,0.0312545,0.0263407,0.0208397,0.0158138
6.115,0.266128,0.121154,0.0901274,0.0709071,0.0433277,0.044763,0.0312547,0.0263408,0.0208398,0.0158138
6.12,0.266128,0.121154,0.0901275,0.0709073,0.0433278,0.0447631,0.0312548,0.0263409,0.0208399,0.0158139
6.125,0.266128,0.121154,0.0901276,0.0709074,0.0433279,0.0447632,0.0312549,0.0263409,0.02084,0.015814
6.13,0.266128,0.121154,0.0901277,0.0709076,0.043328,0.0447634,0.031255,0.026341,0.0208401,0.0158141
6.135,0.266128,0.121154,0.0901278,0.0709077,0.0433281,0.0447635,0.0312551,0.0263411,0.0208402,0.0158141
6.14,0.266128,0.121154,0.0901279,0.0709079,0.0433282,0.0447636,0.0312552,0.0263412,0.0208403,0.0158142
6.145,0.266128,0.121154,0.090128,0.070908,0.0433283,0.0447637,0.0312554,0.0263413,0.0208404,0.0158143
6.15,0.266128,0.121154,0.0901282,0.0709081,0.0433284,0.0447638,0.0312555,0.0263414,0.0208405,0.0158144
6.155,0.266128,0.121154,0.0901283,0.0709083,0.0433285,0.044764,0.0312556,0.0263414,0.0208406,0.0158144
6.16,0.266128,0.121155,0.0901284,0.0709084,0.0433286,0.0447641,0.0312557,0.0263415,0.0208407,0.0158145
6.165,0.266128,0.121155,0.0901285,0.0709085,0.0433287,0.0447642,0.0312558,0.0263416,0.0208408,0.0158146
6.17,0.266128,0.121155,0.0901286,0.0709087,0.0433288,0.0447643,0.0312559,0.0263417,0.0208409,0.0158147
6.175,0.266129,0.121155,0.0901287,0.0709088,0.0433289,0.0447644,0.031256,0.0263418,0.020841,0.0158147
6.18,0.266129,0.121155,0.0901288,0.0709089,0.043329,0.0447645,0.0312561,0.0263418,0.0208411,0.0158148
6.185,0.266129,0.121155,0.0901289,0.0709091,0.0433291,0.0447647,0.0312562,0.0263419,0.0208412,0.0158149
6.19,0.266129,0.121155,0.090129,0.0709092,0.0433292,0.0447648,0.0312564,0.026342,0.0208413,0.0158149
6.195,0.266129,0.121155,0.0901291,0.0709093,0.0433293,0.0447649,0.0312565,0.0263421,0.0208413,0.015815
6.2,0.266129,0.121155,0.0901292,0.0709095,0.0433294,0.044765,0.0312566,0.0263421,0.0208414,0.0158151
6.205,0.266129,0.121155,0.0901293,0.0709096,0.0433295,0.0447651,0.0312567,0.0263422,0.0208415,0.0158151
6.21,0.266129,0.121156,0.0901294,0.0709097,0.0433296,0.0447652,0.0312568,0.0263423,0.0208416,0.0158152
6.215,0.266129,0.121156,0.0901295,0.0709098,0.0433297,0.0447653,0.0312569,0.0263424,0.0208417,0.0158153
6.22,0.266129,0.121156,0.0901296,0.07091,0.0433298,0.0447654,0.031257,0.0263424,0.0208418,0.0158153
6.225,0.266129,0.121156,0.0901297,0.0709101,0.0433298,0.0447655,0.0312571,0.0263425,0.0208419,0.0158154
6.23,0.266129,0.121156,0.0901298,0.0709102,0.0433299,0.0447656,0.0312572,0.0263426,0.020842,0.0158155
6.235,0.266129,0.121156,0.0901299,0.0709103,0.04333,0.0447657,0.0312573,0.0263427,0.020842,0.0158155
6.24,0.266129,0.121156,0.09013,0.0709104,0.0433301,0.0447658,0.0312574,0.0263427,0.0208421,0.0158156
6.245,0.266129,0.121156,0.0901301,0.0709106,0.0433302,0.0447659,0.0312575,0.0263428,0.0208422,0.0158157
6.25,0.266129,0.121156,0.0901302,0.0709107,0.0433303,0.044766,0.0312576,0.0263429,0.0208423,0.0158157
6.255,0.266129,0.121156,0.0901303,0.0709108,0.0433304,0.0447661,0.0312577,0.0263429,0.0208424,0.0158158
6.26,0.266129,0.121156,0.0901303,0.0709109,0.0433304,0.0447662,0.0312578,0.026343,0.0208425,0.0158159
6.265,0.266129,0.121156,0.0901304,0.070911,0.0433305,0.0447663,0.0312578,0.0263431,0.0208425,0.0158159
6.27,0.266129,0.121157,0.0901305,0.0709111,0.0433306,0.0447664,0.0312579,0.0263431,0.0208426,0.015816
6.275,0.266129,0.121157,0.0901306,0.0709113,0.0433307,0.0447665,0.031258,0.0263432,0.0208427,0.015816
6.28,0.26613,0.121157,0.0901307,0.0709114,0.0433308,0.0447666,0.0312581,0.0263433,0.0208428,0.0158161
6.285,0.26613,0.121157,0.0901308,0.0709115,0.0433309,0.0447667,0.0312582,0.0263433,0.0208428,0.0158162
6.29,0.26613,0.121157,0.0901309,0.0709116,0.0433309,0.0447668,0.0312583,0.0263434,0.0208429,0.0158162
6.295,0.26613,0.121157,0.090131,0.0709117,0.043331,0.0447669,0.0312584,0.0263435,0.020843,0.0158163
6.3,0.26613,0.121157,0.090131,0.0709118,0.0433311,0.044767,0.0312585,0.0263435,0.0208431,0.0158163
6.305,0.26613,0.121157,0.0901311,0.0709119,0.0433312,0.0447671,0.0312586,0.0263436,0.0208432,0.0158164
6.31,0.26613,0.121157,0.0901312,0.070912,0.0433313,0.0447672,0.0312587,0.0263437,0.0208432,0.0158164
6.315,0.26613,0.121157,0.0901313,0.0709121,0.0433313,0.0447673,0.0312587,0.0263437,0.0208433,0.0158165
6.32,0.26613,0.121157,0.0901314,0.0709122,0.0433314,0.0447674,0.0312588,0.0263438,0.0208434,0.0158166
6.325,0.26613,0.121157,0.0901315,0.0709123,0.0433315,0.0447675,0.0312589,0.0263438,0.0208434,0.0158166
6.33,0.26613,0.121158,0.0901315,0.0709124,0.0433316,0.0447676,0.031259,0.0263439,0.0208435,0.0158167
6.335,0.26613,0.121158,0.0901316,0.0709125,0.0433316,0.0447676,0.0312591,0.026344,0.0208436,0.0158167
6.34,0.26613,0.121158,0.0901317,0.0709126,0.0433317,0.0447677,0.0312592,0.026344,0.0208437,0.0158168
6.345,0.26613,0.121158,0.0901318,0.0709127,0.0433318,0.0447678,0.0312592,0.0263441,0.0208437,0.0158168
6.35,0.26613,0.121158,0.0901319,0.0709128,0.0433318,0.0447679,0.0312593,0.0263441,0.0208438,0.0158169
6.355,0.26613,0.121158,0.0901319,0.0709129,0.0433319,0.044768,0.0312594,0.0263442,0.0208439,0.0158169
6.36,0.26613,0.121158,0.090132,0.070913,0.043332,0.0447681,0.0312595,0.0263443,0.0208439,0.015817
6.365,0.26613,0.121158,0.0901321,0.0709131,0.0433321,0.0447681,0.0312596,0.0263443,0.020844,0.015817
6.37,0.26613,0.121158,0.0901322,0.0709132,0.0433321,0.0447682,0.0312596,0.0263444,0.0208441,0.0158171
6.375,0.26613,0.121158,0.0901322,0.0709133,0.0433322,0.0447683,0.0312597,0.0263444,0.0208441,0.0158171
6.38,0.26613,0.121158,0.0901323,0.0709134,0.0433323,0.0447684,0.0312598,0.0263445,0.0208442,0.0158172
6.385,0.26613,0.121158,0.0901324,0.0709135,0.0433323,0.0447685,0.0312599,0.0263445,0.0208443,0.0158172
6.39,0.26613,0.121158,0.0901325,0.0709136,0.0433324,0.0447686,0.03126,0.0263446,0.0208443,0.0158173
6.395,0.26613,0.121158,0.0901325,0.0709137,0.0433325,0.0447686,0.03126,0.0263446,0.0208444,0.0158173
6.4,0.26613,0.121159,0.0901326,0.0709138,0.0433325,0.0447687,0.0312601,0.0263447,0.0208445,0.0158174
6.405,0.26613,0.121159,0.0901327,0.0709139,0.0433326,0.0447688,0.0312602,0.0263448,0.0208445,0.0158174
6.41,0.26613,0.121159,0.0901328,0.070914,0.0433327,0.0447689,0.0312603,0.0263448,0.0208446,0.0158175
6.415,0.266131,0.121159,0.0901328,0.0709141,0.0433327,0.0447689,0.0312603,0.0263449,0.0208447,0.0158175
6.42,0.266131,0.121159,0.0901329,0.0709142,0.0433328,0.044769,0.0312604,0.0263449,0.0208447,0.0158176
6.425,0.266131,0.121159,0.090133,0.0709142,0.0433329,0.0447691,0.0312605,0.026345,0.0208448,0.0158176
6.43,0.266131,0.121159,0.090133,0.0709143,0.0433329,0.0447692,0.0312605,0.026345,0.0208448,0.0158177
6.435,0.266131,0.121159,0.0901331,0.0709144,0.043333,0.0447692,0.0312606,0.0263451,0.0208449,0.0158177
6.44,0.266131,0.121159,0.0901332,0.0709145,0.0433331,0.0447693,0.0312607,0.0263451,0.020845,0.0158178
6.445,0.266131,0.121159,0.0901332,0.0709146,0.0433331,0.0447694,0.0312607,0.0263452,0.020845,0.0158178
6.45,0.266131,0.121159,0.0901333,0.0709147,0.0433332,0.0447695,0.0312608,0.0263452,0.0208451,0.0158179
6.455,0.266131,0.121159,0.0901334,0.0709148,0.0433332,0.0447695,0.0312609,0.0263453,0.0208451,0.0158179
6.46,0.266131,0.121159,0.0901334,0.0709148,0.0433333,0.0447696,0.031261,0.0263453,0.0208452,0.0158179
6.465,0.266131,0.121159,0.0901335,0.0709149,0.0433334,0.0447697,0.031261,0.0263454,0.0208453,0.015818
6.47,0.266131,0.121159,0.0901336,0.070915,0.0433334,0.0447697,0.0312611,0.0263454,0.0208453,0.015818
6.475,0.266131,0.121159,0.0901336,0.0709151,0.0433335,0.0447698,0.0312612,0.0263455,0.0208454,0.0158181
6.48,0.266131,0.12116,0.0901337,0.0709152,0.0433335,0.0447699,0.0312612,0.0263455,0.0208454,0.0158181
6.485,0.266131,0.12116,0.0901337,0.0709152,0.0433336,0.04477,0.0312613,0.0263456,0.0208455,0.0158182
6.49,0.266131,0.12116,0.0901338,0.0709153,0.0433337,0.04477,0.0312613,0.0263456,0.0208455,0.0158182
6.495,0.266131,0.12116,0.0901339,0.0709154,0.0433337,0.0447701,0.0312614,0.0263457,0.0208456,0.0158182
6.5,0.266131,0.12116,0.0901339,0.0709155,0.0433338,0.0447702,0.0312615,0.0263457,0.0208456,0.0158183
6.505,0.266131,0.12116,0.090134,0.0709156,0.0433338,0.0447702,0.0312615,0.0263457,0.0208457,0.0158183
6.51,0.266131,0.12116,0.0901341,0.0709156,0.0433339,0.0447703,0.0312616,0.0263458,0.0208457,0.0158184
6.515,0.266131,0.12116,0.0901341,0.0709157,0.0433339,0.0447704,0.0312617,0.0263458,0.0208458,0.0158184
6.52,0.266131,0.12116,0.0901342,0.0709158,0.043334,0.0447704,0.0312617,0.0263459,0.0208459,0.0158185
6.525,0.266131,0.12116,0.0901342,0.0709159,0.043334,0.0447705,0.0312618,0.0263459,0.0208459,0.0158185
6.53,0.266131,0.12116,0.0901343,0.0709159,0.0433341,0.0447705,0.0312618,0.026346,0.020846,0.0158185
6.535,0.266131,0.12116,0.0901343,0.070916,0.0433341,0.0447706,0.0312619,0.026346,0.020846,0.0158186
6.54,0.266131,0.12116,0.0901344,0.0709161,0.0433342,0.0447707,0.031262,0.026346,0.0208461,0.0158186
6.545,0.266131,0.12116,0.0901345,0.0709161,0.0433343,0.0447707,0.031262,0.0263461,0.0208461,0.0158186
6.55,0.266131,0.12116,0.0901345,0.0709162,0.0433343,0.0447708,0.0312621,0.0263461,0.0208462,0.0158187
6.555,0.266131,0.12116,0.0901346,0.0709163,0.0433344,0.0447709,0.0312621,0.0263462,0.0208462,0.0158187
6.56,0.266131,0.12116,0.0901346,0.0709164,0.0433344,0.0447709,0.0312622,0.0263462,0.0208463,0.0158188
6.565,0.266131,0.12116,0.0901347,0.0709164,0.0433345,0.044771,0.0312623,0.0263463,0.0208463,0.0158188
6.57,0.266131,0.121161,0.0901347,0.0709165,0.0433345,0.044771,0.0312623,0.0263463,0.0208464,0.0158188
6.575,0.266131,0.121161,0.0901348,0.0709166,0.0433346,0.0447711,0.0312624,0.0263463,0.0208464,0.0158189
6.58,0.266131,0.121161,0.0901348,0.0709166,0.0433346,0.0447711,0.0312624,0.0263464,0.0208464,0.0158189
6.585,0.266132,0.121161,0.0901349,0.0709167,0.0433347,0.0447712,0.0312625,0.0263464,0.0208465,0.0158189
6.59,0.266132,0.121161,0.0901349,0.0709168,0.0433347,0.0447713,0.0312625,0.0263465,0.0208465,0.015819
6.595,0.266132,0.121161,0.090135,0.0709168,0.0433348,0.0447713,0.0312626,0.0263465,0.0208466,0.015819
6.6,0.266132,0.121161,0.0901351,0.0709169,0.0433348,0.0447714,0.0312626,0.0263465,0.0208466,0.015819
6.605,0.266132,0.121161,0.0901351,0.070917,0.0433348,0.0447714,0.0312627,0.0263466,0.0208467,0.0158191
6.61,0.266132,0.121161,0.0901352,0.070917,0.0433349,0.0447715,0.0312627,0.0263466,0.0208467,0.0158191
6.615,0.266132,0.121161,0.0901352,0.0709171,0.0433349,0.0447715,0.0312628,0.0263466,0.0208468,0.0158191
6.62,0.266132,0.121161,0.0901353,0.0709172,0.043335,0.0447716,0.0312628,0.0263467,0.0208468,0.0158192
6.625,0.266132,0.121161,0.0901353,0.0709172,0.043335,0.0447717,0.0312629,0.0263467,0.0208469,0.0158192
6.63,0.266132,0.121161,0.0901354,0.0709173,0.0433351,0.0447717,0.0312629,0.0263468,0.0208469,0.0158193
6.635,0.266132,0.121161,0.0901354,0.0709173,0.0433351,0.0447718,0.031263,0.0263468,0.0208469,0.0158193
6.64,0.266132,0.121161,0.0901354,0.0709174,0.0433352,0.0447718,0.031263,0.0263468,0.020847,0.0158193
6.645,0.266132,0.121161,0.0901355,0.0709175,0.0433352,0.0447719,0.0312631,0.0263469,0.020847,0.0158193
6.65,0.266132,0.121161,0.0901355,0.0709175,0.0433353,0.0447719,0.0312631,0.0263469,0.0208471,0.0158194
6.655,0.266132,0.121161,0.0901356,0.0709176,0.0433353,0.044772,0.0312632,0.0263469,0.0208471,0.0158194
6.66,0.266132,0.121161,0.0901356,0.0709176,0.0433353,0.044772,0.0312632,0.026347,0.0208472,0.0158194
6.665,0.266132,0.121161,0.0901357,0.0709177,0.0433354,0.0447721,0.0312633,0.026347,0.0208472,0.0158195
6.67,0.266132,0.121161,0.0901357,0.0709178,0.0433354,0.0447721,0.0312633,0.026347,0.0208472,0.0158195
6.675,0.266132,0.121162,0.0901358,0.0709178,0.0433355,0.0447722,0.0312634,0.0263471,0.0208473,0.0158195
6.68,0.266132,0.121162,0.0901358,0.0709179,0.0433355,0.0447722,0.0312634,0.0263471,0.0208473,0.0158196
6.685,0.266132,0.121162,0.0901359,0.0709179,0.0433356,0.0447723,0.0312635,0.0263471,0.0208474,0.0158196
6.69,0.266132,0.121162,0.0901359,0.070918,0.0433356,0.0447723,0.0312635,0.0263472,0.0208474,0.0158196
6.695,0.266132,0.121162,0.090136,0.070918,0.0433356,0.0447724,0.0312636,0.0263472,0.0208474,0.0158197
6.7,0.266132,0.121162,0.090136,0.0709181,0.0433357,0.0447724,0.0312636,0.0263472,0.0208475,0.0158197
6.705,0.266132,0.121162,0.090136,0.0709182,0.0433357,0.0447725,0.0312637,0.0263473,0.0208475,0.0158197
6.71,0.266132,0.121162,0.0901361,0.0709182,0.0433358,0.0447725,0.0312637,0.0263473,0.0208475,0.0158197
6.715,0.266132,0.121162,0.0901361,0.0709183,0.0433358,0.0447725,0.0312638,0.0263473,0.0208476,0.0158198
6.72,0.266132,0.121162,0.0901362,0.0709183,0.0433358,0.0447726,0.0312638,0.0263474,0.0208476,0.0158198
6.725,0.266132,0.121162,0.0901362,0.0709184,0.0433359,0.0447726,0.0312638,0.0263474,0.0208477,0.0158198
6.73,0.266132,0.121162,0.0901363,0.0709184,0.0433359,0.0447727,0.0312639,0.0263474,0.0208477,0.0158199
6.735,0.266132,0.121162,0.0901363,0.0709185,0.0433359,0.0447727,0.0312639,0.0263475,0.0208477,0.0158199
6.74,0.266132,0.121162,0.0901363,0.0709185,0.043336,0.0447728,0.031264,0.0263475,0.0208478,0.0158199
6.745,0.266132,0.121162,0.0901364,0.0709186,0.043336,0.0447728,0.031264,0.0263475,0.0208478,0.0158199
6.75,0.266132,0.121162,0.0901364,0.0709186,0.0433361,0.0447729,0.031264,0.0263476,0.0208478,0.01582
6.755,0.266132,0.121162,0.0901365,0.0709187,0.0433361,0.0447729,0.0312641,0.0263476,0.0208479,0.01582
6.76,0.266132,0.121162,0.0901365,0.0709187,0.0433361,0.0447729,0.0312641,0.0263476,0.0208479,0.01582
6.765,0.266132,0.121162,0.0901365,0.0709188,0.0433362,0.044773,0.0312642,0.0263476,0.0208479,0.0158201
6.77,0.266132,0.121162,0.0901366,0.0709188,0.0433362,0.044773,0.0312642,0.0263477,0.020848,0.0158201
6.775,0.266132,0.121162,0.0901366,0.0709189,0.0433362,0.0447731,0.0312643,0.0263477,0.020848,0.0158201
6.78,0.266132,0.121162,0.0901366,0.0709189,0.0433363,0.0447731,0.0312643,0.0263477,0.020848,0.0158201
6.785,0.266132,0.121162,0.0901367,0.070919,0.0433363,0.0447732,0.0312643,0.0263478,0.0208481,0.0158202
6.79,0.266132,0.121162,0.0901367,0.070919,0.0433363,0.0447732,0.0312644,0.0263478,0.0208481,0.0158202
6.795,0.266132,0.121162,0.0901368,0.0709191,0.0433364,0.0447732,0.0312644,0.0263478,0.0208481,0.0158202
6.8,0.266132,0.121162,0.0901368,0.0709191,0.0433364,0.0447733,0.0312644,0.0263478,0.0208482,0.0158202
6.805,0.266132,0.121163,0.0901368,0.0709192,0.0433364,0.0447733,0.0312645,0.0263479,0.0208482,0.0158203
6.81,0.266132,0.121163,0.0901369,0.0709192,0.0433365,0.0447734,0.0312645,0.0263479,0.0208482,0.0158203
6.815,0.266132,0.121163,0.0901369,0.0709193,0.0433365,0.0447734,0.0312646,0.0263479,0.0208483,0.0158203
6.82,0.266132,0.121163,0.0901369,0.0709193,0.0433365,0.0447734,0.0312646,0.026348,0.0208483,0.0158203
6.825,0.266133,0.121163,0.090137,0.0709193,0.0433366,0.0447735,0.0312646,0.026348,0.0208483,0.0158204
6.83,0.266133,0.121163,0.090137,0.0709194,0.0433366,0.0447735,0.0312647,0.026348,0.0208484,0.0158204
6.835,0.266133,0.121163,0.090137,0.0709194,0.0433366,0.0447736,0.0312647,0.026348,0.0208484,0.0158204
6.84,0.266133,0.121163,0.0901371,0.0709195,0.0433367,0.0447736,0.0312647,0.0263481,0.0208484,0.0158204
6.845,0.266133,0.121163,0.0901371,0.0709195,0.0433367,0.0447736,0.0312648,0.0263481,0.0208485,0.0158204
6.85,0.266133,0.121163,0.0901371,0.0709196,0.0433367,0.0447737,0.0312648,0.0263481,0.0208485,0.0158205
6.855,0.266133,0.121163,0.0901372,0.0709196,0.0433368,0.0447737,0.0312648,0.0263481,0.0208485,0.0158205
6.86,0.266133,0.121163,0.0901372,0.0709197,0.0433368,0.0447737,0.0312649,0.0263482,0.0208486,0.0158205
6.865,0.266133,0.121163,0.0901372,0.0709197,0.0433368,0.0447738,0.0312649,0.0263482,0.0208486,0.0158205
6.87,0.266133,0.121163,0.0901373,0.0709197,0.0433369,0.0447738,0.031265,0.0263482,0.0208486,0.0158206
6.875,0.266133,0.121163,0.0901373,0.0709198,0.0433369,0.0447738,0.031265,0.0263482,0.0208486,0.0158206
6.88,0.266133,0.121163,0.0901373,0.0709198,0.0433369,0.0447739,0.031265,0.0263483,0.0208487,0.0158206
6.885,0.266133,0.121163,0.0901374,0.0709199,0.043337,0.0447739,0.0312651,0.0263483,0.0208487,0.0158206
6.89,0.266133,0.121163,0.0901374,0.0709199,0.043337,0.044774,0.0312651,0.0263483,0.0208487,0.0158206
6.895,0.266133,0.121163,0.0901374,0.0709199,0.043337,0.044774,0.0312651,0.0263483,0.0208488,0.0158207
6.9,0.266133,0.121163,0.0901375,0.07092,0.043337,0.044774,0.0312651,0.0263484,0.0208488,0.0158207
6.905,0.266133,0.121163,0.0901375,0.07092,0.0433371,0.0447741,0.0312652,0.0263484,0.0208488,0.0158207
6.91,0.266133,0.121163,0.0901375,0.0709201,0.0433371,0.0447741,0.0312652,0.0263484,0.0208488,0.0158207
6.915,0.266133,0.121163,0.0901376,0.0709201,0.0433371,0.0447741,0.0312652,0.0263484,0.0208489,0.0158208
6.92,0.266133,0.121163,0.0901376,0.0709201,0.0433372,0.0447742,0.0312653,0.0263484,0.0208489,0.0158208
6.925,0.266133,0.121163,0.0901376,0.0709202,0.0433372,0.0447742,0.0312653,0.0263485,0.0208489,0.0158208
6.93,0.266133,0.121163,0.0901377,0.0709202,0.0433372,0.0447742,0.0312653,0.0263485,0.0208489,0.0158208
6.935,0.266133,0.121163,0.0901377,0.0709202,0.0433372,0.0447743,0.0312654,0.0263485,0.020849,0.0158208
6.94,0.266133,0.121163,0.0901377,0.0709203,0.0433373,0.0447743,0.0312654,0.0263485,0.020849,0.0158209
6.945,0.266133,0.121163,0.0901377,0.0709203,0.0433373,0.0447743,0.0312654,0.0263486,0.020849,0.0158209
6.95,0.266133,0.121163,0.0901378,0.0709204,0.0433373,0.0447743,0.0312655,0.0263486,0.020849,0.0158209
6.955,0.266133,0.121163,0.0901378,0.0709204,0.0433373,0.0447744,0.0312655,0.0263486,0.0208491,0.0158209
6.96,0.266133,0.121163,0.0901378,0.0709204,0.0433374,0.0447744,0.0312655,0.0263486,0.0208491,0.0158209
6.965,0.266133,0.121163,0.0901379,0.0709205,0.0433374,0.0447744,0.0312655,0.0263486,0.0208491,0.0158209
6.97,0.266133,0.121164,0.0901379,0.0709205,0.0433374,0.0447745,0.0312656,0.0263487,0.0208491,0.015821
6.975,0.266133,0.121164,0.0901379,0.0709205,0.0433374,0.0447745,0.0312656,0.0263487,0.0208492,0.015821
6.98,0.266133,0.121164,0.0901379,0.0709206,0.0433375,0.0447745,0.0312656,0.0263487,0.0208492,0.015821
6.985,0.266133,0.121164,0.090138,0.0709206,0.0433375,0.0447746,0.0312657,0.0263487,0.0208492,0.015821
6.99,0.266133,0.121164,0.090138,0.0709206,0.0433375,0.0447746,0.0312657,0.0263487,0.0208492,0.015821
6.995,0.266133,0.121164,0.090138,0.0709207,0.0433375,0.0447746,0.0312657,0.0263488,0.0208493,0.0158211
7,0.266133,0.121164,0.090138,0.0709207,0.0433376,0.0447746,0.0312657,0.0263488,0.0208493,0.0158211
7.005,0.266133,0.121164,0.0901381,0.0709207,0.0433376,0.0447747,0.0312658,0.0263488,0.0208493,0.0158211
7.01,0.266133,0.121164,0.0901381,0.0709208,0.0433376,0.0447747,0.0312658,0.0263488,0.0208493,0.0158211
7.015,0.266133,0.121164,0.0901381,0.0709208,0.0433376,0.0447747,0.0312658,0.0263488,0.0208494,0.0158211
7.02,0.266133,0.121164,0.0901381,0.0709208,0.0433377,0.0447748,0.0312659,0.0263489,0.0208494,0.0158211
7.025,0.266133,0.121164,0.0901382,0.0709209,0.0433377,0.0447748,0.0312659,0.0263489,0.0208494,0.0158212
7.03,0.266133,0.121164,0.0901382,0.0709209,0.0433377,0.0447748,0.0312659,0.0263489,0.0208494,0.0158212
7.035,0.266133,0.121164,0.0901382,0.0709209,0.0433377,0.0447748,0.0312659,0.0263489,0.0208494,0.0158212
7.04,0.266133,0.121164,0.0901382,0.070921,0.0433378,0.0447749,0.031266,0.0263489,0.0208495,0.0158212
7.045,0.266133,0.121164,0.0901383,0.070921,0.0433378,0.0447749,0.031266,0.026349,0.0208495,0.0158212
7.05,0.266133,0.121164,0.0901383,0.070921,0.0433378,0.0447749,0.031266,0.026349,0.0208495,0.0158212
7.055,0.266133,0.121164,0.0901383,0.0709211,0.0433378,0.0447749,0.031266,0.026349,0.0208495,0.0158213
7.06,0.266133,0.121164,0.0901383,0.0709211,0.0433378,0.044775,0.0312661,0.026349,0.0208496,0.0158213
7.065,0.266133,0.121164,0.0901384,0.0709211,0.0433379,0.044775,0.0312661,0.026349,0.0208496,0.0158213
7.07,0.266133,0.121164,0.0901384,0.0709211,0.0433379,0.044775,0.0312661,0.026349,0.0208496,0.0158213
7.075,0.266133,0.121164,0.0901384,0.0709212,0.0433379,0.044775,0.0312661,0.0263491,0.0208496,0.0158213
7.08,0.266133,0.121164,0.0901384,0.0709212,0.0433379,0.0447751,0.0312662,0.0263491,0.0208496,0.0158213
7.085,0.266133,0.121164,0.0901385,0.0709212,0.043338,0.0447751,0.0312662,0.0263491,0.0208497,0.0158214
7.09,0.266133,0.121164,0.0901385,0.0709213,0.043338,0.0447751,0.0312662,0.0263491,0.0208497,0.0158214
7.095,0.266133,0.121164,0.0901385,0.0709213,0.043338,0.0447751,0.0312662,0.0263491,0.0208497,0.0158214
7.1,0.266133,0.121164,0.0901385,0.0709213,0.043338,0.0447752,0.0312662,0.0263491,0.0208497,0.0158214
7.105,0.266133,0.121164,0.0901386,0.0709214,0.043338,0.0447752,0.0312663,0.0263492,0.0208497,0.0158214
7.11,0.266133,0.121164,0.0901386,0.0709214,0.0433381,0.0447752,0.0312663,0.0263492,0.0208498,0.0158214
7.115,0.266133,0.121164,0.0901386,0.0709214,0.0433381,0.0447752,0.0312663,0.0263492,0.0208498,0.0158214
7.12,0.266133,0.121164,0.0901386,0.0709214,0.0433381,0.0447753,0.0312663,0.0263492,0.0208498,0.0158215
7.125,0.266133,0.121164,0.0901386,0.0709215,0.0433381,0.0447753,0.0312664,0.0263492,0.0208498,0.0158215
7.13,0.266133,0.121164,0.0901387,0.0709215,0.0433381,0.0447753,0.0312664,0.0263492,0.0208498,0.0158215
7.135,0.266133,0.121164,0.0901387,0.0709215,0.0433382,0.0447753,0.0312664,0.0263493,0.0208499,0.0158215
7.14,0.266133,0.121164,0.0901387,0.0709215,0.0433382,0.0447754,0.0312664,0.0263493,0.0208499,0.0158215
7.145,0.266133,0.121164,0.0901387,0.0709216,0.0433382,0.0447754,0.0312664,0.0263493,0.0208499,0.0158215
7.15,0.266133,0.121164,0.0901387,0.0709216,0.0433382,0.0447754,0.0312665,0.0263493,0.0208499,0.0158215
7.155,0.266133,0.121164,0.0901388,0.0709216,0.0433382,0.0447754,0.0312665,0.0263493,0.0208499,0.0158216
7.16,0.266133,0.121164,0.0901388,0.0709216,0.0433383,0.0447754,0.0312665,0.0263493,0.0208499,0.0158216
7.165,0.266133,0.121164,0.0901388,0.0709217,0.0433383,0.0447755,0.0312665,0.0263494,0.02085,0.0158216
7.17,0.266133,0.121164,0.0901388,0.0709217,0.0433383,0.0447755,0.0312666,0.0263494,0.02085,0.0158216
7.175,0.266133,0.121164,0.0901388,0.0709217,0.0433383,0.0447755,0.0312666,0.0263494,0.02085,0.0158216
7.18,0.266133,0.121164,0.0901389,0.0709217,0.0433383,0.0447755,0.0312666,0.0263494,0.02085,0.0158216
7.185,0.266133,0.121164,0.0901389,0.0709218,0.0433383,0.0447756,0.0312666,0.0263494,0.02085,0.0158216
7.19,0.266133,0.121164,0.0901389,0.0709218,0.0433384,0.0447756,0.0312666,0.0263494,0.0208501,0.0158217
7.195,0.266133,0.121164,0.0901389,0.0709218,0.0433384,0.0447756,0.0312667,0.0263494,0.0208501,0.0158217
7.2,0.266133,0.121164,0.0901389,0.0709218,0.0433384,0.0447756,0.0312667,0.0263495,0.0208501,0.0158217
7.205,0.266133,0.121165,0.090139,0.0709219,0.0433384,0.0447756,0.0312667,0.0263495,0.0208501,0.0158217
7.21,0.266133,0.121165,0.090139,0.0709219,0.0433384,0.0447757,0.0312667,0.0263495,0.0208501,0.0158217
7.215,0.266133,0.121165,0.090139,0.0709219,0.0433384,0.0447757,0.0312667,0.0263495,0.0208501,0.0158217
7.22,0.266133,0.121165,0.090139,0.0709219,0.0433385,0.0447757,0.0312667,0.0263495,0.0208501,0.0158217
7.225,0.266133,0.121165,0.090139,0.070922,0.0433385,0.0447757,0.0312668,0.0263495,0.0208502,0.0158217
7.23,0.266133,0.121165,0.090139,0.070922,0.0433385,0.0447757,0.0312668,0.0263495,0.0208502,0.0158218
7.235,0.266134,0.121165,0.0901391,0.070922,0.0433385,0.0447758,0.0312668,0.0263496,0.0208502,0.0158218
7.24,0.266134,0.121165,0.0901391,0.070922,0.0433385,0.0447758,0.0312668,0.0263496,0.0208502,0.0158218
7.245,0.266134,0.121165,0.0901391,0.0709221,0.0433385,0.0447758,0.0312668,0.0263496,0.0208502,0.0158218
7.25,0.266134,0.121165,0.0901391,0.0709221,0.0433386,0.0447758,0.0312669,0.0263496,0.0208502,0.0158218
7.255,0.266134,0.121165,0.0901391,0.0709221,0.0433386,0.0447758,0.0312669,0.0263496,0.0208503,0.0158218
7.26,0.266134,0.121165,0.0901392,0.0709221,0.0433386,0.0447759,0.0312669,0.0263496,0.0208503,0.0158218
7.265,0.266134,0.121165,0.0901392,0.0709221,0.0433386,0.0447759,0.0312669,0.0263496,0.0208503,0.0158218
7.27,0.266134,0.121165,0.0901392,0.0709222,0.0433386,0.0447759,0.0312669,0.0263496,0.0208503,0.0158219
7.275,0.266134,0.121165,0.0901392,0.0709222,0.0433386,0.0447759,0.0312669,0.0263497,0.0208503,0.0158219
7.28,0.266134,0.121165,0.0901392,0.0709222,0.0433387,0.0447759,0.031267,0.0263497,0.0208503,0.0158219
7.285,0.266134,0.121165,0.0901392,0.0709222,0.0433387,0.0447759,0.031267,0.0263497,0.0208503,0.0158219
7.29,0.266134,0.121165,0.0901393,0.0709222,0.0433387,0.044776,0.031267,0.0263497,0.0208504,0.0158219
7.295,0.266134,0.121165,0.0901393,0.0709223,0.0433387,0.044776,0.031267,0.0263497,0.0208504,0.0158219
7.3,0.266134,0.121165,0.0901393,0.0709223,0.0433387,0.044776,0.031267,0.0263497,0.0208504,0.0158219
7.305,0.266134,0.121165,0.0901393,0.0709223,0.0433387,0.044776,0.031267,0.0263497,0.0208504,0.0158219
7.31,0.266134,0.121165,0.0901393,0.0709223,0.0433387,0.044776,0.0312671,0.0263497,0.0208504,0.0158219
7.315,0.266134,0.121165,0.0901393,0.0709223,0.0433388,0.044776,0.0312671,0.0263498,0.0208504,0.0158219
7.32,0.266134,0.121165,0.0901393,0.0709224,0.0433388,0.0447761,0.0312671,0.0263498,0.0208504,0.015822
7.325,0.266134,0.121165,0.0901394,0.0709224,0.0433388,0.0447761,0.0312671,0.0263498,0.0208505,0.015822
7.33,0.266134,0.121165,0.0901394,0.0709224,0.0433388,0.0447761,0.0312671,0.0263498,0.0208505,0.015822
7.335,0.266134,0.121165,0.0901394,0.0709224,0.0433388,0.0447761,0.0312671,0.0263498,0.0208505,0.015822
7.34,0.266134,0.121165,0.0901394,0.0709224,0.0433388,0.0447761,0.0312672,0.0263498,0.0208505,0.015822
7.345,0.266134,0.121165,0.0901394,0.0709225,0.0433388,0.0447761,0.0312672,0.0263498,0.0208505,0.015822
7.35,0.266134,0.121165,0.0901394,0.0709225,0.0433389,0.0447762,0.0312672,0.0263498,0.0208505,0.015822
7.355,0.266134,0.121165,0.0901395,0.0709225,0.0433389,0.0447762,0.0312672,0.0263498,0.0208505,0.015822
7.36,0.266134,0.121165,0.0901395,0.0709225,0.0433389,0.0447762,0.0312672,0.0263499,0.0208506,0.015822
7.365,0.266134,0.121165,0.0901395,0.0709225,0.0433389,0.0447762,0.0312672,0.0263499,0.0208506,0.015822
7.37,0.266134,0.121165,0.0901395,0.0709226,0.0433389,0.0447762,0.0312672,0.0263499,0.0208506,0.0158221
7.375,0.266134,0.121165,0.0901395,0.0709226,0.0433389,0.0447762,0.0312673,0.0263499,0.0208506,0.0158221
7.38,0.266134,0.121165,0.0901395,0.0709226,0.0433389,0.0447763,0.0312673,0.0263499,0.0208506,0.0158221
7.385,0.266134,0.121165,0.0901395,0.0709226,0.043339,0.0447763,0.0312673,0.0263499,0.0208506,0.0158221
7.39,0.266134,0.121165,0.0901395,0.0709226,0.043339,0.0447763,0.0312673,0.0263499,0.0208506,0.0158221
7.395,0.266134,0.121165,0.0901396,0.0709226,0.043339,0.0447763,0.0312673,0.0263499,0.0208506,0.0158221
7.4,0.266134,0.121165,0.0901396,0.0709227,0.043339,0.0447763,0.0312673,0.0263499,0.0208507,0.0158221
7.405,0.266134,0.121165,0.0901396,0.0709227,0.043339,0.0447763,0.0312673,0.0263499,0.0208507,0.0158221
7.41,0.266134,0.121165,0.0901396,0.0709227,0.043339,0.0447763,0.0312674,0.02635,0.0208507,0.0158221
7.415,0.266134,0.121165,0.0901396,0.0709227,0.043339,0.0447764,0.0312674,0.02635,0.0208507,0.0158221
7.42,0.266134,0.121165,0.0901396,0.0709227,0.043339,0.0447764,0.0312674,0.02635,0.0208507,0.0158222
7.425,0.266134,0.121165,0.0901396,0.0709227,0.043339,0.0447764,0.0312674,0.02635,0.0208507,0.0158222
7.43,0.266134,0.121165,0.0901397,0.0709228,0.0433391,0.0447764,0.0312674,0.02635,0.0208507,0.0158222
7.435,0.266134,0.121165,0.0901397,0.0709228,0.0433391,0.0447764,0.0312674,0.02635,0.0208507,0.0158222
7.44,0.266134,0.121165,0.0901397,0.0709228,0.0433391,0.0447764,0.0312674,0.02635,0.0208507,0.0158222
7.445,0.266134,0.121165,0.0901397,0.0709228,0.0433391,0.0447764,0.0312675,0.02635,0.0208508,0.0158222
7.45,0.266134,0.121165,0.0901397,0.0709228,0.0433391,0.0447765,0.0312675,0.02635,0.0208508,0.0158222
7.455,0.266134,0.121165,0.0901397,0.0709228,0.0433391,0.0447765,0.0312675,0.02635,0.0208508,0.0158222
7.46,0.266134,0.121165,0.0901397,0.0709229,0.0433391,0.0447765,0.0312675,0.02635,0.0208508,0.0158222
7.465,0.266134,0.121165,0.0901397,0.0709229,0.0433391,0.0447765,0.0312675,0.0263501,0.0208508,0.0158222
7.47,0.266134,0.121165,0.0901398,0.0709229,0.0433392,0.0447765,0.0312675,0.0263501,0.0208508,0.0158222
7.475,0.266134,0.121165,0.0901398,0.0709229,0.0433392,0.0447765,0.0312675,0.0263501,0.0208508,0.0158222
7.48,0.266134,0.121165,0.0901398,0.0709229,0.0433392,0.0447765,0.0312675,0.0263501,0.0208508,0.0158223
7.485,0.266134,0.121165,0.0901398,0.0709229,0.0433392,0.0447765,0.0312676,0.0263501,0.0208508,0.0158223
7.49,0.266134,0.121165,0.0901398,0.0709229,0.0433392,0.0447766,0.0312676,0.0263501,0.0208509,0.0158223
7.495,0.266134,0.121165,0.0901398,0.070923,0.0433392,0.0447766,0.0312676,0.0263501,0.0208509,0.0158223
7.5,0.266134,0.121165,0.0901398,0.070923,0.0433392,0.0447766,0.0312676,0.0263501,0.0208509,0.0158223
7.505,0.266134,0.121165,0.0901398,0.070923,0.0433392,0.0447766,0.0312676,0.0263501,0.0208509,0.0158223
7.51,0.266134,0.121165,0.0901398,0.070923,0.0433392,0.0447766,0.0312676,0.0263501,0.0208509,0.0158223
7.515,0.266134,0.121165,0.0901399,0.070923,0.0433392,0.0447766,0.0312676,0.0263501,0.0208509,0.0158223
7.52,0.266134,0.121165,0.0901399,0.070923,0.0433393,0.0447766,0.0312676,0.0263502,0.0208509,0.0158223
7.525,0.266134,0.121165,0.0901399,0.070923,0.0433393,0.0447766,0.0312676,0.0263502,0.0208509,0.0158223
7.53,0.266134,0.121165,0.0901399,0.0709231,0.0433393,0.0447767,0.0312677,0.0263502,0.0208509,0.0158223
7.535,0.266134,0.121165,0.0901399,0.0709231,0.0433393,0.0447767,0.0312677,0.0263502,0.0208509,0.0158223
7.54,0.266134,0.121165,0.0901399,0.0709231,0.0433393,0.0447767,0.0312677,0.0263502,0.0208509,0.0158223
7.545,0.266134,0.121165,0.0901399,0.0709231,0.0433393,0.0447767,0.0312677,0.0263502,0.020851,0.0158223
7.55,0.266134,0.121165,0.0901399,0.0709231,0.0433393,0.0447767,0.0312677,0.0263502,0.020851,0.0158224
7.555,0.266134,0.121165,0.0901399,0.0709231,0.0433393,0.0447767,0.0312677,0.0263502,0.020851,0.0158224
7.56,0.266134,0.121165,0.09014,0.0709231,0.0433393,0.0447767,0.0312677,0.0263502,0.020851,0.0158224
7.565,0.266134,0.121165,0.09014,0.0709231,0.0433393,0.0447767,0.0312677,0.0263502,0.020851,0.0158224
7.57,0.266134,0.121165,0.09014,0.0709232,0.0433394,0.0447768,0.0312677,0.0263502,0.020851,0.0158224
7.575,0.266134,0.121165,0.09014,0.0709232,0.0433394,0.0447768,0.0312678,0.0263502,0.020851,0.0158224
7.58,0.266134,0.121165,0.09014,0.0709232,0.0433394,0.0447768,0.0312678,0.0263502,0.020851,0.0158224
7.585,0.266134,0.121166,0.09014,0.0709232,0.0433394,0.0447768,0.0312678,0.0263503,0.020851,0.0158224
7.59,0.266134,0.121166,0.09014,0.0709232,0.0433394,0.0447768,0.0312678,0.0263503,0.020851,0.0158224
7.595,0.266134,0.121166,0.09014,0.0709232,0.0433394,0.0447768,0.0312678,0.0263503,0.020851,0.0158224
7.6,0.266134,0.121166,0.09014,0.0709232,0.0433394,0.0447768,0.0312678,0.0263503,0.0208511,0.0158224
7.605,0.266134,0.121166,0.09014,0.0709232,0.0433394,0.0447768,0.0312678,0.0263503,0.0208511,0.0158224
7.61,0.266134,0.121166,0.0901401,0.0709233,0.0433394,0.0447768,0.0312678,0.0263503,0.0208511,0.0158224
7.615,0.266134,0.121166,0.0901401,0.0709233,0.0433394,0.0447768,0.0312678,0.0263503,0.0208511,0.0158224
7.62,0.266134,0.121166,0.0901401,0.0709233,0.0433394,0.0447769,0.0312678,0.0263503,0.0208511,0.0158225
7.625,0.266134,0.121166,0.0901401,0.0709233,0.0433395,0.0447769,0.0312679,0.0263503,0.0208511,0.0158225
7.63,0.266134,0.121166,0.0901401,0.0709233,0.0433395,0.0447769,0.0312679,0.0263503,0.0208511,0.0158225
7.635,0.266134,0.121166,0.0901401,0.0709233,0.0433395,0.0447769,0.0312679,0.0263503,0.0208511,0.0158225
7.64,0.266134,0.121166,0.0901401,0.0709233,0.0433395,0.0447769,0.0312679,0.0263503,0.0208511,0.0158225
7.645,0.266134,0.121166,0.0901401,0.0709233,0.0433395,0.0447769,0.0312679,0.0263503,0.0208511,0.0158225
7.65,0.266134,0.121166,0.0901401,0.0709234,0.0433395,0.0447769,0.0312679,0.0263503,0.0208511,0.0158225
7.655,0.266134,0.121166,0.0901401,0.0709234,0.0433395,0.0447769,0.0312679,0.0263504,0.0208511,0.0158225
7.66,0.266134,0.121166,0.0901401,0.0709234,0.0433395,0.0447769,0.0312679,0.0263504,0.0208512,0.0158225
7.665,0.266134,0.121166,0.0901402,0.0709234,0.0433395,0.0447769,0.0312679,0.0263504,0.0208512,0.0158225
7.67,0.266134,0.121166,0.0901402,0.0709234,0.0433395,0.044777,0.0312679,0.0263504,0.0208512,0.0158225
7.675,0.266134,0.121166,0.0901402,0.0709234,0.0433395,0.044777,0.0312679,0.0263504,0.0208512,0.0158225
7.68,0.266134,0.121166,0.0901402,0.0709234,0.0433395,0.044777,0.031268,0.0263504,0.0208512,0.0158225
7.685,0.266134,0.121166,0.0901402,0.0709234,0.0433396,0.044777,0.031268,0.0263504,0.0208512,0.0158225
7.69,0.266134,0.121166,0.0901402,0.0709234,0.0433396,0.044777,0.031268,0.0263504,0.0208512,0.0158225
7.695,0.266134,0.121166,0.0901402,0.0709235,0.0433396,0.044777,0.031268,0.0263504,0.0208512,0.0158225
7.7,0.266134,0.121166,0.0901402,0.0709235,0.0433396,0.044777,0.031268,0.0263504,0.0208512,0.0158225
7.705,0.266134,0.121166,0.0901402,0.0709235,0.0433396,0.044777,0.031268,0.0263504,0.0208512,0.0158226
7.71,0.266134,0.121166,0.0901402,0.0709235,0.0433396,0.044777,0.031268,0.0263504,0.0208512,0.0158226
7.715,0.266134,0.121166,0.0901402,0.0709235,0.0433396,0.044777,0.031268,0.0263504,0.0208512,0.0158226
7.72,0.266134,0.121166,0.0901402,0.0709235,0.0433396,0.044777,0.031268,0.0263504,0.0208512,0.0158226
7.725,0.266134,0.121166,0.0901403,0.0709235,0.0433396,0.0447771,0.031268,0.0263504,0.0208512,0.0158226
7.73,0.266134,0.121166,0.0901403,0.0709235,0.0433396,0.0447771,0.031268,0.0263504,0.0208513,0.0158226
7.735,0.266134,0.121166,0.0901403,0.0709235,0.0433396,0.0447771,0.031268,0.0263505,0.0208513,0.0158226
7.74,0.266134,0.121166,0.0901403,0.0709235,0.0433396,0.0447771,0.0312681,0.0263505,0.0208513,0.0158226
7.745,0.266134,0.121166,0.0901403,0.0709236,0.0433396,0.0447771,0.0312681,0.0263505,0.0208513,0.0158226
7.75,0.266134,0.121166,0.0901403,0.0709236,0.0433396,0.0447771,0.0312681,0.0263505,0.0208513,0.0158226
7.755,0.266134,0.121166,0.0901403,0.0709236,0.0433397,0.0447771,0.0312681,0.0263505,0.0208513,0.0158226
7.76,0.266134,0.121166,0.0901403,0.0709236,0.0433397,0.0447771,0.0312681,0.0263505,0.0208513,0.0158226
7.765,0.266134,0.121166,0.0901403,0.0709236,0.0433397,0.0447771,0.0312681,0.0263505,0.0208513,0.0158226
7.77,0.266134,0.121166,0.0901403,0.0709236,0.0433397,0.0447771,0.0312681,0.0263505,0.0208513,0.0158226
7.775,0.266134,0.121166,0.0901403,0.0709236,0.0433397,0.0447771,0.0312681,0.0263505,0.0208513,0.0158226
7.78,0.266134,0.121166,0.0901403,0.0709236,0.0433397,0.0447771,0.0312681,0.0263505,0.0208513,0.0158226
7.785,0.266134,0.121166,0.0901403,0.0709236,0.0433397,0.0447771,0.0312681,0.0263505,0.0208513,0.0158226
7.79,0.266134,0.121166,0.0901403,0.0709236,0.0433397,0.0447772,0.0312681,0.0263505,0.0208513,0.0158226
7.795,0.266134,0.121166,0.0901404,0.0709236,0.0433397,0.0447772,0.0312681,0.0263505,0.0208513,0.0158226
7.8,0.266134,0.121166,0.0901404,0.0709237,0.0433397,0.0447772,0.0312681,0.0263505,0.0208513,0.0158226
7.805,0.266134,0.121166,0.0901404,0.0709237,0.0433397,0.0447772,0.0312682,0.0263505,0.0208514,0.0158227
7.81,0.266134,0.121166,0.0901404,0.0709237,0.0433397,0.0447772,0.0312682,0.0263505,0.0208514,0.0158227
7.815,0.266134,0.121166,0.0901404,0.0709237,0.0433397,0.0447772,0.0312682,0.0263505,0.0208514,0.0158227
7.82,0.266134,0.121166,0.0901404,0.0709237,0.0433397,0.0447772,0.0312682,0.0263505,0.0208514,0.0158227
7.825,0.266134,0.121166,0.0901404,0.0709237,0.0433397,0.0447772,0.0312682,0.0263505,0.0208514,0.0158227
7.83,0.266134,0.121166,0.0901404,0.0709237,0.0433398,0.0447772,0.0312682,0.0263506,0.0208514,0.0158227
7.835,0.266134,0.121166,0.0901404,0.0709237,0.0433398,0.0447772,0.0312682,0.0263506,0.0208514,0.0158227
7.84,0.266134,0.121166,0.0901404,0.0709237,0.0433398,0.0447772,0.0312682,0.0263506,0.0208514,0.0158227
7.845,0.266134,0.121166,0.0901404,0.0709237,0.0433398,0.0447772,0.0312682,0.0263506,0.0208514,0.0158227
7.85,0.266134,0.121166,0.0901404,0.0709237,0.0433398,0.0447772,0.0312682,0.0263506,0.0208514,0.0158227
7.855,0.266134,0.121166,0.0901404,0.0709237,0.0433398,0.0447773,0.0312682,0.0263506,0.0208514,0.0158227
7.86,0.266134,0.121166,0.0901404,0.0709238,0.0433398,0.0447773,0.0312682,0.0263506,0.0208514,0.0158227
7.865,0.266134,0.121166,0.0901404,0.0709238,0.0433398,0.0447773,0.0312682,0.0263506,0.0208514,0.0158227
7.87,0.266134,0.121166,0.0901405,0.0709238,0.0433398,0.0447773,0.0312682,0.0263506,0.0208514,0.0158227
7.875,0.266134,0.121166,0.0901405,0.0709238,0.0433398,0.0447773,0.0312682,0.0263506,0.0208514,0.0158227
7.88,0.266134,0.121166,0.0901405,0.0709238,0.0433398,0.0447773,0.0312683,0.0263506,0.0208514,0.0158227
7.885,0.266134,0.121166,0.0901405,0.0709238,0.0433398,0.0447773,0.0312683,0.0263506,0.0208514,0.0158227
7.89,0.266134,0.121166,0.0901405,0.0709238,0.0433398,0.0447773,0.0312683,0.0263506,0.0208514,0.0158227
7.895,0.266134,0.121166,0.0901405,0.0709238,0.0433398,0.0447773,0.0312683,0.0263506,0.0208515,0.0158227
7.9,0.266134,0.121166,0.0901405,0.0709238,0.0433398,0.0447773,0.0312683,0.0263506,0.0208515,0.0158227
7.905,0.266134,0.121166,0.0901405,0.0709238,0.0433398,0.0447773,0.0312683,0.0263506,0.0208515,0.0158227
7.91,0.266134,0.121166,0.0901405,0.0709238,0.0433398,0.0447773,0.0312683,0.0263506,0.0208515,0.0158227
7.915,0.266134,0.121166,0.0901405,0.0709238,0.0433398,0.0447773,0.0312683,0.0263506,0.0208515,0.0158227
7.92,0.266134,0.121166,0.0901405,0.0709238,0.0433399,0.0447773,0.0312683,0.0263506,0.0208515,0.0158227
7.925,0.266134,0.121166,0.0901405,0.0709239,0.0433399,0.0447773,0.0312683,0.0263506,0.0208515,0.0158228
7.93,0.266134,0.121166,0.0901405,0.0709239,0.0433399,0.0447773,0.0312683,0.0263506,0.0208515,0.0158228
7.935,0.266134,0.121166,0.0901405,0.0709239,0.0433399,0.0447774,0.0312683,0.0263506,0.0208515,0.0158228
7.94,0.266134,0.121166,0.0901405,0.0709239,0.0433399,0.0447774,0.0312683,0.0263507,0.0208515,0.0158228
7.945,0.266134,0.121166,0.0901405,0.0709239,0.0433399,0.0447774,0.0312683,0.0263507,0.0208515,0.0158228
7.95,0.266134,0.121166,0.0901405,0.0709239,0.0433399,0.0447774,0.0312683,0.0263507,0.0208515,0.0158228
7.955,0.266134,0.121166,0.0901405,0.0709239,0.0433399,0.0447774,0.0312683,0.0263507,0.0208515,0.0158228
7.96,0.266134,0.121166,0.0901406,0.0709239,0.0433399,0.0447774,0.0312683,0.0263507,0.0208515,0.0158228
7.965,0.266134,0.121166,0.0901406,0.0709239,0.0433399,0.0447774,0.0312684,0.0263507,0.0208515,0.0158228
7.97,0.266134,0.121166,0.0901406,0.0709239,0.0433399,0.0447774,0.0312684,0.0263507,0.0208515,0.0158228
7.975,0.266134,0.121166,0.0901406,0.0709239,0.0433399,0.0447774,0.0312684,0.0263507,0.0208515,0.0158228
7.98,0.266134,0.121166,0.0901406,0.0709239,0.0433399,0.0447774,0.0312684,0.0263507,0.0208515,0.0158228
7.985,0.266134,0.121166,0.0901406,0.0709239,0.0433399,0.0447774,0.0312684,0.0263507,0.0208515,0.0158228
7.99,0.266134,0.121166,0.0901406,0.0709239,0.0433399,0.0447774,0.0312684,0.0263507,0.0208515,0.0158228
7.995,0.266134,0.121166,0.0901406,0.0709239,0.0433399,0.0447774,0.0312684,0.0263507,0.0208516,0.0158228
8,0.266134,0.121166,0.0901406,0.070924,0.0433399,0.0447774,0.0312684,0.0263507,0.0208516,0.0158228
8.005,0.266134,0.121166,0.0901406,0.070924,0.0433399,0.0447774,0.0312684,0.0263507,0.0208516,0.0158228
8.01,0.266134,0.121166,0.0901406,0.070924,0.0433399,0.0447774,0.0312684,0.0263507,0.0208516,0.0158228
8.015,0.266134,0.121166,0.0901406,0.070924,0.0433399,0.0447774,0.0312684,0.0263507,0.0208516,0.0158228
8.02,0.266134,0.121166,0.0901406,0.070924,0.0433399,0.0447774,0.0312684,0.0263507,0.0208516,0.0158228
8.025,0.266134,0.121166,0.0901406,0.070924,0.04334,0.0447775,0.0312684,0.0263507,0.0208516,0.0158228
8.03,0.266134,0.121166,0.0901406,0.070924,0.04334,0.0447775,0.0312684,0.0263507,0.0208516,0.0158228
8.035,0.266134,0.121166,0.0901406,0.070924,0.04334,0.0447775,0.0312684,0.0263507,0.0208516,0.0158228
8.04,0.266134,0.121166,0.0901406,0.070924,0.04334,0.0447775,0.0312684,0.0263507,0.0208516,0.0158228
8.045,0.266134,0.121166,0.0901406,0.070924,0.04334,0.0447775,0.0312684,0.0263507,0.0208516,0.0158228
8.05,0.266134,0.121166,0.0901406,0.070924,0.04334,0.0447775,0.0312684,0.0263507,0.0208516,0.0158228
8.055,0.266134,0.121166,0.0901406,0.070924,0.04334,0.0447775,0.0312684,0.0263507,0.0208516,0.0158228
8.06,0.266134,0.121166,0.0901407,0.070924,0.04334,0.0447775,0.0312684,0.0263507,0.0208516,0.0158228
8.065,0.266134,0.121166,0.0901407,0.070924,0.04334,0.0447775,0.0312685,0.0263507,0.0208516,0.0158228
8.07,0.266134,0.121166,0.0901407,0.070924,0.04334,0.0447775,0.0312685,0.0263507,0.0208516,0.0158228
8.075,0.266134,0.121166,0.0901407,0.070924,0.04334,0.0447775,0.0312685,0.0263508,0.0208516,0.0158229
8.08,0.266134,0.121166,0.0901407,0.070924,0.04334,0.0447775,0.0312685,0.0263508,0.0208516,0.0158229
8.085,0.266134,0.121166,0.0901407,0.0709241,0.04334,0.0447775,0.0312685,0.0263508,0.0208516,0.0158229
8.09,0.266134,0.121166,0.0901407,0.0709241,0.04334,0.0447775,0.0312685,0.0263508,0.0208516,0.0158229
8.095,0.266134,0.121166,0.0901407,0.0709241,0.04334,0.0447775,0.0312685,0.0263508,0.0208516,0.0158229
8.1,0.266134,0.121166,0.0901407,0.0709241,0.04334,0.0447775,0.0312685,0.0263508,0.0208516,0.0158229
8.105,0.266134,0.121166,0.0901407,0.0709241,0.04334,0.0447775,0.0312685,0.0263508,0.0208516,0.0158229
8.11,0.266134,0.121166,0.0901407,0.0709241,0.04334,0.0447775,0.0312685,0.0263508,0.0208516,0.0158229
8.115,0.266134,0.121166,0.0901407,0.0709241,0.04334,0.0447775,0.0312685,0.0263508,0.0208516,0.0158229
8.12,0.266134,0.121166,0.0901407,0.0709241,0.04334,0.0447775,0.0312685,0.0263508,0.0208517,0.0158229
8.125,0.266134,0.121166,0.0901407,0.0709241,0.04334,0.0447775,0.0312685,0.0263508,0.0208517,0.0158229
8.13,0.266134,0.121166,0.0901407,0.0709241,0.04334,0.0447776,0.0312685,0.0263508,0.0208517,0.0158229
8.135,0.266134,0.121166,0.0901407,0.0709241,0.04334,0.0447776,0.0312685,0.0263508,0.0208517,0.0158229
8.14,0.266134,0.121166,0.0901407,0.0709241,0.04334,0.0447776,0.0312685,0.0263508,0.0208517,0.0158229
8.145,0.266134,0.121166,0.0901407,0.0709241,0.04334,0.0447776,0.0312685,0.0263508,0.0208517,0.0158229
8.15,0.266134,0.121166,0.0901407,0.0709241,0.0433401,0.0447776,0.0312685,0.0263508,0.0208517,0.0158229
8.155,0.266134,0.121166,0.0901407,0.0709241,0.0433401,0.0447776,0.0312685,0.0263508,0.0208517,0.0158229
8.16,0.266134,0.121166,0.0901407,0.0709241,0.0433401,0.0447776,0.0312685,0.0263508,0.0208517,0.0158229
8.165,0.266134,0.121166,0.0901407,0.0709241,0.0433401,0.0447776,0.0312685,0.0263508,0.0208517,0.0158229
8.17,0.266134,0.121166,0.0901407,0.0709241,0.0433401,0.0447776,0.0312685,0.0263508,0.0208517,0.0158229
8.175,0.266134,0.121166,0.0901407,0.0709241,0.0433401,0.0447776,0.0312685,0.0263508,0.0208517,0.0158229
8.18,0.266134,0.121166,0.0901407,0.0709241,0.0433401,0.0447776,0.0312685,0.0263508,0.0208517,0.0158229
8.185,0.266134,0.121166,0.0901408,0.0709242,0.0433401,0.0447776,0.0312686,0.0263508,0.0208517,0.0158229
8.19,0.266134,0.121166,0.0901408,0.0709242,0.0433401,0.0447776,0.0312686,0.0263508,0.0208517,0.0158229
8.195,0.266134,0.121166,0.0901408,0.0709242,0.0433401,0.0447776,0.0312686,0.0263508,0.0208517,0.0158229
8.2,0.266134,0.121166,0.0901408,0.0709242,0.0433401,0.0447776,0.0312686,0.0263508,0.0208517,0.0158229
8.205,0.266134,0.121166,0.0901408,0.0709242,0.0433401,0.0447776,0.0312686,0.0263508,0.0208517,0.0158229
8.21,0.266134,0.121166,0.0901408,0.0709242,0.0433401,0.0447776,0.0312686,0.0263508,0.0208517,0.0158229
8.215,0.266134,0.121166,0.0901408,0.0709242,0.0433401,0.0447776,0.0312686,0.0263508,0.0208517,0.0158229
8.22,0.266134,0.121166,0.0901408,0.0709242,0.0433401,0.0447776,0.0312686,0.0263508,0.0208517,0.0158229
8.225,0.266134,0.121166,0.0901408,0.0709242,0.0433401,0.0447776,0.0312686,0.0263508,0.0208517,0.0158229
8.23,0.266134,0.121166,0.0901408,0.0709242,0.0433401,0.0447776,0.0312686,0.0263508,0.0208517,0.0158229
8.235,0.266134,0.121166,0.0901408,0.0709242,0.0433401,0.0447776,0.0312686,0.0263508,0.0208517,0.0158229
8.24,0.266134,0.121166,0.0901408,0.0709242,0.0433401,0.0447776,0.0312686,0.0263508,0.0208517,0.0158229
8.245,0.266134,0.121166,0.0901408,0.0709242,0.0433401,0.0447776,0.0312686,0.0263508,0.0208517,0.0158229
8.25,0.266134,0.121166,0.0901408,0.0709242,0.0433401,0.0447776,0.0312686,0.0263509,0.0208517,0.0158229
8.255,0.266134,0.121166,0.0901408,0.0709242,0.0433401,0.0447777,0.0312686,0.0263509,0.0208517,0.0158229
8.26,0.266134,0.121166,0.0901408,0.0709242,0.0433401,0.0447777,0.0312686,0.0263509,0.0208517,0.0158229
8.265,0.266134,0.121166,0.0901408,0.0709242,0.0433401,0.0447777,0.0312686,0.0263509,0.0208517,0.0158229
8.27,0.266134,0.121166,0.0901408,0.0709242,0.0433401,0.0447777,0.0312686,0.0263509,0.0208517,0.015823
8.275,0.266134,0.121166,0.0901408,0.0709242,0.0433401,0.0447777,0.0312686,0.0263509,0.0208517,0.015823
8.28,0.266134,0.121166,0.0901408,0.0709242,0.0433401,0.0447777,0.0312686,0.0263509,0.0208518,0.015823
8.285,0.266134,0.121166,0.0901408,0.0709242,0.0433401,0.0447777,0.0312686,0.0263509,0.0208518,0.015823
8.29,0.266134,0.121166,0.0901408,0.0709242,0.0433401,0.0447777,0.0312686,0.0263509,0.0208518,0.015823
8.295,0.266134,0.121166,0.0901408,0.0709242,0.0433401,0.0447777,0.0312686,0.0263509,0.0208518,0.015823
8.3,0.266134,0.121166,0.0901408,0.0709242,0.0433401,0.0447777,0.0312686,0.0263509,0.0208518,0.015823
8.305,0.266134,0.121166,0.0901408,0.0709243,0.0433401,0.0447777,0.0312686,0.0263509,0.0208518,0.015823
8.31,0.266134,0.121166,0.0901408,0.0709243,0.0433402,0.0447777,0.0312686,0.0263509,0.0208518,0.015823
8.315,0.266134,0.121166,0.0901408,0.0709243,0.0433402,0.0447777,0.0312686,0.0263509,0.0208518,0.015823
8.32,0.266134,0.121166,0.0901408,0.0709243,0.0433402,0.0447777,0.0312686,0.0263509,0.0208518,0.015823
8.325,0.266134,0.121166,0.0901408,0.0709243,0.0433402,0.0447777,0.0312686,0.0263509,0.0208518,0.015823
8.33,0.266134,0.121166,0.0901408,0.0709243,0.0433402,0.0447777,0.0312686,0.0263509,0.0208518,0.015823
8.335,0.266134,0.121166,0.0901408,0.0709243,0.0433402,0.0447777,0.0312687,0.0263509,0.0208518,0.015823
8.34,0.266134,0.121166,0.0901409,0.0709243,0.0433402,0.0447777,0.0312687,0.0263509,0.0208518,0.015823
8.345,0.266134,0.121166,0.0901409,0.0709243,0.0433402,0.0447777,0.0312687,0.0263509,0.0208518,0.015823
8.35,0.266134,0.121166,0.0901409,0.0709243,0.0433402,0.0447777,0.0312687,0.0263509,0.0208518,0.015823
8.355,0.266134,0.121166,0.0901409,0.0709243,0.0433402,0.0447777,0.0312687,0.0263509,0.0208518,0.015823
8.36,0.266134,0.121166,0.0901409,0.0709243,0.0433402,0.0447777,0.0312687,0.0263509,0.0208518,0.015823
8.365,0.266134,0.121166,0.0901409,0.0709243,0.0433402,0.0447777,0.0312687,0.0263509,0.0208518,0.015823
8.37,0.266134,0.121166,0.0901409,0.0709243,0.0433402,0.0447777,0.0312687,0.0263509,0.0208518,0.015823
8.375,0.266134,0.121166,0.0901409,0.0709243,0.0433402,0.0447777,0.0312687,0.0263509,0.0208518,0.015823
8.38,0.266134,0.121166,0.0901409,0.0709243,0.0433402,0.0447777,0.0312687,0.0263509,0.0208518,0.015823
8.385,0.266134,0.121166,0.0901409,0.0709243,0.0433402,0.0447777,0.0312687,0.0263509,0.0208518,0.015823
8.39,0.266134,0.121166,0.0901409,0.0709243,0.0433402,0.0447777,0.0312687,0.0263509,0.0208518,0.015823
8.395,0.266134,0.121166,0.0901409,0.0709243,0.0433402,0.0447777,0.0312687,0.0263509,0.0208518,0.015823
8.4,0.266134,0.121166,0.0901409,0.0709243,0.0433402,0.0447777,0.0312687,0.0263509,0.0208518,0.015823
8.405,0.266134,0.121166,0.0901409,0.0709243,0.0433402,0.0447777,0.0312687,0.0263509,0.0208518,0.015823
8.41,0.266134,0.121166,0.0901409,0.0709243,0.0433402,0.0447777,0.0312687,0.0263509,0.0208518,0.015823
8.415,0.266134,0.121166,0.0901409,0.0709243,0.0433402,0.0447777,0.0312687,0.0263509,0.0208518,0.015823
8.42,0.266134,0.121166,0.0901409,0.0709243,0.0433402,0.0447778,0.0312687,0.0263509,0.0208518,0.015823
8.425,0.266134,0.121166,0.0901409,0.0709243,0.0433402,0.0447778,0.0312687,0.0263509,0.0208518,0.015823
8.43,0.266134,0.121166,0.0901409,0.0709243,0.0433402,0.0447778,0.0312687,0.0263509,0.0208518,0.015823
8.435,0.266134,0.121166,0.0901409,0.0709243,0.0433402,0.0447778,0.0312687,0.0263509,0.0208518,0.015823
8.44,0.266134,0.121166,0.0901409,0.0709243,0.0433402,0.0447778,0.0312687,0.0263509,0.0208518,0.015823
8.445,0.266134,0.121166,0.0901409,0.0709243,0.0433402,0.0447778,0.0312687,0.0263509,0.0208518,0.015823
8.45,0.266134,0.121166,0.0901409,0.0709243,0.0433402,0.0447778,0.0312687,0.0263509,0.0208518,0.015823
8.455,0.266134,0.121166,0.0901409,0.0709243,0.0433402,0.0447778,0.0312687,0.0263509,0.0208518,0.015823
8.46,0.266134,0.121166,0.0901409,0.0709244,0.0433402,0.0447778,0.0312687,0.0263509,0.0208518,0.015823
8.465,0.266134,0.121166,0.0901409,0.0709244,0.0433402,0.0447778,0.0312687,0.0263509,0.0208518,0.015823
8.47,0.266134,0.121166,0.0901409,0.0709244,0.0433402,0.0447778,0.0312687,0.0263509,0.0208518,0.015823
8.475,0.266134,0.121166,0.0901409,0.0709244,0.0433402,0.0447778,0.0312687,0.0263509,0.0208518,0.015823
8.48,0.266134,0.121166,0.0901409,0.0709244,0.0433402,0.0447778,0.0312687,0.0263509,0.0208518,0.015823
8.485,0.266134,0.121166,0.0901409,0.0709244,0.0433402,0.0447778,0.0312687,0.0263509,0.0208518,0.015823
8.49,0.266134,0.121166,0.0901409,0.0709244,0.0433402,0.0447778,0.0312687,0.0263509,0.0208518,0.015823
8.495,0.266134,0.121166,0.0901409,0.0709244,0.0433402,0.0447778,0.0312687,0.0263509,0.0208518,0.015823
8.5,0.266134,0.121166,0.0901409,0.0709244,0.0433402,0.0447778,0.0312687,0.0263509,0.0208519,0.015823
8.505,0.266134,0.121166,0.0901409,0.0709244,0.0433402,0.0447778,0.0312687,0.026351,0.0208519,0.015823
8.51,0.266134,0.121166,0.0901409,0.0709244,0.0433402,0.0447778,0.0312687,0.026351,0.0208519,0.015823
8.515,0.266134,0.121166,0.0901409,0.0709244,0.0433402,0.0447778,0.0312687,0.026351,0.0208519,0.015823
8.52,0.266134,0.121166,0.0901409,0.0709244,0.0433402,0.0447778,0.0312687,0.026351,0.0208519,0.015823
8.525,0.266134,0.121166,0.0901409,0.0709244,0.0433402,0.0447778,0.0312687,0.026351,0.0208519,0.015823
8.53,0.266134,0.121166,0.0901409,0.0709244,0.0433403,0.0447778,0.0312687,0.026351,0.0208519,0.015823
8.535,0.266134,0.121166,0.0901409,0.0709244,0.0433403,0.0447778,0.0312688,0.026351,0.0208519,0.015823
8.54,0.266134,0.121166,0.0901409,0.0709244,0.0433403,0.0447778,0.0312688,0.026351,0.0208519,0.015823
8.545,0.266134,0.121166,0.0901409,0.0709244,0.0433403,0.0447778,0.0312688,0.026351,0.0208519,0.015823
8.55,0.266134,0.121166,0.0901409,0.0709244,0.0433403,0.0447778,0.0312688,0.026351,0.0208519,0.015823
8.555,0.266134,0.121166,0.090141,0.0709244,0.0433403,0.0447778,0.0312688,0.026351,0.0208519,0.015823
8.56,0.266134,0.121166,0.090141,0.0709244,0.0433403,0.0447778,0.0312688,0.026351,0.0208519,0.015823
8.565,0.266134,0.121166,0.090141,0.0709244,0.0433403,0.0447778,0.0312688,0.026351,0.0208519,0.015823
8.57,0.266134,0.121166,0.090141,0.0709244,0.0433403,0.0447778,0.0312688,0.026351,0.0208519,0.0158231
8.575,0.266134,0.121166,0.090141,0.0709244,0.0433403,0.0447778,0.0312688,0.026351,0.0208519,0.0158231
8.58,0.266134,0.121166,0.090141,0.0709244,0.0433403,0.0447778,0.0312688,0.026351,0.0208519,0.0158231
8.585,0.266134,0.121166,0.090141,0.0709244,0.0433403,0.0447778,0.0312688,0.026351,0.0208519,0.0158231
8.59,0.266134,0.121166,0.090141,0.0709244,0.0433403,0.0447778,0.0312688,0.026351,0.0208519,0.0158231
8.595,0.266134,0.121166,0.090141,0.0709244,0.0433403,0.0447778,0.0312688,0.026351,0.0208519,0.0158231
8.6,0.266134,0.121166,0.090141,0.0709244,0.0433403,0.0447778,0.0312688,0.026351,0.0208519,0.0158231
8.605,0.266134,0.121166,0.090141,0.0709244,0.0433403,0.0447778,0.0312688,0.026351,0.0208519,0.0158231
8.61,0.266134,0.121166,0.090141,0.0709244,0.0433403,0.0447778,0.0312688,0.026351,0.0208519,0.0158231
8.615,0.266134,0.121166,0.090141,0.0709244,0.0433403,0.0447778,0.0312688,0.026351,0.0208519,0.0158231
8.62,0.266134,0.121166,0.090141,0.0709244,0.0433403,0.0447778,0.0312688,0.026351,0.0208519,0.0158231
8.625,0.266134,0.121166,0.090141,0.0709244,0.0433403,0.0447778,0.0312688,0.026351,0.0208519,0.0158231
8.63,0.266134,0.121166,0.090141,0.0709244,0.0433403,0.0447778,0.0312688,0.026351,0.0208519,0.0158231
8.635,0.266134,0.121166,0.090141,0.0709244,0.0433403,0.0447778,0.0312688,0.026351,0.0208519,0.0158231
8.64,0.266134,0.121166,0.090141,0.0709244,0.0433403,0.0447778,0.0312688,0.026351,0.0208519,0.0158231
8.645,0.266134,0.121166,0.090141,0.0709244,0.0433403,0.0447779,0.0312688,0.026351,0.0208519,0.0158231
8.65,0.266134,0.121166,0.090141,0.0709244,0.0433403,0.0447779,0.0312688,0.026351,0.0208519,0.0158231
8.655,0.266134,0.121166,0.090141,0.0709244,0.0433403,0.0447779,0.0312688,0.026351,0.0208519,0.0158231
8.66,0.266134,0.121166,0.090141,0.0709245,0.0433403,0.0447779,0.0312688,0.026351,0.0208519,0.0158231
8.665,0.266134,0.121166,0.090141,0.0709245,0.0433403,0.0447779,0.0312688,0.026351,0.0208519,0.0158231
8.67,0.266134,0.121166,0.090141,0.0709245,0.0433403,0.0447779,0.0312688,0.026351,0.0208519,0.0158231
8.675,0.266134,0.121166,0.090141,0.0709245,0.0433403,0.0447779,0.0312688,0.026351,0.0208519,0.0158231
8.68,0.266134,0.121166,0.090141,0.0709245,0.0433403,0.0447779,0.0312688,0.026351,0.0208519,0.0158231
8.685,0.266134,0.121166,0.090141,0.0709245,0.0433403,0.0447779,0.0312688,0.026351,0.0208519,0.0158231
8.69,0.266134,0.121166,0.090141,0.0709245,0.0433403,0.0447779,0.0312688,0.026351,0.0208519,0.0158231
8.695,0.266134,0.121166,0.090141,0.0709245,0.0433403,0.0447779,0.0312688,0.026351,0.0208519,0.0158231
8.7,0.266134,0.121166,0.090141,0.0709245,0.0433403,0.0447779,0.0312688,0.026351,0.0208519,0.0158231
8.705,0.266134,0.121166,0.090141,0.0709245,0.0433403,0.0447779,0.0312688,0.026351,0.0208519,0.0158231
8.71,0.266134,0.121166,0.090141,0.0709245,0.0433403,0.0447779,0.0312688,0.026351,0.0208519,0.0158231
8.715,0.266134,0.121166,0.090141,0.0709245,0.0433403,0.0447779,0.0312688,0.026351,0.0208519,0.0158231
8.72,0.266134,0.121166,0.090141,0.0709245,0.0433403,0.0447779,0.0312688,0.026351,0.0208519,0.0158231
8.725,0.266134,0.121166,0.090141,0.0709245,0.0433403,0.0447779,0.0312688,0.026351,0.0208519,0.0158231
8.73,0.266134,0.121166,0.090141,0.0709245,0.0433403,0.0447779,0.0312688,0.026351,0.0208519,0.0158231
8.735,0.266134,0.121166,0.090141,0.0709245,0.0433403,0.0447779,0.0312688,0.026351,0.0208519,0.0158231
8.74,0.266134,0.121166,0.090141,0.0709245,0.0433403,0.0447779,0.0312688,0.026351,0.0208519,0.0158231
8.745,0.266134,0.121166,0.090141,0.0709245,0.0433403,0.0447779,0.0312688,0.026351,0.0208519,0.0158231
8.75,0.266134,0.121166,0.090141,0.0709245,0.0433403,0.0447779,0.0312688,0.026351,0.0208519,0.0158231
8.755,0.266134,0.121166,0.090141,0.0709245,0.0433403,0.0447779,0.0312688,0.026351,0.0208519,0.0158231
8.76,0.266134,0.121166,0.090141,0.0709245,0.0433403,0.0447779,0.0312688,0.026351,0.0208519,0.0158231
8.765,0.266134,0.121166,0.090141,0.0709245,0.0433403,0.0447779,0.0312688,0.026351,0.0208519,0.0158231
8.77,0.266134,0.121166,0.090141,0.0709245,0.0433403,0.0447779,0.0312688,0.026351,0.0208519,0.0158231
8.775,0.266134,0.121166,0.090141,0.0709245,0.0433403,0.0447779,0.0312688,0.026351,0.0208519,0.0158231
8.78,0.266134,0.121166,0.090141,0.0709245,0.0433403,0.0447779,0.0312688,0.026351,0.0208519,0.0158231
8.785,0.266134,0.121166,0.090141,0.0709245,0.0433403,0.0447779,0.0312688,0.026351,0.0208519,0.0158231
8.79,0.266134,0.121166,0.090141,0.0709245,0.0433403,0.0447779,0.0312688,0.026351,0.0208519,0.0158231
8.795,0.266134,0.121166,0.090141,0.0709245,0.0433403,0.0447779,0.0312688,0.026351,0.0208519,0.0158231
8.8,0.266134,0.121166,0.090141,0.0709245,0.0433403,0.0447779,0.0312688,0.026351,0.0208519,0.0158231
8.805,0.266134,0.121166,0.090141,0.0709245,0.0433403,0.0447779,0.0312688,0.026351,0.0208519,0.0158231
8.81,0.266134,0.121166,0.090141,0.0709245,0.0433403,0.0447779,0.0312688,0.026351,0.0208519,0.0158231
8.815,0.266134,0.121166,0.090141,0.0709245,0.0433403,0.0447779,0.0312688,0.026351,0.0208519,0.0158231
8.82,0.266134,0.121166,0.090141,0.0709245,0.0433403,0.0447779,0.0312688,0.026351,0.0208519,0.0158231
8.825,0.266134,0.121166,0.090141,0.0709245,0.0433403,0.0447779,0.0312688,0.026351,0.0208519,0.0158231
8.83,0.266134,0.121166,0.090141,0.0709245,0.0433403,0.0447779,0.0312688,0.026351,0.0208519,0.0158231
8.835,0.266134,0.121166,0.090141,0.0709245,0.0433403,0.0447779,0.0312689,0.026351,0.0208519,0.0158231
8.84,0.266134,0.121166,0.090141,0.0709245,0.0433403,0.0447779,0.0312689,0.026351,0.0208519,0.0158231
8.845,0.266134,0.121166,0.090141,0.0709245,0.0433403,0.0447779,0.0312689,0.026351,0.020852,0.0158231
8.85,0.266134,0.121166,0.090141,0.0709245,0.0433403,0.0447779,0.0312689,0.026351,0.020852,0.0158231
8.855,0.266134,0.121166,0.090141,0.0709245,0.0433403,0.0447779,0.0312689,0.026351,0.020852,0.0158231
8.86,0.266134,0.121166,0.090141,0.0709245,0.0433403,0.0447779,0.0312689,0.026351,0.020852,0.0158231
8.865,0.266134,0.121166,0.090141,0.0709245,0.0433403,0.0447779,0.0312689,0.026351,0.020852,0.0158231
8.87,0.266134,0.121166,0.090141,0.0709245,0.0433403,0.0447779,0.0312689,0.026351,0.020852,0.0158231
8.875,0.266134,0.121166,0.090141,0.0709245,0.0433403,0.0447779,0.0312689,0.026351,0.020852,0.0158231
8.88,0.266134,0.121166,0.090141,0.0709245,0.0433403,0.0447779,0.0312689,0.026351,0.020852,0.0158231
8.885,0.266134,0.121166,0.090141,0.0709245,0.0433404,0.0447779,0.0312689,0.026351,0.020852,0.0158231
8.89,0.266134,0.121166,0.0901411,0.0709245,0.0433404,0.0447779,0.0312689,0.026351,0.020852,0.0158231
8.895,0.266134,0.121166,0.0901411,0.0709245,0.0433404,0.0447779,0.0312689,0.026351,0.020852,0.0158231
8.9,0.266134,0.121166,0.0901411,0.0709245,0.0433404,0.0447779,0.0312689,0.026351,0.020852,0.0158231
8.905,0.266134,0.121166,0.0901411,0.0709245,0.0433404,0.0447779,0.0312689,0.026351,0.020852,0.0158231
8.91,0.266134,0.121166,0.0901411,0.0709245,0.0433404,0.0447779,0.0312689,0.026351,0.020852,0.0158231
8.915,0.266134,0.121166,0.0901411,0.0709245,0.0433404,0.0447779,0.0312689,0.026351,0.020852,0.0158231
8.92,0.266134,0.121166,0.0901411,0.0709245,0.0433404,0.0447779,0.0312689,0.026351,0.020852,0.0158231
8.925,0.266134,0.121166,0.0901411,0.0709245,0.0433404,0.0447779,0.0312689,0.026351,0.020852,0.0158231
8.93,0.266134,0.121166,0.0901411,0.0709245,0.0433404,0.0447779,0.0312689,0.026351,0.020852,0.0158231
8.935,0.266134,0.121166,0.0901411,0.0709245,0.0433404,0.0447779,0.0312689,0.026351,0.020852,0.0158231
8.94,0.266134,0.121166,0.0901411,0.0709245,0.0433404,0.0447779,0.0312689,0.026351,0.020852,0.0158231
8.945,0.266134,0.121166,0.0901411,0.0709245,0.0433404,0.0447779,0.0312689,0.0263511,0.020852,0.0158231
8.95,0.266134,0.121166,0.0901411,0.0709245,0.0433404,0.0447779,0.0312689,0.0263511,0.020852,0.0158231
8.955,0.266134,0.121166,0.0901411,0.0709245,0.0433404,0.0447779,0.0312689,0.0263511,0.020852,0.0158231
8.96,0.266134,0.121167,0.0901411,0.0709245,0.0433404,0.0447779,0.0312689,0.0263511,0.020852,0.0158231
8.965,0.266134,0.121167,0.0901411,0.0709246,0.0433404,0.0447779,0.0312689,0.0263511,0.020852,0.0158231
8.97,0.266134,0.121167,0.0901411,0.0709246,0.0433404,0.0447779,0.0312689,0.0263511,0.020852,0.0158231
8.975,0.266134,0.121167,0.0901411,0.0709246,0.0433404,0.0447779,0.0312689,0.0263511,0.020852,0.0158231
8.98,0.266134,0.121167,0.0901411,0.0709246,0.0433404,0.0447779,0.0312689,0.0263511,0.020852,0.0158231
8.985,0.266134,0.121167,0.0901411,0.0709246,0.0433404,0.0447779,0.0312689,0.0263511,0.020852,0.0158231
8.99,0.266134,0.121167,0.0901411,0.0709246,0.0433404,0.0447779,0.0312689,0.0263511,0.020852,0.0158231
8.995,0.266134,0.121167,0.0901411,0.0709246,0.0433404,0.0447779,0.0312689,0.0263511,0.020852,0.0158231
9,0.266134,0.121167,0.0901411,0.0709246,0.0433404,0.0447779,0.0312689,0.0263511,0.020852,0.0158231
9.005,0.266134,0.121167,0.0901411,0.0709246,0.0433404,0.044778,0.0312689,0.0263511,0.020852,0.0158231
9.01,0.266134,0.121167,0.0901411,0.0709246,0.0433404,0.044778,0.0312689,0.0263511,0.020852,0.0158231
9.015,0.266134,0.121167,0.0901411,0.0709246,0.0433404,0.044778,0.0312689,0.0263511,0.020852,0.0158231
9.02,0.266134,0.121167,0.0901411,0.0709246,0.0433404,0.044778,0.0312689,0.0263511,0.020852,0.0158231
9.025,0.266134,0.121167,0.0901411,0.0709246,0.0433404,0.044778,0.0312689,0.0263511,0.020852,0.0158231
9.03,0.266134,0.121167,0.0901411,0.0709246,0.0433404,0.044778,0.0312689,0.0263511,0.020852,0.0158231
9.035,0.266134,0.121167,0.0901411,0.0709246,0.0433404,0.044778,0.0312689,0.0263511,0.020852,0.0158231
9.04,0.266134,0.121167,0.0901411,0.0709246,0.0433404,0.044778,0.0312689,0.0263511,0.020852,0.0158231
9.045,0.266134,0.121167,0.0901411,0.0709246,0.0433404,0.044778,0.0312689,0.0263511,0.020852,0.0158231
9.05,0.266134,0.121167,0.0901411,0.0709246,0.0433404,0.044778,0.0312689,0.0263511,0.020852,0.0158231
9.055,0.266134,0.121167,0.0901411,0.0709246,0.0433404,0.044778,0.0312689,0.0263511,0.020852,0.0158231
9.06,0.266134,0.121167,0.0901411,0.0709246,0.0433404,0.044778,0.0312689,0.0263511,0.020852,0.0158231
9.065,0.266134,0.121167,0.0901411,0.0709246,0.0433404,0.044778,0.0312689,0.0263511,0.020852,0.0158231
9.07,0.266134,0.121167,0.0901411,0.0709246,0.0433404,0.044778,0.0312689,0.0263511,0.020852,0.0158231
9.075,0.266134,0.121167,0.0901411,0.0709246,0.0433404,0.044778,0.0312689,0.0263511,0.020852,0.0158231
9.08,0.266134,0.121167,0.0901411,0.0709246,0.0433404,0.044778,0.0312689,0.0263511,0.020852,0.0158231
9.085,0.266134,0.121167,0.0901411,0.0709246,0.0433404,0.044778,0.0312689,0.0263511,0.020852,0.0158231
9.09,0.266134,0.121167,0.0901411,0.0709246,0.0433404,0.044778,0.0312689,0.0263511,0.020852,0.0158231
9.095,0.266134,0.121167,0.0901411,0.0709246,0.0433404,0.044778,0.0312689,0.0263511,0.020852,0.0158231
9.1,0.266134,0.121167,0.0901411,0.0709246,0.0433404,0.044778,0.0312689,0.0263511,0.020852,0.0158231
9.105,0.266134,0.121167,0.0901411,0.0709246,0.0433404,0.044778,0.0312689,0.0263511,0.020852,0.0158231
9.11,0.266134,0.121167,0.0901411,0.0709246,0.0433404,0.044778,0.0312689,0.0263511,0.020852,0.0158231
9.115,0.266134,0.121167,0.0901411,0.0709246,0.0433404,0.044778,0.0312689,0.0263511,0.020852,0.0158231
9.12,0.266134,0.121167,0.0901411,0.0709246,0.0433404,0.044778,0.0312689,0.0263511,0.020852,0.0158231
9.125,0.266134,0.121167,0.0901411,0.0709246,0.0433404,0.044778,0.0312689,0.0263511,0.020852,0.0158231
9.13,0.266134,0.121167,0.0901411,0.0709246,0.0433404,0.044778,0.0312689,0.0263511,0.020852,0.0158231
9.135,0.266134,0.121167,0.0901411,0.0709246,0.0433404,0.044778,0.0312689,0.0263511,0.020852,0.0158231
9.14,0.266134,0.121167,0.0901411,0.0709246,0.0433404,0.044778,0.0312689,0.0263511,0.020852,0.0158231
9.145,0.266134,0.121167,0.0901411,0.0709246,0.0433404,0.044778,0.0312689,0.0263511,0.020852,0.0158231
9.15,0.266134,0.121167,0.0901411,0.0709246,0.0433404,0.044778,0.0312689,0.0263511,0.020852,0.0158231
9.155,0.266134,0.121167,0.0901411,0.0709246,0.0433404,0.044778,0.0312689,0.0263511,0.020852,0.0158231
9.16,0.266134,0.121167,0.0901411,0.0709246,0.0433404,0.044778,0.0312689,0.0263511,0.020852,0.0158231
9.165,0.266134,0.121167,0.0901411,0.0709246,0.0433404,0.044778,0.0312689,0.0263511,0.020852,0.0158231
9.17,0.266134,0.121167,0.0901411,0.0709246,0.0433404,0.044778,0.0312689,0.0263511,0.020852,0.0158231
9.175,0.266134,0.121167,0.0901411,0.0709246,0.0433404,0.044778,0.0312689,0.0263511,0.020852,0.0158231
9.18,0.266134,0.121167,0.0901411,0.0709246,0.0433404,0.044778,0.0312689,0.0263511,0.020852,0.0158231
9.185,0.266134,0.121167,0.0901411,0.0709246,0.0433404,0.044778,0.0312689,0.0263511,0.020852,0.0158231
9.19,0.266134,0.121167,0.0901411,0.0709246,0.0433404,0.044778,0.0312689,0.0263511,0.020852,0.0158231
9.195,0.266134,0.121167,0.0901411,0.0709246,0.0433404,0.044778,0.0312689,0.0263511,0.020852,0.0158232
9.2,0.266134,0.121167,0.0901411,0.0709246,0.0433404,0.044778,0.0312689,0.0263511,0.020852,0.0158232
9.205,0.266134,0.121167,0.0901411,0.0709246,0.0433404,0.044778,0.0312689,0.0263511,0.020852,0.0158232
9.21,0.266134,0.121167,0.0901411,0.0709246,0.0433404,0.044778,0.0312689,0.0263511,0.020852,0.0158232
9.215,0.266134,0.121167,0.0901411,0.0709246,0.0433404,0.044778,0.0312689,0.0263511,0.020852,0.0158232
9.22,0.266134,0.121167,0.0901411,0.0709246,0.0433404,0.044778,0.0312689,0.0263511,0.020852,0.0158232
9.225,0.266134,0.121167,0.0901411,0.0709246,0.0433404,0.044778,0.0312689,0.0263511,0.020852,0.0158232
9.23,0.266134,0.121167,0.0901411,0.0709246,0.0433404,0.044778,0.0312689,0.0263511,0.020852,0.0158232
9.235,0.266134,0.121167,0.0901411,0.0709246,0.0433404,0.044778,0.0312689,0.0263511,0.020852,0.0158232
9.24,0.266134,0.121167,0.0901411,0.0709246,0.0433404,0.044778,0.0312689,0.0263511,0.020852,0.0158232
9.245,0.266134,0.121167,0.0901411,0.0709246,0.0433404,0.044778,0.0312689,0.0263511,0.020852,0.0158232
9.25,0.266134,0.121167,0.0901411,0.0709246,0.0433404,0.044778,0.0312689,0.0263511,0.020852,0.0158232
9.255,0.266134,0.121167,0.0901411,0.0709246,0.0433404,0.044778,0.0312689,0.0263511,0.020852,0.0158232
9.26,0.266134,0.121167,0.0901411,0.0709246,0.0433404,0.044778,0.0312689,0.0263511,0.020852,0.0158232
9.265,0.266134,0.121167,0.0901411,0.0709246,0.0433404,0.044778,0.0312689,0.0263511,0.020852,0.0158232
9.27,0.266134,0.121167,0.0901411,0.0709246,0.0433404,0.044778,0.0312689,0.0263511,0.020852,0.0158232
9.275,0.266134,0.121167,0.0901411,0.0709246,0.0433404,0.044778,0.0312689,0.0263511,0.020852,0.0158232
9.28,0.266134,0.121167,0.0901411,0.0709246,0.0433404,0.044778,0.0312689,0.0263511,0.020852,0.0158232
9.285,0.266134,0.121167,0.0901411,0.0709246,0.0433404,0.044778,0.0312689,0.0263511,0.020852,0.0158232
9.29,0.266134,0.121167,0.0901411,0.0709246,0.0433404,0.044778,0.0312689,0.0263511,0.020852,0.0158232
9.295,0.266134,0.121167,0.0901411,0.0709246,0.0433404,0.044778,0.0312689,0.0263511,0.020852,0.0158232
9.3,0.266134,0.121167,0.0901411,0.0709246,0.0433404,0.044778,0.0312689,0.0263511,0.020852,0.0158232
9.305,0.266134,0.121167,0.0901411,0.0709246,0.0433404,0.044778,0.0312689,0.0263511,0.020852,0.0158232
9.31,0.266134,0.121167,0.0901411,0.0709246,0.0433404,0.044778,0.0312689,0.0263511,0.020852,0.0158232
9.315,0.266134,0.121167,0.0901411,0.0709246,0.0433404,0.044778,0.0312689,0.0263511,0.020852,0.0158232
9.32,0.266134,0.121167,0.0901411,0.0709246,0.0433404,0.044778,0.0312689,0.0263511,0.020852,0.0158232
9.325,0.266134,0.121167,0.0901411,0.0709246,0.0433404,0.044778,0.0312689,0.0263511,0.020852,0.0158232
9.33,0.266134,0.121167,0.0901411,0.0709246,0.0433404,0.044778,0.0312689,0.0263511,0.020852,0.0158232
9.335,0.266134,0.121167,0.0901411,0.0709246,0.0433404,0.044778,0.0312689,0.0263511,0.020852,0.0158232
9.34,0.266134,0.121167,0.0901411,0.0709246,0.0433404,0.044778,0.0312689,0.0263511,0.020852,0.0158232
9.345,0.266134,0.121167,0.0901411,0.0709246,0.0433404,0.044778,0.0312689,0.0263511,0.020852,0.0158232
9.35,0.266134,0.121167,0.0901411,0.0709246,0.0433404,0.044778,0.0312689,0.0263511,0.020852,0.0158232
9.355,0.266134,0.121167,0.0901411,0.0709246,0.0433404,0.044778,0.0312689,0.0263511,0.020852,0.0158232
9.36,0.266134,0.121167,0.0901411,0.0709246,0.0433404,0.044778,0.0312689,0.0263511,0.020852,0.0158232
9.365,0.266134,0.121167,0.0901411,0.0709246,0.0433404,0.044778,0.0312689,0.0263511,0.020852,0.0158232
9.37,0.266134,0.121167,0.0901411,0.0709246,0.0433404,0.044778,0.0312689,0.0263511,0.020852,0.0158232
9.375,0.266134,0.121167,0.0901411,0.0709246,0.0433404,0.044778,0.0312689,0.0263511,0.020852,0.0158232
9.38,0.266134,0.121167,0.0901411,0.0709246,0.0433404,0.044778,0.0312689,0.0263511,0.020852,0.0158232
9.385,0.266134,0.121167,0.0901411,0.0709246,0.0433404,0.044778,0.0312689,0.0263511,0.020852,0.0158232
9.39,0.266134,0.121167,0.0901411,0.0709246,0.0433404,0.044778,0.0312689,0.0263511,0.020852,0.0158232
9.395,0.266134,0.121167,0.0901411,0.0709246,0.0433404,0.044778,0.0312689,0.0263511,0.020852,0.0158232
9.4,0.266134,0.121167,0.0901411,0.0709246,0.0433404,0.044778,0.0312689,0.0263511,0.020852,0.0158232
9.405,0.266134,0.121167,0.0901411,0.0709246,0.0433404,0.044778,0.0312689,0.0263511,0.020852,0.0158232
9.41,0.266134,0.121167,0.0901411,0.0709246,0.0433404,0.044778,0.0312689,0.0263511,0.020852,0.0158232
9.415,0.266134,0.121167,0.0901411,0.0709246,0.0433404,0.044778,0.0312689,0.0263511,0.020852,0.0158232
9.42,0.266134,0.121167,0.0901411,0.0709246,0.0433404,0.044778,0.0312689,0.0263511,0.020852,0.0158232
9.425,0.266134,0.121167,0.0901411,0.0709246,0.0433404,0.044778,0.0312689,0.0263511,0.020852,0.0158232
9.43,0.266134,0.121167,0.0901411,0.0709246,0.0433404,0.044778,0.0312689,0.0263511,0.020852,0.0158232
9.435,0.266134,0.121167,0.0901411,0.0709246,0.0433404,0.044778,0.0312689,0.0263511,0.020852,0.0158232
9.44,0.266134,0.121167,0.0901411,0.0709246,0.0433404,0.044778,0.0312689,0.0263511,0.020852,0.0158232
9.445,0.266134,0.121167,0.0901411,0.0709246,0.0433404,0.044778,0.0312689,0.0263511,0.020852,0.0158232
9.45,0.266134,0.121167,0.0901411,0.0709246,0.0433404,0.044778,0.0312689,0.0263511,0.020852,0.0158232
9.455,0.266134,0.121167,0.0901411,0.0709246,0.0433404,0.044778,0.0312689,0.0263511,0.020852,0.0158232
9.46,0.266134,0.121167,0.0901411,0.0709246,0.0433404,0.044778,0.0312689,0.0263511,0.020852,0.0158232
9.465,0.266134,0.121167,0.0901411,0.0709246,0.0433404,0.044778,0.0312689,0.0263511,0.020852,0.0158232
9.47,0.266134,0.121167,0.0901411,0.0709246,0.0433404,0.044778,0.0312689,0.0263511,0.020852,0.0158232
9.475,0.266134,0.121167,0.0901411,0.0709246,0.0433404,0.044778,0.0312689,0.0263511,0.020852,0.0158232
9.48,0.266134,0.121167,0.0901411,0.0709246,0.0433404,0.044778,0.031269,0.0263511,0.020852,0.0158232
9.485,0.266134,0.121167,0.0901411,0.0709246,0.0433404,0.044778,0.031269,0.0263511,0.020852,0.0158232
9.49,0.266134,0.121167,0.0901411,0.0709246,0.0433404,0.044778,0.031269,0.0263511,0.020852,0.0158232
9.495,0.266134,0.121167,0.0901411,0.0709246,0.0433404,0.044778,0.031269,0.0263511,0.020852,0.0158232
9.5,0.266134,0.121167,0.0901411,0.0709246,0.0433404,0.044778,0.031269,0.0263511,0.020852,0.0158232
9.505,0.266134,0.121167,0.0901411,0.0709246,0.0433404,0.044778,0.031269,0.0263511,0.020852,0.0158232
9.51,0.266134,0.121167,0.0901411,0.0709246,0.0433404,0.044778,0.031269,0.0263511,0.020852,0.0158232
9.515,0.266134,0.121167,0.0901411,0.0709246,0.0433404,0.044778,0.031269,0.0263511,0.020852,0.0158232
9.52,0.266134,0.121167,0.0901411,0.0709246,0.0433404,0.044778,0.031269,0.0263511,0.020852,0.0158232
9.525,0.266134,0.121167,0.0901411,0.0709246,0.0433404,0.044778,0.031269,0.0263511,0.020852,0.0158232
9.53,0.266134,0.121167,0.0901411,0.0709246,0.0433404,0.044778,0.031269,0.0263511,0.020852,0.0158232
9.535,0.266134,0.121167,0.0901411,0.0709246,0.0433404,0.044778,0.031269,0.0263511,0.020852,0.0158232
9.54,0.266134,0.121167,0.0901411,0.0709246,0.0433404,0.044778,0.031269,0.0263511,0.020852,0.0158232
9.545,0.266134,0.121167,0.0901411,0.0709246,0.0433404,0.044778,0.031269,0.0263511,0.020852,0.0158232
9.55,0.266134,0.121167,0.0901411,0.0709246,0.0433404,0.044778,0.031269,0.0263511,0.020852,0.0158232
9.555,0.266134,0.121167,0.0901411,0.0709246,0.0433404,0.044778,0.031269,0.0263511,0.020852,0.0158232
9.56,0.266134,0.121167,0.0901411,0.0709246,0.0433404,0.044778,0.031269,0.0263511,0.020852,0.0158232
9.565,0.266134,0.121167,0.0901411,0.0709246,0.0433404,0.044778,0.031269,0.0263511,0.020852,0.0158232
9.57,0.266134,0.121167,0.0901411,0.0709246,0.0433404,0.044778,0.031269,0.0263511,0.020852,0.0158232
9.575,0.266134,0.121167,0.0901411,0.0709246,0.0433404,0.044778,0.031269,0.0263511,0.020852,0.0158232
9.58,0.266134,0.121167,0.0901411,0.0709246,0.0433404,0.044778,0.031269,0.0263511,0.020852,0.0158232
9.585,0.266134,0.121167,0.0901411,0.0709246,0.0433404,0.044778,0.031269,0.0263511,0.020852,0.0158232
9.59,0.266134,0.121167,0.0901411,0.0709246,0.0433404,0.044778,0.031269,0.0263511,0.020852,0.0158232
9.595,0.266134,0.121167,0.0901411,0.0709246,0.0433404,0.044778,0.031269,0.0263511,0.020852,0.0158232
9.6,0.266134,0.121167,0.0901411,0.0709246,0.0433404,0.044778,0.031269,0.0263511,0.020852,0.0158232
9.605,0.266134,0.121167,0.0901411,0.0709246,0.0433404,0.044778,0.031269,0.0263511,0.020852,0.0158232
9.61,0.266134,0.121167,0.0901411,0.0709246,0.0433404,0.044778,0.031269,0.0263511,0.020852,0.0158232
9.615,0.266134,0.121167,0.0901411,0.0709246,0.0433404,0.044778,0.031269,0.0263511,0.020852,0.0158232
9.62,0.266134,0.121167,0.0901411,0.0709246,0.0433404,0.044778,0.031269,0.0263511,0.020852,0.0158232
9.625,0.266134,0.121167,0.0901411,0.0709246,0.0433404,0.044778,0.031269,0.0263511,0.020852,0.0158232
9.63,0.266134,0.121167,0.0901411,0.0709247,0.0433404,0.044778,0.031269,0.0263511,0.020852,0.0158232
9.635,0.266134,0.121167,0.0901411,0.0709247,0.0433404,0.044778,0.031269,0.0263511,0.020852,0.0158232
9.64,0.266134,0.121167,0.0901411,0.0709247,0.0433404,0.044778,0.031269,0.0263511,0.020852,0.0158232
9.645,0.266134,0.121167,0.0901411,0.0709247,0.0433404,0.044778,0.031269,0.0263511,0.020852,0.0158232
9.65,0.266134,0.121167,0.0901411,0.0709247,0.0433404,0.044778,0.031269,0.0263511,0.020852,0.0158232
9.655,0.266134,0.121167,0.0901411,0.0709247,0.0433404,0.044778,0.031269,0.0263511,0.020852,0.0158232
9.66,0.266134,0.121167,0.0901411,0.0709247,0.0433404,0.044778,0.031269,0.0263511,0.020852,0.0158232
9.665,0.266134,0.121167,0.0901411,0.0709247,0.0433404,0.044778,0.031269,0.0263511,0.020852,0.0158232
9.67,0.266134,0.121167,0.0901411,0.0709247,0.0433404,0.044778,0.031269,0.0263511,0.020852,0.0158232
9.675,0.266134,0.121167,0.0901411,0.0709247,0.0433404,0.044778,0.031269,0.0263511,0.020852,0.0158232
9.68,0.266134,0.121167,0.0901411,0.0709247,0.0433404,0.044778,0.031269,0.0263511,0.020852,0.0158232
9.685,0.266134,0.121167,0.0901411,0.0709247,0.0433404,0.044778,0.031269,0.0263511,0.020852,0.0158232
9.69,0.266134,0.121167,0.0901411,0.0709247,0.0433404,0.044778,0.031269,0.0263511,0.020852,0.0158232
9.695,0.266134,0.121167,0.0901411,0.0709247,0.0433404,0.044778,0.031269,0.0263511,0.020852,0.0158232
9.7,0.266134,0.121167,0.0901411,0.0709247,0.0433404,0.044778,0.031269,0.0263511,0.020852,0.0158232
9.705,0.266134,0.121167,0.0901411,0.0709247,0.0433404,0.044778,0.031269,0.0263511,0.020852,0.0158232
9.71,0.266134,0.121167,0.0901411,0.0709247,0.0433404,0.044778,0.031269,0.0263511,0.020852,0.0158232
9.715,0.266134,0.121167,0.0901411,0.0709247,0.0433404,0.044778,0.031269,0.0263511,0.020852,0.0158232
9.72,0.266134,0.121167,0.0901411,0.0709247,0.0433404,0.044778,0.031269,0.0263511,0.020852,0.0158232
9.725,0.266134,0.121167,0.0901412,0.0709247,0.0433404,0.044778,0.031269,0.0263511,0.020852,0.0158232
9.73,0.266134,0.121167,0.0901412,0.0709247,0.0433404,0.044778,0.031269,0.0263511,0.020852,0.0158232
9.735,0.266134,0.121167,0.0901412,0.0709247,0.0433404,0.044778,0.031269,0.0263511,0.020852,0.0158232
9.74,0.266134,0.121167,0.0901412,0.0709247,0.0433404,0.044778,0.031269,0.0263511,0.020852,0.0158232
9.745,0.266134,0.121167,0.0901412,0.0709247,0.0433404,0.044778,0.031269,0.0263511,0.020852,0.0158232
9.75,0.266134,0.121167,0.0901412,0.0709247,0.0433404,0.044778,0.031269,0.0263511,0.020852,0.0158232
9.755,0.266134,0.121167,0.0901412,0.0709247,0.0433404,0.044778,0.031269,0.0263511,0.020852,0.0158232
9.76,0.266134,0.121167,0.0901412,0.0709247,0.0433404,0.044778,0.031269,0.0263511,0.0208521,0.0158232
9.765,0.266134,0.121167,0.0901412,0.0709247,0.0433404,0.044778,0.031269,0.0263511,0.0208521,0.0158232
9.77,0.266134,0.121167,0.0901412,0.0709247,0.0433404,0.044778,0.031269,0.0263511,0.0208521,0.0158232
9.775,0.266134,0.121167,0.0901412,0.0709247,0.0433404,0.044778,0.031269,0.0263511,0.0208521,0.0158232
9.78,0.266134,0.121167,0.0901412,0.0709247,0.0433404,0.044778,0.031269,0.0263511,0.0208521,0.0158232
9.785,0.266134,0.121167,0.0901412,0.0709247,0.0433404,0.044778,0.031269,0.0263511,0.0208521,0.0158232
9.79,0.266134,0.121167,0.0901412,0.0709247,0.0433404,0.044778,0.031269,0.0263511,0.0208521,0.0158232
9.795,0.266134,0.121167,0.0901412,0.0709247,0.0433404,0.044778,0.031269,0.0263511,0.0208521,0.0158232
9.8,0.266134,0.121167,0.0901412,0.0709247,0.0433404,0.044778,0.031269,0.0263511,0.0208521,0.0158232
9.805,0.266135,0.121167,0.0901412,0.0709247,0.0433404,0.044778,0.031269,0.0263511,0.0208521,0.0158232
9.81,0.266135,0.121167,0.0901412,0.0709247,0.0433404,0.044778,0.031269,0.0263511,0.0208521,0.0158232
9.815,0.266135,0.121167,0.0901412,0.0709247,0.0433404,0.044778,0.031269,0.0263511,0.0208521,0.0158232
9.82,0.266135,0.121167,0.0901412,0.0709247,0.0433404,0.044778,0.031269,0.0263511,0.0208521,0.0158232
9.825,0.266135,0.121167,0.0901412,0.0709247,0.0433404,0.044778,0.031269,0.0263511,0.0208521,0.0158232
9.83,0.266135,0.121167,0.0901412,0.0709247,0.0433404,0.044778,0.031269,0.0263511,0.0208521,0.0158232
9.835,0.266135,0.121167,0.0901412,0.0709247,0.0433404,0.044778,0.031269,0.0263511,0.0208521,0.0158232
9.84,0.266135,0.121167,0.0901412,0.0709247,0.0433404,0.044778,0.031269,0.0263511,0.0208521,0.0158232
9.845,0.266135,0.121167,0.0901412,0.0709247,0.0433404,0.044778,0.031269,0.0263511,0.0208521,0.0158232
9.85,0.266135,0.121167,0.0901412,0.0709247,0.0433404,0.044778,0.031269,0.0263511,0.0208521,0.0158232
9.855,0.266135,0.121167,0.0901412,0.0709247,0.0433405,0.044778,0.031269,0.0263511,0.0208521,0.0158232
9.86,0.266135,0.121167,0.0901412,0.0709247,0.0433405,0.044778,0.031269,0.0263511,0.0208521,0.0158232
9.865,0.266135,0.121167,0.0901412,0.0709247,0.0433405,0.044778,0.031269,0.0263511,0.0208521,0.0158232
9.87,0.266135,0.121167,0.0901412,0.0709247,0.0433405,0.044778,0.031269,0.0263511,0.0208521,0.0158232
9.875,0.266135,0.121167,0.0901412,0.0709247,0.0433405,0.044778,0.031269,0.0263511,0.0208521,0.0158232
9.88,0.266135,0.121167,0.0901412,0.0709247,0.0433405,0.044778,0.031269,0.0263511,0.0208521,0.0158232
9.885,0.266135,0.121167,0.0901412,0.0709247,0.0433405,0.044778,0.031269,0.0263511,0.0208521,0.0158232
9.89,0.266135,0.121167,0.0901412,0.0709247,0.0433405,0.044778,0.031269,0.0263511,0.0208521,0.0158232
9.895,0.266135,0.121167,0.0901412,0.0709247,0.0433405,0.044778,0.031269,0.0263511,0.0208521,0.0158232
9.9,0.266135,0.121167,0.0901412,0.0709247,0.0433405,0.044778,0.031269,0.0263511,0.0208521,0.0158232
9.905,0.266135,0.121167,0.0901412,0.0709247,0.0433405,0.044778,0.031269,0.0263511,0.0208521,0.0158232
9.91,0.266135,0.121167,0.0901412,0.0709247,0.0433405,0.044778,0.031269,0.0263511,0.0208521,0.0158232
9.915,0.266135,0.121167,0.0901412,0.0709247,0.0433405,0.044778,0.031269,0.0263511,0.0208521,0.0158232
9.92,0.266135,0.121167,0.0901412,0.0709247,0.0433405,0.044778,0.031269,0.0263511,0.0208521,0.0158232
9.925,0.266135,0.121167,0.0901412,0.0709247,0.0433405,0.044778,0.031269,0.0263511,0.0208521,0.0158232
9.93,0.266135,0.121167,0.0901412,0.0709247,0.0433405,0.044778,0.031269,0.0263511,0.0208521,0.0158232
9.935,0.266135,0.121167,0.0901412,0.0709247,0.0433405,0.044778,0.031269,0.0263511,0.0208521,0.0158232
9.94,0.266135,0.121167,0.0901412,0.0709247,0.0433405,0.044778,0.031269,0.0263511,0.0208521,0.0158232
9.945,0.266135,0.121167,0.0901412,0.0709247,0.0433405,0.044778,0.031269,0.0263511,0.0208521,0.0158232
9.95,0.266135,0.121167,0.0901412,0.0709247,0.0433405,0.044778,0.031269,0.0263511,0.0208521,0.0158232
9.955,0.266135,0.121167,0.0901412,0.0709247,0.0433405,0.044778,0.031269,0.0263511,0.0208521,0.0158232
9.96,0.266135,0.121167,0.0901412,0.0709247,0.0433405,0.044778,0.031269,0.0263511,0.0208521,0.0158232
9.965,0.266135,0.121167,0.0901412,0.0709247,0.0433405,0.044778,0.031269,0.0263511,0.0208521,0.0158232
9.97,0.266135,0.121167,0.0901412,0.0709247,0.0433405,0.044778,0.031269,0.0263511,0.0208521,0.0158232
9.975,0.266135,0.121167,0.0901412,0.0709247,0.0433405,0.044778,0.031269,0.0263511,0.0208521,0.0158232
9.98,0.266135,0.121167,0.0901412,0.0709247,0.0433405,0.044778,0.031269,0.0263511,0.0208521,0.0158232
9.985,0.266135,0.121167,0.0901412,0.0709247,0.0433405,0.044778,0.031269,0.0263511,0.0208521,0.0158232
9.99,0.266135,0.121167,0.0901412,0.0709247,0.0433405,0.044778,0.031269,0.0263511,0.0208521,0.0158232
9.995,0.266135,0.121167,0.0901412,0.0709247,0.0433405,0.044778,0.031269,0.0263511,0.0208521,0.0158232
10,0.266135,0.121167,0.0901412,0.0709247,0.0433405,0.044778,0.031269,0.0263511,0.0208521,0.0158232
